Time working: 0m 5s 231ms
Vertex 0: 0 2 2 3 2 3 3 2 3 3 3 3 3 3 2 3 3 2 3 3 3 3 2 2 4 3 2 2 3 4 3 3 3 3 3 3 4 3 3 1 3 3 3 4 3 1 2 3 3 3 3 2 3 3 3 3 3 3 2 3 3 3 3 3 2 3 2 3 3 3 3 1 3 3 3 4 3 3 3 2 4 3 2 3 2 3 2 4 2 3 1 3 4 3 3 3 3 3 3 3 3 4 2 2 3 3 3 3 3 4 3 2 3 3 3 3 3 3 3 3 3 4 4 3 3 4 4 3 4 4 4 3 4 3 2 4 3 3 3 3 3 3 3 2 3 2 3 3 4 3 3 2 2 3 3 3 3 3 3 3 4 3 3 3 2 2 3 3 2 3 3 3 2 3 3 3 3 2 2 2 3 3 3 3 3 3 3 3 4 3 4 4 3 3 2 3 3 3 3 2 2 4 2 4 2 3 3 3 3 2 3 4 3 3 3 2 3 3 3 2 3 3 2 3 2 3 2 1 3 3 3 2 3 3 3 2 3 3 3 3 4 2 3 3 3 3 3 3 3 2 3 3 3 2 3 3 3 3 3 2 3 3 3 3 2 2 3 2 2 3 3 3 3 2 2 2 3 3 3 3 3 3 4 3 3 3 2 3 3 3 3 3 4 3 3 2 3 3 3 4 3 2 3 3 4 4 3 3 2 3 4 2 3 3 3 3 3 4 2 3 3 2 2 3 3 3 2 3 3 4 4 2 3 3 3 3 3 3 3 3 2 3 2 3 2 3 1 1 3 2 3 3 3 3 4 3 2 2 3 3 4 3 3 3 3 4 3 3 1 3 3 2 3 3 3 1 2 3 3 3 3 1 3 3 4 3 2 3 2 3 3 3 3 3 3 2 2 3 3 2 3 2 3 3 3 3 4 3 4 2 3 3 3 3 2 3 3 3 3 3 3 3 2 3 2 3 2 3 3 3 3 3 3 3 3 2 3 3 4 2 3 3 3 3 3 3 3 3 3 3 3 3 3 3 3 2 3 2 3 3 3 3 2 1 4 3 2 3 3 2 3 3 3 3 3 2 3 3 2 3 3 3 3 3 3 3 3 4 4 4 3 3 3 3 3 3 3 3 3 3 
Vertex 1: 2 0 4 2 3 2 4 2 3 3 3 3 3 3 2 2 1 3 3 3 2 3 3 3 4 3 4 2 3 3 1 2 3 2 2 3 3 3 1 1 3 3 3 3 3 2 2 3 3 3 3 1 3 4 3 3 3 3 2 2 2 3 3 3 2 2 3 3 2 3 3 3 3 3 2 4 3 2 3 3 3 3 3 3 3 3 3 2 3 2 3 2 3 3 3 3 3 3 3 3 3 3 2 3 3 2 4 3 3 2 3 3 3 3 2 3 3 3 3 3 3 3 3 4 4 2 3 3 3 3 3 3 4 3 3 3 3 2 3 4 3 2 3 4 3 3 3 3 2 3 3 3 3 3 3 3 2 3 2 1 3 3 3 2 3 2 3 3 3 4 3 3 3 4 3 3 3 3 2 3 2 3 2 3 3 2 3 3 3 2 2 3 3 3 2 3 2 3 4 3 3 3 3 2 2 3 3 2 4 3 2 3 3 3 3 3 2 3 4 3 3 3 3 3 2 2 2 3 3 3 3 3 3 3 3 3 3 2 3 3 4 3 2 3 1 3 1 2 2 4 3 3 3 3 2 3 2 2 3 3 3 4 3 3 3 3 3 3 2 2 3 2 2 3 3 3 3 2 3 3 3 3 3 2 3 3 3 3 3 2 2 3 3 3 3 3 4 3 3 3 3 2 4 3 3 3 3 2 3 3 4 3 3 3 3 3 3 3 3 3 3 2 3 3 2 2 3 2 3 3 3 2 4 2 3 2 3 3 3 3 3 3 2 2 3 2 2 2 2 2 2 3 3 3 3 3 3 2 3 3 3 3 2 4 3 3 3 3 3 3 2 3 3 3 3 2 1 2 3 3 3 3 3 3 4 3 3 3 3 3 2 3 3 2 3 3 3 2 3 2 3 2 3 4 3 4 3 2 2 2 3 3 4 3 3 3 2 2 2 3 3 2 1 3 2 3 3 3 3 3 3 3 2 3 3 3 3 3 3 3 3 3 3 3 3 3 2 3 2 3 3 2 3 3 3 3 1 3 3 3 3 3 4 3 3 2 3 3 3 2 3 3 4 3 3 3 2 3 1 2 3 3 3 3 4 2 3 3 3 4 3 3 3 3 2 3 3 3 2 2 
Vertex 2: 2 4 0 2 3 2 3 3 2 2 3 3 3 3 2 2 3 3 3 2 4 3 3 3 2 3 3 3 3 3 4 3 3 3 2 3 3 3 3 3 3 3 1 3 3 2 3 2 3 2 2 3 3 2 1 3 2 3 3 2 3 3 4 4 3 3 3 2 3 2 3 3 4 2 3 3 3 3 3 3 3 3 3 3 2 3 2 3 3 2 3 3 3 3 2 3 4 3 3 2 3 3 3 3 3 2 3 3 3 4 3 3 3 2 3 2 3 1 1 4 3 4 2 3 3 2 2 3 3 3 2 3 3 3 2 3 3 2 3 2 3 3 2 2 3 1 3 3 3 3 3 3 2 2 4 3 3 2 3 3 4 2 3 2 3 3 2 3 2 3 3 3 3 3 2 2 3 3 2 3 3 2 3 3 3 2 3 2 3 3 2 3 3 3 3 3 3 3 2 3 3 3 2 2 2 3 3 3 2 3 3 3 2 2 1 2 3 2 3 3 3 3 3 3 3 3 2 2 3 2 3 3 3 2 3 2 3 3 2 1 2 3 2 3 3 2 3 3 2 3 2 2 3 2 3 3 3 2 2 2 2 3 2 2 3 3 2 2 3 3 3 3 4 3 3 3 2 3 3 3 3 3 3 3 2 3 1 3 3 3 3 3 2 3 3 3 2 3 2 3 2 3 3 3 3 2 3 3 2 3 2 2 3 3 1 3 2 4 3 2 2 3 3 3 3 2 3 3 3 3 3 3 2 3 3 3 2 3 2 3 3 2 3 3 3 2 2 2 3 3 3 3 2 1 3 3 2 3 3 3 3 3 2 3 3 2 3 3 1 3 3 3 3 3 3 3 3 2 3 2 2 3 3 3 3 3 3 3 3 3 4 2 3 3 3 3 4 3 3 2 3 4 3 3 2 3 3 3 3 2 2 3 3 3 3 3 2 2 2 3 3 2 3 3 3 3 2 4 3 2 3 3 3 3 3 3 3 3 3 2 3 2 3 3 3 2 2 3 3 2 2 3 3 3 3 3 3 3 3 3 3 3 3 3 3 3 3 3 2 3 3 3 3 4 3 2 2 3 3 4 2 2 2 2 3 3 3 3 3 3 3 3 3 2 3 2 1 3 3 3 
Vertex 3: 3 2 2 0 2 2 3 2 2 3 3 3 3 1 3 3 1 2 3 3 3 4 2 3 3 2 3 2 2 2 3 3 2 2 2 3 3 3 3 3 2 2 3 3 2 2 2 3 3 2 3 3 3 3 3 3 3 3 2 2 2 2 2 3 3 3 3 3 3 3 3 3 2 3 3 3 3 3 3 3 3 3 2 3 3 3 3 2 3 3 2 4 3 4 2 3 3 3 2 3 3 2 3 2 3 3 3 2 3 3 3 3 3 2 2 2 3 2 3 3 2 3 3 2 4 3 3 3 1 3 3 2 3 3 2 3 3 2 2 2 3 3 3 3 4 3 2 3 3 2 3 3 3 3 3 3 3 3 3 3 4 3 2 3 2 2 2 1 3 3 2 3 3 3 3 3 3 3 3 3 3 2 3 4 2 3 2 3 3 4 3 2 2 3 3 3 3 2 3 3 2 3 3 2 4 3 3 3 3 2 3 3 2 2 2 3 2 1 4 3 3 3 3 3 3 2 4 3 3 3 3 3 3 2 2 3 3 2 3 3 3 3 3 3 3 3 3 3 3 3 3 2 2 3 3 3 3 3 3 3 2 3 3 2 2 2 3 1 2 2 3 2 3 3 3 3 3 2 3 2 3 3 3 3 2 2 3 3 2 3 3 3 2 3 3 3 3 2 3 3 3 3 3 2 3 3 3 1 2 3 3 3 3 3 1 3 2 3 3 3 3 3 3 3 3 3 3 3 2 3 3 2 3 3 3 3 3 2 3 1 2 3 3 3 2 3 3 3 3 2 3 3 3 3 3 3 2 3 3 3 3 3 3 3 2 3 3 3 3 3 3 3 3 2 3 3 3 3 3 3 3 2 3 3 2 3 3 3 2 3 3 3 2 3 3 3 3 2 2 2 2 3 3 3 3 3 2 3 4 3 2 3 3 3 3 2 2 3 3 3 3 2 3 2 3 3 3 3 3 3 1 3 2 3 4 1 2 3 2 3 1 2 3 3 3 3 2 3 3 2 3 3 3 3 3 3 2 3 3 1 3 3 2 2 3 3 3 3 2 3 3 3 3 3 2 2 3 3 3 3 4 4 2 3 2 2 3 3 3 4 3 3 2 3 3 3 2 3 2 2 
Vertex 4: 2 3 3 2 0 3 2 3 3 3 3 3 2 3 2 3 2 3 3 3 3 3 3 2 4 2 3 3 3 4 3 2 3 3 3 3 3 2 3 3 3 3 2 2 2 3 2 2 3 2 3 3 3 1 2 3 3 3 2 3 3 1 3 3 3 3 3 3 2 3 2 3 2 3 3 3 3 3 3 2 3 2 2 3 3 3 2 2 3 4 2 4 3 3 2 2 3 2 3 3 2 3 2 2 2 3 3 2 3 2 2 3 2 3 3 2 3 3 3 3 3 3 3 3 3 3 3 3 2 3 2 2 3 3 2 3 3 3 3 3 3 3 3 3 2 3 2 3 3 3 3 2 2 3 3 3 3 2 3 2 3 2 3 2 2 2 3 3 2 1 2 2 2 3 3 3 3 3 3 2 3 3 3 3 2 2 2 2 3 3 3 2 2 3 3 2 3 3 3 3 2 2 3 2 3 3 3 3 3 3 3 3 3 2 3 2 2 3 3 3 3 4 3 3 2 3 3 3 3 3 2 2 3 3 3 2 2 3 3 2 3 2 3 2 3 3 2 3 1 2 3 2 3 3 3 2 3 3 2 3 2 2 2 3 2 2 3 2 2 3 3 3 2 3 3 3 3 3 2 1 2 3 3 3 3 3 3 3 3 3 3 3 2 3 3 3 3 3 2 3 2 3 3 2 3 3 3 3 3 3 3 3 2 3 2 3 2 3 3 2 3 2 3 3 3 3 3 3 2 3 3 3 3 3 3 3 3 2 2 3 3 4 3 2 2 2 1 3 3 2 1 3 2 3 3 2 3 3 3 3 3 3 3 3 2 3 3 3 2 2 2 3 3 3 3 3 2 2 3 3 3 3 3 2 3 2 3 2 2 3 2 2 3 3 3 2 4 3 3 2 2 3 1 3 3 3 2 3 3 3 2 3 3 2 3 3 2 3 3 3 3 3 3 2 3 2 3 3 3 3 1 2 3 3 3 2 3 3 3 2 3 3 2 3 3 2 2 3 3 2 3 3 3 3 2 2 3 3 3 1 3 3 3 3 3 1 3 3 3 3 3 3 1 2 2 3 3 2 3 3 2 3 1 3 2 3 3 3 3 3 3 3 2 3 3 3 3 3 1 1 
Vertex 5: 3 2 2 2 3 0 3 3 3 2 3 3 3 3 2 3 3 2 2 3 3 3 2 2 3 3 3 1 3 3 3 3 2 2 3 3 2 3 3 2 3 3 3 3 3 2 3 3 3 2 3 3 3 3 3 3 3 3 3 2 2 3 4 3 3 3 3 2 3 3 3 3 3 2 2 3 3 3 2 3 3 3 3 3 3 2 3 3 3 1 3 3 2 3 2 3 3 3 2 2 2 3 2 3 3 3 3 3 2 3 3 3 2 3 3 2 3 3 3 3 3 3 3 3 3 3 3 3 3 3 3 2 3 3 3 3 3 3 2 2 3 2 2 4 3 3 3 3 3 2 3 2 3 4 3 3 3 3 3 3 4 3 2 3 3 3 1 3 3 3 2 3 3 3 3 3 4 2 2 2 2 2 3 3 2 3 3 3 3 3 4 2 3 3 3 3 3 3 3 3 3 3 3 2 3 2 3 3 3 3 2 3 3 2 3 3 2 3 3 3 3 3 2 2 3 2 3 3 3 2 3 3 3 2 2 3 4 3 3 3 3 2 3 2 1 3 3 3 3 3 2 2 2 3 3 1 3 3 3 3 4 3 3 2 3 3 2 2 3 2 3 3 2 3 3 3 2 3 3 3 3 2 3 2 2 2 1 2 3 2 3 1 2 3 2 2 2 3 3 2 4 3 2 3 3 3 3 3 2 3 3 4 3 3 1 3 2 3 3 3 3 3 3 3 2 3 3 3 2 3 3 3 3 2 3 3 2 3 2 3 3 3 3 3 3 2 3 3 3 3 3 3 3 2 1 3 3 3 2 2 2 2 3 2 3 3 3 3 3 2 2 2 3 3 3 3 2 2 3 3 3 3 2 3 4 1 3 3 3 3 3 3 2 3 3 2 4 4 2 3 3 2 2 3 3 2 4 3 4 2 2 3 3 4 3 3 3 2 3 3 3 3 2 3 3 3 3 3 3 4 3 3 2 3 3 3 3 4 3 3 1 3 3 3 3 3 3 3 3 2 3 2 3 3 4 3 3 3 3 3 3 3 3 2 2 4 3 3 2 1 3 3 3 3 3 2 3 4 2 2 3 3 2 3 2 2 3 2 2 3 3 3 2 2 3 3 2 3 3 2 
Vertex 6: 3 4 3 3 2 3 0 3 3 3 3 3 4 2 4 3 4 1 3 3 2 4 3 3 3 3 4 4 3 4 4 3 3 4 3 3 3 4 4 3 3 3 3 4 4 4 3 3 3 2 4 3 3 1 2 3 3 4 3 3 3 3 2 4 3 2 4 2 4 3 4 3 3 3 3 4 3 2 4 4 2 4 3 4 4 4 3 3 3 3 4 3 3 4 1 2 3 3 3 4 3 3 3 3 3 4 4 3 3 3 4 3 4 3 4 3 3 4 3 3 3 3 4 4 4 4 3 3 3 3 4 4 2 4 4 3 2 4 4 3 4 2 3 4 4 3 3 4 4 4 3 3 4 4 3 4 3 3 2 4 4 4 3 2 3 3 4 4 3 3 3 3 3 2 3 3 4 3 3 3 3 3 4 3 2 3 3 4 4 4 4 3 4 3 3 4 4 2 3 3 4 4 3 3 4 3 2 3 3 3 4 4 4 4 3 3 4 4 3 2 3 4 2 4 3 2 2 2 3 4 3 3 3 3 3 3 3 3 3 3 4 4 2 3 3 3 3 4 3 3 3 3 4 3 3 3 4 3 2 2 3 3 3 2 3 3 3 4 3 4 3 4 4 3 4 3 3 3 4 3 4 3 3 3 3 3 4 4 4 3 4 3 4 3 3 3 4 3 4 3 4 3 4 3 4 2 3 4 3 3 4 3 3 3 3 3 2 4 3 3 4 3 3 3 3 4 3 4 1 4 4 3 4 4 2 4 3 3 4 4 4 4 4 4 3 3 3 3 4 4 3 3 3 2 4 3 3 3 4 3 3 3 3 4 4 4 3 4 3 4 4 4 4 3 4 3 3 3 4 3 4 3 3 2 4 3 2 2 3 3 3 3 3 4 4 4 3 3 3 2 4 4 3 4 3 4 4 3 4 4 3 3 3 3 3 4 3 2 4 3 4 3 3 4 2 2 3 2 3 3 2 3 3 3 4 3 3 1 3 3 3 4 3 4 4 3 3 3 4 4 3 4 3 4 4 3 3 3 3 3 3 3 3 4 3 3 3 4 3 2 4 3 3 4 3 4 4 4 3 4 2 3 3 3 3 3 4 3 3 4 4 4 3 3 3 4 4 4 3 3 
Vertex 7: 2 2 3 2 3 3 3 0 3 3 3 3 3 3 3 3 2 3 4 3 3 4 3 2 3 3 3 3 4 4 2 1 3 2 3 3 3 3 3 3 3 3 3 3 2 3 3 4 3 3 3 2 3 3 3 3 3 3 3 3 2 3 3 3 3 3 2 4 3 4 3 3 3 3 2 3 4 3 3 2 3 3 3 3 2 3 2 4 3 3 3 3 2 3 4 3 3 3 3 3 3 2 3 3 2 4 3 2 2 2 3 4 3 3 3 2 3 3 3 3 3 3 2 3 4 3 3 3 3 2 3 3 4 3 3 2 2 3 3 3 3 3 3 3 4 3 4 2 2 3 4 4 3 2 3 3 2 3 3 3 4 4 3 2 3 2 3 3 3 3 3 3 3 4 3 3 4 2 3 3 2 3 2 3 2 3 3 3 3 3 2 3 2 1 2 3 3 3 2 3 3 4 3 3 3 3 3 3 3 2 3 4 3 3 2 2 3 3 4 3 2 4 3 3 3 3 3 3 3 2 3 4 2 3 3 3 3 3 2 3 4 2 3 3 3 3 3 3 3 3 3 3 3 4 3 3 3 2 3 2 3 3 2 3 3 3 2 3 2 3 3 2 3 3 3 4 3 3 3 3 2 3 3 3 3 3 3 3 2 3 3 3 3 2 3 3 3 2 3 2 3 3 3 3 3 3 3 2 1 3 3 2 3 3 2 2 3 3 2 2 3 2 2 3 3 3 3 2 3 3 4 2 4 3 1 4 3 3 3 3 3 1 3 3 2 3 3 2 3 3 4 3 3 3 2 3 3 3 3 3 3 3 4 3 3 3 3 3 3 3 3 3 3 2 3 1 3 3 3 3 2 3 3 3 3 3 3 3 2 2 4 3 3 3 3 2 2 3 3 3 1 4 2 3 3 3 3 3 4 3 3 3 3 3 3 2 3 4 3 3 3 3 3 3 3 2 3 3 2 3 3 4 1 3 3 3 3 3 4 3 3 3 4 2 2 3 3 3 4 3 4 2 3 4 4 2 1 3 3 3 3 3 3 3 3 3 3 3 2 3 3 3 3 3 4 2 3 3 3 3 4 3 3 3 3 3 3 2 3 3 2 3 4 3 3 3 3 3 3 2 
Vertex 8: 3 3 2 2 3 3 3 3 0 4 3 2 3 3 3 3 3 2 3 2 3 3 2 3 4 3 4 3 3 3 3 4 3 3 3 3 3 2 3 3 2 3 3 3 4 3 3 4 3 2 3 3 3 3 3 3 2 3 2 3 2 2 2 3 3 3 3 2 3 2 3 2 4 4 4 4 3 2 1 3 4 3 3 3 3 3 3 3 3 2 3 3 3 3 3 3 4 4 3 3 3 2 3 3 3 3 3 3 3 2 3 3 2 3 3 3 3 3 3 2 3 4 2 3 2 3 3 3 1 4 2 3 4 3 3 4 2 3 3 3 3 3 3 3 4 1 3 3 3 3 3 3 3 3 3 3 2 3 4 3 4 3 3 2 2 3 3 2 2 3 3 3 3 1 3 3 3 3 3 3 3 3 3 3 3 4 1 2 3 4 3 3 3 2 2 3 3 2 3 3 3 4 3 3 3 3 2 3 3 3 4 4 3 3 3 3 3 3 3 3 3 4 4 3 3 3 4 2 4 3 3 3 3 3 2 3 2 3 4 3 3 4 3 4 4 2 3 3 3 2 3 2 3 3 3 3 4 3 3 3 3 2 2 3 1 3 3 2 4 3 3 2 3 3 2 3 3 3 4 3 3 3 3 2 4 2 3 3 3 3 2 2 3 3 3 3 3 1 3 3 2 2 4 2 4 3 3 2 3 3 4 3 3 3 3 3 3 4 3 3 3 3 3 4 3 4 3 3 3 2 3 3 2 2 3 3 3 3 3 3 3 3 3 3 4 3 3 2 4 3 4 3 3 3 3 4 2 3 2 2 4 4 2 2 2 4 3 3 3 2 3 2 3 1 3 3 3 3 3 4 3 3 3 3 3 3 3 3 3 3 2 3 3 4 3 3 3 2 3 3 3 3 3 3 2 4 3 3 3 2 3 3 3 3 3 3 3 3 4 4 3 3 3 4 2 3 3 3 3 3 2 3 2 4 3 2 4 3 3 3 3 3 3 3 2 3 3 3 2 3 3 3 3 4 1 3 2 3 3 3 3 3 3 3 3 4 3 4 3 3 3 3 2 3 3 3 2 3 3 2 2 3 3 3 3 2 3 3 3 3 3 2 3 3 3 3 3 3 3 3 
Vertex 9: 3 3 2 3 3 2 3 3 4 0 3 3 3 3 3 3 4 3 2 3 4 3 3 3 3 3 4 3 3 3 3 2 3 3 3 4 4 4 4 2 3 3 2 3 3 3 3 3 4 3 4 3 4 2 1 3 2 2 3 3 3 3 3 3 1 3 3 4 3 4 3 3 2 2 3 4 3 4 4 3 3 3 3 3 2 2 4 3 3 3 2 3 2 4 3 4 3 3 3 3 2 3 3 3 2 3 1 4 3 3 3 3 3 3 3 3 3 3 3 3 3 4 3 3 2 3 3 2 4 3 3 2 3 3 2 4 3 3 3 3 4 2 3 3 3 3 2 3 3 3 2 3 3 3 3 3 3 3 3 4 3 3 3 3 3 3 1 3 3 2 4 3 3 3 2 2 4 3 2 3 3 2 3 3 3 3 3 3 4 3 4 3 2 4 3 3 3 3 4 3 3 4 3 3 3 4 2 3 2 4 4 4 3 3 3 3 4 3 4 3 3 4 4 3 3 3 3 4 3 3 2 3 3 2 2 3 4 3 3 3 3 3 3 4 3 3 4 3 3 2 2 3 3 3 3 2 3 3 3 2 2 3 2 3 3 4 1 2 2 3 3 4 3 3 3 3 2 3 3 3 3 3 3 4 3 4 2 3 3 3 3 3 3 2 2 4 2 3 3 3 3 3 3 3 2 3 2 4 3 2 3 2 3 3 2 2 3 4 3 3 2 3 2 2 3 3 2 3 3 3 3 3 4 3 2 3 3 3 3 4 3 3 3 3 4 3 3 4 3 2 3 3 3 2 3 3 2 3 4 3 3 3 2 3 3 4 3 3 3 2 2 3 3 3 2 3 4 3 3 3 3 3 3 3 4 3 4 4 3 3 3 3 3 3 3 2 2 3 3 3 3 3 3 3 4 4 3 3 3 3 3 3 3 2 3 3 3 3 4 4 2 3 4 2 3 3 2 3 3 3 3 3 3 4 4 4 3 3 3 2 3 3 3 2 4 4 3 3 3 3 4 3 3 3 4 3 4 2 3 3 3 1 3 3 3 4 3 2 3 3 3 3 3 3 4 3 3 3 3 4 3 3 3 3 2 3 3 3 3 1 4 4 4 3 3 4 2 4 3 3 
Vertex 10: 3 3 3 3 3 3 3 3 3 3 0 3 3 2 3 4 2 2 3 2 4 3 3 2 3 3 4 4 3 2 2 3 3 3 3 3 3 3 3 3 3 3 3 3 3 3 3 3 2 2 2 3 3 3 3 2 3 3 3 2 3 3 3 3 3 2 3 3 3 3 3 2 2 4 3 4 2 4 3 3 2 3 3 3 3 3 3 4 3 3 2 3 3 4 3 2 3 3 4 3 3 3 3 4 3 3 2 3 1 2 3 4 3 3 3 3 4 3 2 2 1 2 3 3 4 4 3 3 3 3 4 4 3 3 3 3 3 3 3 2 3 2 3 3 2 3 4 3 3 3 2 3 3 4 4 3 3 3 3 3 4 4 3 2 3 1 3 3 3 3 3 3 2 3 2 3 3 3 3 2 2 2 3 3 3 4 3 3 3 3 3 3 3 4 3 3 2 3 3 2 4 4 2 3 3 1 3 3 4 3 3 3 3 3 3 3 3 3 2 1 3 3 3 3 2 2 3 2 3 3 2 3 3 3 3 4 2 1 2 3 3 2 3 4 3 2 3 3 3 3 3 3 1 3 3 3 3 3 4 3 3 3 3 2 3 3 3 3 3 2 3 3 3 3 3 3 3 2 3 3 3 3 4 3 3 4 3 3 2 4 3 3 3 2 4 3 3 3 3 3 4 1 3 2 3 2 3 2 3 3 3 2 3 2 2 2 3 4 3 2 3 3 2 3 3 4 3 3 2 4 3 3 3 3 3 3 2 3 3 3 3 3 3 3 3 3 3 3 3 3 3 2 3 3 3 2 3 3 4 2 3 3 3 3 2 3 1 3 2 3 3 2 3 3 3 2 4 3 2 3 2 4 3 3 3 2 3 4 2 4 3 3 3 3 3 2 3 3 2 3 4 3 3 2 3 4 3 3 3 3 2 3 3 3 3 3 3 2 3 2 2 3 3 3 2 2 3 3 3 3 3 3 2 3 2 3 4 3 3 3 3 2 3 3 3 2 2 2 3 3 3 3 2 3 2 3 3 2 3 3 2 3 3 3 3 4 3 3 3 3 2 3 3 3 3 1 3 3 2 4 3 3 3 3 3 2 2 3 3 3 3 3 3 3 2 2 4 3 2 3 
Vertex 11: 3 3 3 3 3 3 3 3 2 3 3 0 3 3 4 3 3 2 3 3 4 3 2 3 3 4 4 2 3 3 3 3 1 2 4 3 3 3 3 3 4 2 3 4 3 3 3 2 2 2 2 3 3 3 2 3 3 3 3 3 3 3 3 2 3 3 4 2 3 3 4 3 2 3 3 4 3 3 3 3 3 1 2 3 3 3 3 3 3 3 2 3 4 3 3 2 3 3 3 2 3 3 3 4 4 3 2 3 3 3 3 3 2 1 3 2 3 4 2 4 3 4 3 3 3 4 3 3 3 3 3 3 3 3 3 3 3 3 3 2 2 3 3 3 4 3 3 3 3 3 3 3 3 3 4 3 3 3 3 3 3 4 4 3 4 3 4 4 3 3 3 2 3 1 3 3 2 3 3 3 3 3 2 3 2 2 3 3 3 4 3 4 3 3 2 3 2 3 3 3 4 3 3 3 2 3 3 4 3 2 3 3 3 3 3 3 3 4 3 3 1 4 4 3 3 2 3 3 3 4 3 3 3 3 4 3 3 3 2 4 3 2 3 4 3 3 3 4 3 3 3 3 2 3 3 3 2 3 3 3 4 3 3 3 2 3 3 3 3 2 2 3 2 3 3 3 3 3 4 3 3 3 3 3 4 4 3 3 3 3 3 3 4 2 3 3 3 3 3 3 4 3 2 2 3 3 3 2 3 2 3 3 3 3 3 3 4 3 3 2 4 2 2 3 3 4 3 3 3 3 3 2 3 3 3 1 3 2 3 3 4 3 3 3 4 3 3 3 3 3 4 2 2 3 3 4 1 3 2 3 4 3 3 3 3 3 3 3 2 2 3 3 3 3 2 3 3 3 3 4 4 3 4 4 4 3 4 2 3 3 3 3 3 3 2 4 3 3 3 3 4 3 3 4 3 4 3 3 2 4 3 3 3 3 3 4 3 3 3 3 3 4 3 3 2 3 3 3 3 3 3 3 3 3 3 4 4 3 3 2 3 3 3 3 3 3 3 3 2 3 3 3 2 4 3 4 2 3 3 3 1 3 4 3 4 3 3 4 3 3 3 3 3 3 4 2 2 4 2 4 4 2 3 3 3 2 3 2 3 4 3 3 3 3 3 3 4 4 2 4 
Vertex 12: 3 3 3 3 2 3 4 3 3 3 3 3 0 3 3 3 3 4 3 3 3 2 3 2 3 3 3 3 3 3 3 3 3 2 3 3 2 2 2 2 3 3 3 3 2 3 3 2 3 3 3 2 4 3 3 3 2 2 3 3 2 3 3 2 3 3 2 3 3 3 3 3 2 3 3 3 1 3 3 3 3 3 2 3 3 3 3 2 1 3 3 4 2 1 3 3 3 3 2 3 2 3 2 3 3 3 3 2 3 4 3 3 3 3 3 3 4 3 2 2 3 3 3 3 3 3 3 3 2 3 2 2 3 3 3 3 3 3 3 3 3 3 3 3 1 3 3 3 3 3 3 3 2 3 3 2 3 3 3 3 4 2 2 3 3 4 3 3 3 1 2 2 3 4 3 2 2 2 2 3 3 3 2 3 3 3 3 2 2 3 4 2 2 3 3 2 3 3 3 3 2 3 3 3 1 2 3 3 3 2 4 3 2 2 2 2 3 3 3 3 2 4 3 2 3 3 3 3 3 3 3 4 2 2 3 2 4 2 3 3 4 3 2 2 4 3 3 2 3 3 3 3 4 2 3 3 3 1 3 3 3 2 3 3 3 3 3 3 3 3 4 3 3 2 3 3 3 3 1 3 3 3 3 3 3 3 3 3 3 3 3 3 1 3 3 4 3 3 2 3 2 2 3 3 3 3 3 3 3 3 2 2 3 2 2 3 3 4 2 3 2 2 3 4 3 1 3 2 3 3 3 3 3 2 3 3 3 3 2 3 3 3 1 3 3 3 2 2 3 3 3 1 3 2 3 4 3 2 3 3 3 3 3 2 3 2 3 1 3 3 3 2 2 3 2 3 2 3 3 3 2 3 3 4 3 3 3 2 3 3 4 3 3 3 2 3 4 1 3 3 3 3 3 3 3 3 2 3 3 3 3 3 3 3 3 3 3 3 2 3 3 2 3 4 3 3 2 3 3 2 3 4 3 3 3 3 3 4 3 2 3 2 3 3 2 3 3 3 3 2 4 3 2 3 3 3 2 4 3 3 3 3 3 2 2 3 3 3 2 3 2 3 3 4 2 3 3 2 3 3 4 3 3 3 3 3 3 4 3 3 3 2 3 3 3 3 3 3 3 3 
Vertex 13: 3 3 3 1 3 3 2 3 3 3 2 3 3 0 2 3 2 3 2 2 4 3 3 3 3 3 4 3 3 3 2 2 3 3 3 3 3 3 3 2 3 3 3 2 3 3 3 3 2 3 2 3 3 3 3 2 3 3 3 2 2 3 3 3 3 3 2 3 3 3 2 3 2 3 3 4 2 2 3 3 2 3 3 2 3 3 2 3 3 3 3 3 4 4 1 3 4 3 3 4 3 3 3 3 3 3 3 1 3 3 3 3 3 2 3 3 4 3 2 3 3 2 3 3 4 2 3 3 2 3 3 2 3 3 3 3 3 3 2 3 2 2 3 3 3 4 3 3 3 3 3 3 3 4 3 2 3 3 3 4 4 4 3 3 3 3 3 2 3 4 3 4 3 4 3 3 3 3 3 2 3 3 3 3 3 2 3 3 3 4 3 3 3 3 3 3 2 3 3 2 2 3 3 3 3 3 3 3 3 2 3 4 3 3 3 3 3 2 4 3 3 4 2 3 2 2 4 4 3 3 3 2 3 3 1 3 3 1 2 4 3 3 3 3 3 4 3 3 3 3 2 3 3 3 2 3 3 2 4 3 3 3 3 2 3 3 2 2 2 3 3 3 3 3 3 4 2 3 3 2 2 3 4 2 3 3 2 3 2 3 3 3 3 3 3 3 3 2 3 2 4 3 2 3 3 3 3 2 2 3 4 3 3 3 2 3 3 3 3 2 3 3 2 2 3 4 4 3 3 4 3 1 4 3 3 3 2 3 3 2 3 3 4 2 3 2 3 3 3 3 3 2 3 2 3 3 3 3 3 3 4 3 3 3 2 3 2 3 4 2 3 3 3 3 3 3 4 3 3 3 2 2 3 3 2 3 3 2 3 2 3 3 3 3 2 2 4 3 2 3 3 4 3 3 4 2 3 3 3 3 3 3 3 3 3 2 3 2 3 4 3 3 3 3 3 4 4 2 3 3 2 3 2 3 3 2 3 3 1 3 2 3 3 4 3 4 3 2 3 3 3 3 3 3 4 3 3 3 3 2 2 3 3 3 2 3 2 3 1 2 3 3 3 3 3 3 3 3 2 3 3 3 3 3 3 1 4 3 2 4 3 3 3 3 2 3 3 3 3 3 
Vertex 14: 2 2 2 3 2 2 4 3 3 3 3 4 3 2 0 3 2 3 3 3 3 3 3 3 3 3 3 3 3 4 2 3 3 3 3 3 3 3 3 3 3 3 3 2 3 2 3 3 3 3 3 3 2 3 3 4 3 2 2 3 3 3 3 3 4 3 3 3 3 3 3 3 3 2 3 4 3 2 3 2 2 3 3 3 3 3 3 3 2 2 3 3 3 4 3 3 2 3 3 2 3 3 2 2 3 2 2 1 3 3 3 3 2 3 3 2 4 3 3 2 3 2 4 3 4 3 2 3 3 3 3 3 3 2 3 3 3 3 2 2 3 3 2 3 3 3 4 3 3 3 3 2 1 4 3 2 2 2 3 2 3 3 3 2 3 3 3 2 3 3 3 4 3 4 3 3 3 3 3 3 3 3 3 3 3 3 3 3 3 3 3 3 3 3 2 3 2 4 4 2 3 2 2 3 4 2 3 3 3 2 2 2 3 3 3 2 1 4 2 3 3 4 3 3 2 3 2 3 3 2 2 3 3 3 2 2 2 3 3 3 3 3 4 3 3 2 3 2 2 3 3 3 3 3 2 3 2 2 3 3 3 3 3 3 3 3 2 2 3 3 2 3 2 3 2 3 3 2 3 1 3 2 4 2 4 2 1 3 3 3 3 3 3 3 3 3 2 3 3 2 4 3 2 3 3 3 1 2 2 3 4 3 3 3 3 3 3 4 3 3 3 3 3 3 2 3 3 3 3 2 4 3 3 3 3 3 3 3 2 3 3 3 3 1 3 3 3 1 3 2 3 2 3 3 3 2 3 3 3 2 3 4 3 2 3 3 4 3 2 2 3 3 3 3 3 2 3 3 2 3 3 3 4 2 3 2 2 4 1 2 2 3 2 2 3 3 3 4 3 2 4 2 3 3 3 3 2 3 3 3 2 3 4 2 3 2 3 3 3 4 3 2 1 3 3 3 3 3 2 2 2 3 3 2 3 3 2 3 3 3 3 3 3 3 2 3 3 3 3 3 1 3 3 3 3 2 3 3 2 3 3 3 3 3 3 3 2 3 2 3 2 3 3 3 3 3 3 3 2 4 2 3 2 3 2 3 3 3 3 3 3 3 3 2 3 3 3 2 2 2 
Vertex 15: 3 2 2 3 3 3 3 3 3 3 4 3 3 3 3 0 3 4 3 3 3 3 3 3 2 4 4 3 3 3 3 3 2 3 3 4 2 4 3 3 2 2 2 3 2 3 3 3 3 2 2 3 3 3 2 3 3 2 2 3 3 3 3 3 3 3 3 3 3 3 3 3 3 3 2 3 3 3 3 2 3 3 3 2 3 3 3 4 3 2 3 3 3 3 2 3 3 3 3 4 2 3 3 3 2 4 3 2 3 3 3 3 3 3 3 3 3 3 2 3 3 2 3 3 3 4 2 2 4 4 1 2 4 2 4 2 3 3 3 3 3 3 3 3 3 2 4 2 3 3 3 3 2 3 4 3 2 2 3 3 2 3 3 3 3 3 3 3 3 2 3 3 2 3 2 2 4 3 3 3 3 3 1 2 3 2 2 3 3 3 3 3 2 2 3 3 3 3 3 3 4 3 2 3 3 3 3 3 3 3 4 3 2 3 3 2 2 4 3 3 3 4 3 3 3 3 3 3 4 3 2 4 3 3 3 2 4 3 2 3 3 3 3 3 3 3 3 3 2 3 3 3 3 3 2 3 3 2 3 3 4 3 1 3 2 3 3 3 3 2 1 3 3 3 3 2 3 3 3 3 3 3 3 3 1 3 2 3 3 3 3 2 2 2 3 4 3 3 2 1 3 4 3 3 3 3 2 3 2 3 3 3 3 2 2 2 2 4 3 2 3 2 3 4 3 4 3 3 3 2 3 3 3 3 3 2 3 3 1 3 2 3 3 3 3 3 4 3 3 3 3 3 2 1 3 3 3 3 3 2 3 3 3 3 3 3 3 2 3 2 3 3 2 2 3 3 3 2 2 2 3 4 3 3 3 3 3 3 2 3 2 3 3 3 2 3 3 4 3 3 3 3 3 4 3 3 3 3 2 3 3 3 3 3 2 2 3 3 3 4 4 3 3 3 3 2 3 3 3 3 3 2 3 2 2 3 3 4 3 3 2 4 3 3 1 3 2 2 3 3 3 2 3 3 3 4 2 3 3 3 3 3 3 3 3 4 3 3 3 2 3 3 2 4 3 3 3 3 3 3 3 2 3 3 3 3 3 3 3 3 2 4 3 4 3 3 3 3 3 2 
Vertex 16: 3 1 3 1 2 3 4 2 3 4 2 3 3 2 2 3 0 3 3 2 3 3 3 3 3 3 4 3 3 3 2 2 3 3 2 3 4 3 2 2 3 3 3 3 3 3 3 3 3 3 3 2 3 3 3 3 3 3 1 3 3 3 3 3 3 2 3 3 3 2 3 3 2 3 3 3 3 2 3 3 3 2 3 3 3 3 2 3 3 3 2 3 3 3 3 2 2 2 3 3 2 3 3 2 2 3 3 3 2 2 3 3 2 2 1 2 3 2 3 2 3 3 3 3 4 3 3 3 2 3 3 3 3 3 2 2 3 3 3 3 3 2 3 4 3 3 3 3 3 3 3 4 3 3 4 3 2 3 3 2 4 3 2 2 2 1 3 2 2 3 2 3 3 4 2 3 2 3 3 3 2 3 3 3 2 3 3 2 3 3 3 3 2 3 3 2 3 3 3 3 3 4 3 2 3 3 2 3 3 2 3 2 2 3 2 3 1 2 3 2 3 3 3 3 2 3 3 3 3 3 2 3 3 3 3 3 2 3 3 2 3 3 3 4 2 3 2 3 2 3 3 2 3 4 2 2 3 3 3 4 3 3 3 2 3 2 3 2 2 1 3 3 2 3 3 2 2 1 3 3 2 3 3 3 3 3 3 2 3 3 3 2 2 3 3 3 3 3 2 2 4 3 3 3 3 3 2 2 3 3 3 3 2 3 2 3 3 4 3 2 3 3 3 3 2 3 3 2 3 3 4 2 3 3 3 3 2 3 2 2 3 3 3 2 3 2 3 2 3 3 3 3 2 2 2 3 2 3 3 2 3 3 3 3 3 3 3 3 3 3 3 3 3 2 3 3 2 2 3 3 2 3 3 3 3 2 3 3 3 3 2 2 3 3 3 2 3 3 2 3 3 3 3 3 3 3 3 3 3 3 3 3 3 3 2 2 1 3 3 3 2 1 2 3 3 3 3 3 4 3 2 2 1 3 3 2 3 3 3 3 2 3 3 3 2 2 1 3 3 2 3 2 2 3 2 3 2 3 3 2 3 3 3 3 3 3 2 2 3 3 3 2 3 2 3 2 3 3 2 3 3 3 3 3 3 3 3 3 3 3 4 3 3 3 2 2 3 3 1 1 
Vertex 17: 2 3 3 2 3 2 1 3 2 3 2 2 4 3 3 4 3 0 3 3 3 3 3 2 4 3 4 3 3 3 3 4 3 4 2 3 4 3 3 2 3 2 2 3 3 3 3 3 2 2 3 3 4 2 3 3 4 4 3 3 2 3 3 3 3 2 3 1 4 2 3 2 2 3 4 4 3 3 3 3 3 3 3 3 3 4 3 3 3 3 3 3 3 4 2 2 3 4 2 3 3 2 2 4 3 3 3 4 3 3 3 3 3 2 4 3 3 4 3 4 3 4 4 4 3 3 4 3 2 3 3 4 3 3 3 3 3 4 3 2 3 3 4 4 4 2 4 4 3 3 2 3 3 3 3 3 2 2 3 3 4 4 3 3 3 3 3 3 3 3 2 3 4 1 3 2 3 3 3 3 3 3 3 2 3 4 3 3 4 4 4 3 3 4 3 4 4 1 3 2 4 3 3 3 3 3 3 3 3 3 3 4 4 3 3 4 4 3 4 1 3 3 3 3 3 3 3 1 3 3 3 3 4 2 3 4 3 3 3 3 3 4 3 3 3 3 3 3 4 4 4 3 3 2 4 3 3 3 3 1 2 3 3 3 3 2 3 3 3 3 3 3 3 2 4 3 3 2 3 3 3 2 2 4 3 2 3 4 3 3 4 3 3 4 3 2 3 3 3 4 3 2 3 3 3 2 4 3 3 2 3 3 3 3 3 2 3 4 3 3 3 3 3 2 3 4 3 3 2 4 3 3 4 3 3 3 3 3 4 3 3 4 3 4 3 2 3 3 3 3 4 3 4 3 3 3 3 3 3 3 3 3 3 3 3 4 3 3 3 3 3 4 4 2 3 2 3 4 3 3 3 3 3 3 4 3 2 3 3 3 3 3 3 3 4 3 3 3 3 1 3 3 4 3 2 3 3 3 4 3 3 4 3 4 3 3 4 3 4 4 3 3 2 4 3 3 3 3 4 4 2 3 3 4 4 3 3 2 4 3 3 4 3 3 3 3 3 3 4 3 4 4 4 3 3 3 3 3 3 3 3 3 3 3 4 4 3 3 3 2 3 3 4 4 3 3 3 3 3 3 3 3 3 4 3 4 3 3 3 3 4 3 3 3 2 4 4 4 3 3 
Vertex 18: 3 3 3 3 3 2 3 4 3 2 3 3 3 2 3 3 3 3 0 2 2 3 2 3 4 4 3 3 3 4 4 4 4 3 3 2 4 3 4 2 2 3 3 3 3 2 4 3 3 3 3 2 3 2 3 3 3 3 3 3 3 4 3 3 3 3 3 3 3 2 2 3 3 4 3 4 4 3 3 4 3 3 3 3 3 2 3 4 4 3 3 3 2 4 3 3 3 3 3 3 3 3 3 2 3 3 3 3 3 4 3 3 3 3 3 3 4 4 3 2 2 4 3 3 4 3 2 3 3 3 3 3 3 3 4 3 3 2 3 2 4 3 3 3 3 2 3 4 3 3 3 1 3 4 2 2 3 3 3 3 3 3 4 3 3 3 1 2 3 4 2 2 2 4 3 3 4 3 3 2 3 2 3 3 3 3 3 3 4 3 3 3 3 3 3 3 3 3 2 3 3 3 3 3 2 2 3 3 3 3 3 3 3 3 3 2 3 3 2 3 2 3 3 3 2 3 3 3 2 2 3 4 4 3 3 3 3 3 4 3 4 3 3 3 3 2 4 3 3 3 2 3 3 3 4 3 2 3 3 2 3 3 3 2 2 3 3 2 3 3 2 3 3 3 3 3 4 3 3 3 3 3 4 3 2 4 3 3 3 3 3 3 3 3 2 3 3 3 3 4 3 3 3 3 2 3 3 3 3 3 3 3 3 1 2 2 3 3 3 3 3 3 2 1 3 3 3 3 3 3 3 2 3 2 3 3 3 3 2 3 1 3 3 3 2 3 2 4 3 3 3 3 4 3 3 3 3 3 3 3 4 3 3 3 2 4 3 2 3 3 3 3 3 2 3 3 3 2 3 3 3 3 3 3 3 3 3 4 3 3 1 2 3 2 4 2 4 4 3 3 4 3 3 3 3 4 3 3 3 3 2 2 3 2 3 4 3 3 4 4 3 4 2 3 1 3 3 2 3 3 3 2 3 3 2 3 2 2 3 3 3 4 3 3 3 3 3 3 3 3 3 3 3 3 4 2 4 2 3 3 3 3 3 3 4 2 3 3 3 2 3 3 3 1 4 3 3 3 4 3 1 4 3 4 3 3 3 3 4 3 3 3 3 3 3 3 2 3 2 3 
Vertex 19: 3 3 2 3 3 3 3 3 2 3 2 3 3 2 3 3 2 3 2 0 3 2 3 3 2 3 2 2 3 2 2 3 2 3 3 2 4 3 2 2 2 3 3 3 3 2 2 2 2 3 2 2 3 3 3 3 2 3 3 3 2 3 3 3 3 3 3 3 1 3 2 3 3 3 2 3 3 3 3 3 2 3 3 2 2 3 3 4 3 3 2 3 3 3 3 3 3 3 3 3 2 3 3 2 3 3 3 3 3 2 3 3 2 3 1 3 4 3 2 2 3 2 2 3 2 3 3 3 3 3 3 3 3 3 2 3 3 2 2 2 3 2 1 3 3 3 3 3 3 2 3 3 3 3 3 2 2 3 3 3 4 2 2 2 3 3 3 2 2 3 2 3 2 3 2 2 2 3 3 2 3 3 3 3 3 3 3 3 3 3 3 3 3 3 2 3 2 3 2 3 3 3 3 3 2 2 3 2 3 3 3 3 3 2 1 1 3 3 3 2 2 3 2 1 2 3 3 4 3 2 3 2 3 3 3 2 3 1 2 3 4 3 3 2 2 2 3 3 3 3 2 2 2 3 3 3 2 2 2 3 3 3 3 2 3 3 3 2 3 3 3 1 3 3 3 3 3 3 3 2 2 2 3 3 2 3 2 2 3 3 3 3 3 2 3 3 3 2 3 3 2 3 3 3 3 3 3 2 2 3 3 3 2 2 3 1 3 3 1 2 2 2 2 3 3 2 3 3 3 4 3 3 2 3 2 3 1 3 3 3 1 2 2 3 3 3 3 3 2 3 3 2 3 3 3 3 3 3 2 2 3 2 3 3 3 3 2 3 2 2 1 2 2 2 3 3 2 2 2 3 2 3 3 2 3 3 3 3 2 3 3 2 3 2 2 2 3 3 2 3 3 3 2 3 2 3 3 2 3 2 2 3 3 3 3 2 2 3 3 3 3 3 3 3 1 3 2 3 3 3 3 3 3 3 2 3 2 2 3 3 3 2 3 3 2 3 2 2 3 3 3 3 1 2 3 3 3 3 3 3 2 2 3 2 3 3 3 3 3 2 3 2 3 3 3 3 3 2 2 3 3 3 2 2 3 1 2 3 3 3 3 2 3 3 2 2 3 1 3 3 
Vertex 20: 3 2 4 3 3 3 2 3 3 4 4 4 3 4 3 3 3 3 2 3 0 3 3 2 3 3 2 3 4 3 3 3 3 3 4 3 2 3 3 2 3 3 3 3 3 3 3 2 3 3 3 1 2 3 3 2 2 2 3 3 3 2 3 3 3 3 3 3 3 3 3 3 2 3 3 3 3 3 3 3 3 3 3 3 3 3 3 3 3 3 3 2 3 3 3 3 3 3 2 3 3 3 3 3 3 3 3 3 3 3 4 3 3 3 3 3 4 3 4 3 3 3 3 3 3 3 3 2 3 1 3 3 3 3 3 3 1 3 2 3 3 3 3 3 3 3 3 3 3 2 4 3 2 4 4 4 3 3 2 3 3 2 4 3 3 3 3 3 3 2 2 2 2 4 4 4 4 3 2 3 3 3 3 4 3 4 2 2 4 3 4 1 3 3 3 4 3 3 3 2 3 3 4 3 3 3 4 2 3 3 3 4 3 3 3 3 3 3 3 3 3 4 4 3 3 3 3 3 3 3 4 3 3 4 4 3 3 3 3 4 4 3 3 4 3 3 3 3 4 3 3 3 3 3 2 3 3 3 4 3 3 3 3 3 2 3 3 4 3 3 2 2 3 3 3 3 3 3 4 3 2 3 2 2 3 2 4 2 2 3 4 3 3 3 2 4 3 4 3 4 3 3 3 3 3 3 3 2 2 3 3 3 2 2 3 3 3 4 3 3 3 3 3 2 3 4 2 3 2 3 3 3 3 4 2 3 3 3 3 2 2 2 2 3 3 3 2 3 4 3 3 3 4 3 2 3 3 3 3 3 3 4 4 3 4 3 3 3 3 3 3 3 3 3 4 2 3 3 2 2 3 4 2 3 4 3 3 4 3 3 1 3 3 3 4 3 3 4 2 3 4 3 4 3 2 3 3 2 3 3 3 3 4 2 4 3 3 3 3 3 2 4 2 2 2 3 2 3 3 3 2 3 3 2 3 3 1 3 4 3 3 3 1 3 3 4 3 2 3 4 4 3 3 4 3 1 3 4 2 3 3 3 3 3 3 3 4 4 3 3 2 2 3 3 3 3 4 3 3 2 3 2 3 4 3 3 3 3 3 3 3 4 3 3 4 4 4 3 2 3 
Vertex 21: 3 3 3 4 3 3 4 4 3 3 3 3 2 3 3 3 3 3 3 2 3 0 3 3 4 3 3 2 3 4 3 3 3 3 3 3 3 3 3 3 3 2 3 3 3 3 3 3 3 3 2 3 3 3 2 3 3 4 2 3 3 2 3 4 4 3 3 3 3 1 3 3 3 3 3 4 3 4 4 3 2 3 3 3 3 3 3 3 3 4 3 3 3 3 3 3 4 2 2 3 3 3 4 4 4 4 2 3 3 4 3 3 3 3 3 3 4 3 2 3 3 4 3 3 3 3 3 3 3 4 4 2 3 3 3 3 2 3 3 3 3 3 3 3 3 2 3 3 3 2 1 3 2 4 4 3 3 4 3 4 4 3 4 3 3 3 4 4 3 3 3 3 4 3 2 3 4 3 3 3 3 3 2 3 3 3 3 3 3 3 4 3 3 4 3 3 3 2 3 3 3 3 4 3 3 3 3 3 3 3 2 3 4 2 3 3 4 4 3 2 3 4 2 2 3 3 2 3 3 3 3 4 3 4 4 3 4 3 3 4 3 4 2 3 2 2 3 2 4 3 3 3 3 3 3 3 3 2 3 3 3 2 3 2 3 4 3 3 3 3 4 3 2 3 3 3 3 3 3 3 3 3 3 3 3 3 3 3 3 3 3 4 3 3 3 3 2 3 2 4 3 3 2 4 2 3 3 3 3 3 4 3 3 2 3 3 3 4 2 3 3 2 3 3 2 3 3 3 3 4 3 3 4 3 3 4 3 3 3 3 3 4 2 4 4 3 3 3 4 3 3 3 3 3 3 2 2 3 3 2 3 3 3 3 4 3 3 3 2 3 1 2 3 2 3 3 3 3 2 3 4 3 3 3 4 3 4 3 3 3 4 1 4 3 1 3 3 3 3 4 3 3 2 3 3 3 3 4 4 3 3 2 2 3 4 3 4 3 3 4 3 4 3 3 2 3 1 4 3 4 3 3 3 1 3 3 3 3 4 3 3 3 2 3 3 3 2 3 4 3 4 3 3 2 3 2 3 3 3 3 3 2 2 3 3 4 3 3 2 3 2 3 2 3 4 3 3 3 4 2 3 3 3 3 3 2 3 3 2 4 4 4 3 3 2 3 3 3 3 3 
Vertex 22: 2 3 3 2 3 2 3 3 2 3 3 2 3 3 3 3 3 3 2 3 3 3 0 3 3 3 3 3 3 3 3 3 3 3 3 3 3 3 3 3 4 3 3 3 3 3 2 3 2 2 3 3 3 2 3 4 3 3 3 2 3 3 3 4 2 3 2 3 3 3 3 3 3 2 3 2 3 3 3 2 3 1 3 3 2 3 3 3 3 3 1 3 3 3 2 3 3 2 2 1 3 2 2 3 3 1 3 3 3 3 3 3 2 3 3 2 4 3 2 3 3 3 3 2 3 3 3 3 3 3 3 3 2 3 4 4 2 3 2 2 3 3 3 3 3 3 4 2 3 2 4 2 2 3 3 3 3 1 4 2 4 4 2 3 3 2 3 3 3 3 2 3 2 3 3 3 2 3 3 3 2 3 3 3 2 3 3 3 3 4 3 3 2 3 3 3 3 2 2 3 3 3 3 3 3 3 3 3 2 2 3 2 3 2 3 2 3 3 3 3 3 3 3 2 3 2 4 3 2 3 3 2 3 2 3 3 3 3 3 2 3 3 3 3 2 3 3 3 3 4 3 3 3 2 2 3 3 3 1 3 3 3 2 2 3 3 3 2 2 3 3 2 3 2 1 3 3 2 3 2 3 3 3 2 3 3 3 3 3 1 3 2 3 3 3 4 4 3 2 3 3 3 3 3 3 2 3 2 3 3 3 3 3 3 2 2 3 2 2 3 3 3 3 3 3 3 3 3 3 3 3 3 3 2 3 3 3 2 3 3 3 4 3 2 3 3 3 2 3 3 3 2 3 2 2 3 2 2 3 3 4 3 3 2 2 3 2 3 3 3 3 3 3 1 3 3 3 3 3 2 3 3 3 3 4 3 3 3 3 2 3 3 3 3 3 2 2 3 3 2 3 2 3 3 2 3 2 2 2 2 3 3 3 2 3 3 3 1 2 3 3 3 2 3 2 3 3 3 3 3 3 3 2 3 2 3 3 3 3 3 1 3 3 2 3 3 3 2 4 1 3 3 3 3 2 3 3 2 1 3 3 3 2 3 4 3 3 2 3 2 3 1 3 3 2 3 3 3 3 2 3 2 3 3 3 3 3 3 3 4 3 3 2 3 3 3 2 3 2 2 
Vertex 23: 2 3 3 3 2 2 3 2 3 3 2 3 2 3 3 3 3 2 3 3 2 3 3 0 3 3 4 3 2 3 3 3 4 3 3 3 3 3 3 3 3 2 3 3 2 3 3 2 3 3 3 3 3 3 3 3 2 3 2 3 3 3 3 3 4 3 2 3 3 3 4 3 3 3 3 4 3 3 4 3 3 4 3 3 3 3 3 3 1 3 3 3 3 3 3 3 2 3 3 4 3 2 2 3 3 4 3 2 3 2 3 4 3 3 3 3 3 3 2 3 2 3 3 4 4 4 2 3 3 3 2 2 4 2 3 3 2 3 2 3 1 2 4 3 2 2 3 3 3 2 3 3 2 3 4 3 3 3 4 3 3 3 2 3 3 3 3 4 3 1 3 3 3 3 3 3 4 3 3 2 2 3 3 2 3 3 3 3 3 3 2 2 3 3 3 3 3 3 4 3 3 3 3 3 3 3 3 2 4 3 3 3 3 2 3 2 3 3 3 3 3 2 3 3 3 3 3 1 4 3 3 3 2 3 4 2 3 3 3 3 4 2 3 3 3 3 4 3 3 4 2 2 3 3 3 1 3 3 3 3 4 2 2 3 3 2 3 3 3 2 3 2 2 3 3 3 3 3 3 3 3 3 3 3 3 3 3 3 2 3 3 2 2 2 2 4 3 3 2 3 2 2 3 3 2 2 3 3 1 3 3 3 3 3 2 2 3 3 3 3 3 3 2 2 3 3 3 1 3 3 3 3 3 3 2 2 3 3 3 3 4 3 3 4 3 2 2 2 2 3 3 2 3 3 3 3 3 2 3 3 2 2 3 3 3 2 1 3 3 3 3 2 3 3 4 3 3 3 3 4 3 3 2 3 3 3 3 3 4 3 3 3 2 3 3 3 3 2 3 3 3 4 2 3 3 3 4 3 3 3 3 3 3 3 3 3 4 2 3 3 2 3 3 3 3 3 2 3 2 3 3 3 2 3 4 3 3 3 3 3 2 2 3 3 3 3 3 2 2 3 2 3 4 3 3 1 3 3 3 3 3 3 4 3 2 3 3 3 3 3 3 3 3 3 3 2 3 3 2 3 3 3 3 4 2 2 1 2 3 4 3 3 3 3 4 4 3 4 3 3 
Vertex 24: 4 4 2 3 4 3 3 3 4 3 3 3 3 3 3 2 3 4 4 2 3 4 3 3 0 4 4 4 4 2 4 3 3 3 3 3 4 4 3 4 2 3 3 3 3 3 2 3 4 3 3 3 3 3 2 3 3 3 3 4 3 3 3 3 3 3 3 3 3 3 3 3 4 3 2 4 2 3 3 3 3 3 3 3 4 3 3 3 4 2 3 4 3 3 2 3 3 3 2 3 2 3 3 4 4 3 3 3 2 3 2 3 3 2 3 4 4 3 3 3 3 4 2 3 3 3 2 3 4 4 3 3 4 3 3 4 3 3 3 3 3 3 1 4 3 3 4 4 3 3 4 4 4 3 4 3 3 2 3 3 4 2 3 3 3 3 3 3 4 3 3 3 2 4 2 3 3 3 3 3 3 2 3 4 3 2 4 3 4 3 3 3 3 3 2 3 3 3 4 3 3 2 2 4 4 3 3 2 3 3 4 2 4 3 3 3 3 4 4 4 3 4 3 3 3 3 3 4 4 3 3 3 3 3 4 2 4 3 2 3 4 3 2 4 3 3 4 3 4 4 3 2 3 4 4 2 4 2 4 3 4 3 3 2 4 3 3 3 3 3 3 3 3 3 3 3 3 3 2 3 4 3 4 4 3 3 2 3 1 3 3 2 4 4 3 4 3 3 4 3 4 3 4 3 2 3 4 2 2 2 3 3 3 3 3 3 3 2 3 2 2 2 2 3 4 4 3 3 3 3 3 3 4 4 2 3 3 3 3 3 3 3 3 4 4 3 3 3 2 3 3 4 2 1 3 3 3 3 3 3 3 3 3 4 3 3 3 3 3 3 3 3 3 3 3 3 3 2 3 2 3 4 2 3 3 4 4 3 4 3 3 3 2 3 3 4 3 4 3 3 4 4 3 4 3 3 3 3 2 3 3 4 3 3 3 3 3 3 2 3 3 3 3 4 3 3 3 4 3 4 3 4 4 3 2 3 3 4 4 3 3 3 3 3 3 3 2 4 4 4 3 2 3 3 4 2 3 3 4 3 3 4 4 3 1 3 3 3 2 3 3 3 3 3 4 3 3 3 3 3 4 2 3 3 3 3 3 1 4 2 3 4 3 4 4 3 3 3 4 3 
Vertex 25: 3 3 3 2 2 3 3 3 3 3 3 4 3 3 3 4 3 3 4 3 3 3 3 3 4 0 3 4 4 4 4 3 4 4 3 3 3 4 4 3 3 3 3 4 2 3 2 2 3 3 3 4 4 3 2 3 1 4 3 3 3 3 3 3 3 3 3 3 2 3 3 3 3 4 3 4 3 1 3 2 3 3 3 2 3 2 4 3 3 3 3 4 3 3 2 3 4 1 3 3 3 3 3 3 2 3 3 2 3 3 3 4 3 4 3 3 3 3 3 4 4 3 3 3 4 3 2 3 3 4 3 2 3 3 2 4 3 3 3 3 4 3 4 3 4 3 2 3 2 3 3 3 4 3 4 3 3 4 4 3 5 4 3 3 4 4 3 3 3 3 3 2 4 4 3 3 3 2 3 2 3 3 3 3 3 4 2 3 3 3 1 4 3 2 3 3 3 2 2 3 2 3 4 3 3 4 4 3 3 4 2 3 3 4 4 3 3 3 3 4 3 3 1 3 2 3 3 3 3 2 4 4 3 3 2 3 4 4 3 2 2 3 3 3 4 3 2 3 3 3 3 3 3 3 2 2 2 3 2 3 3 3 4 3 2 2 3 3 3 3 4 3 3 4 4 4 3 3 4 3 3 2 3 3 3 4 3 3 3 3 4 3 2 3 3 3 4 3 3 3 2 3 3 3 3 3 3 3 3 3 3 3 3 3 3 4 4 4 2 3 3 3 4 3 3 3 3 3 3 3 3 3 2 4 3 3 3 2 3 3 3 3 3 3 3 3 3 4 3 3 3 3 3 3 4 3 3 3 4 3 3 3 3 3 2 2 3 4 3 3 4 3 3 3 4 3 4 3 4 3 3 2 3 3 3 3 4 3 3 3 3 2 3 3 3 4 4 3 3 4 4 4 3 3 4 3 4 4 3 3 3 3 4 4 3 3 4 3 4 4 3 2 3 2 3 3 2 3 3 3 3 4 3 4 4 3 4 4 4 3 3 3 3 3 3 3 2 3 3 3 3 3 3 3 4 2 3 4 4 1 3 3 3 3 3 3 3 3 3 2 2 4 3 4 3 3 3 4 3 4 3 2 3 3 3 3 2 3 2 4 3 3 2 3 3 3 3 3 3 2 
Vertex 26: 2 4 3 3 3 3 4 3 4 4 4 4 3 4 3 4 4 4 3 2 2 3 3 4 4 3 0 4 4 3 4 3 4 3 3 2 4 3 4 3 3 4 4 4 4 3 3 4 4 3 4 3 3 4 3 4 2 4 4 3 3 3 4 3 4 3 4 4 3 3 3 3 4 3 4 2 4 4 3 2 4 4 4 4 2 3 3 3 4 2 3 4 4 4 3 4 4 3 4 4 4 4 4 3 3 4 3 3 4 3 3 4 3 4 3 3 4 3 3 2 3 4 3 3 2 3 3 4 4 3 3 4 3 3 4 4 3 3 4 3 3 2 3 3 4 4 4 4 4 4 3 3 4 3 4 3 3 4 3 4 3 4 4 3 4 3 4 3 3 3 2 3 3 4 3 3 4 3 4 2 3 3 3 3 3 4 3 4 3 4 3 3 4 2 3 4 4 3 3 3 4 4 4 3 2 4 4 3 2 4 4 3 3 4 3 2 3 3 4 4 4 4 3 1 2 2 4 3 3 1 4 3 3 3 4 3 3 3 4 4 4 3 3 2 3 3 3 4 3 4 4 3 3 3 3 3 3 3 3 4 3 4 4 4 3 4 3 3 4 3 4 3 4 4 3 3 3 4 3 3 3 4 4 3 3 3 2 4 3 3 4 3 2 4 3 4 3 3 4 3 3 3 3 3 4 3 4 3 4 3 4 3 3 3 3 3 3 4 3 3 3 3 4 4 4 3 2 4 3 4 4 4 4 4 3 4 3 3 3 3 2 3 3 3 4 4 3 3 4 2 4 3 3 3 3 3 4 4 3 4 3 4 4 4 3 3 3 3 3 4 3 2 2 4 3 3 4 3 3 4 4 3 3 3 4 4 3 4 3 3 3 4 2 4 3 4 4 3 3 3 4 3 4 2 4 4 4 2 4 3 3 3 4 3 3 3 4 2 4 3 4 3 3 3 3 4 2 4 3 3 2 4 4 3 4 4 3 4 4 3 3 4 3 3 3 4 4 2 3 4 2 3 3 3 4 3 4 3 4 4 3 3 2 3 4 4 4 3 3 3 3 3 4 4 1 4 3 4 3 3 3 4 3 4 3 3 3 3 3 3 3 3 4 3 2 4 4 3 4 3 
Vertex 27: 2 2 3 2 3 1 4 3 3 3 4 2 3 3 3 3 3 3 3 2 3 2 3 3 4 4 4 0 2 3 3 4 1 1 2 3 3 3 3 3 3 2 4 3 3 2 2 3 3 3 2 3 3 4 3 3 3 3 3 3 3 3 3 3 3 3 3 2 3 3 4 3 3 3 3 4 3 3 3 2 3 3 2 4 3 3 2 3 4 2 3 4 3 3 3 2 4 4 3 3 3 3 3 3 2 3 3 3 3 3 4 2 3 2 2 2 2 4 3 3 3 4 3 3 4 3 4 3 3 4 4 3 3 3 3 3 3 2 3 2 3 3 3 3 3 3 3 3 2 2 3 3 3 3 4 3 3 3 3 3 4 3 3 3 3 3 2 3 3 4 3 4 3 3 2 3 3 3 3 3 3 3 2 3 3 3 3 3 4 2 3 3 2 3 3 3 2 3 4 3 3 3 4 3 4 3 3 3 4 3 3 3 3 3 2 3 3 3 4 3 2 3 3 3 3 3 2 3 3 3 2 3 3 3 3 3 3 3 2 3 3 3 2 3 2 3 3 3 4 2 3 2 3 3 4 2 3 2 4 4 4 3 3 3 3 3 3 1 3 3 3 3 3 3 3 3 3 3 3 2 3 3 3 3 3 2 2 1 3 3 2 2 3 3 3 1 3 3 3 3 4 3 3 3 3 3 3 2 3 3 4 3 3 3 2 3 3 4 3 2 3 2 3 4 3 2 3 4 3 2 3 3 3 2 3 3 2 3 3 3 3 3 2 4 3 3 2 3 3 2 4 3 2 3 2 3 3 3 3 2 3 3 3 3 2 3 3 3 3 3 1 2 3 2 3 3 1 3 3 3 3 2 3 3 4 2 3 3 3 3 3 3 3 3 3 2 3 4 3 3 3 1 2 3 3 2 3 2 3 3 3 4 3 3 3 3 3 3 2 2 3 4 2 3 3 3 3 3 3 3 3 3 3 3 3 3 2 4 3 2 2 3 3 3 3 3 3 2 2 3 4 3 2 2 4 3 2 3 3 3 3 2 4 1 3 3 3 2 3 2 3 3 2 4 3 3 3 3 3 2 4 4 3 3 2 3 4 3 3 4 3 3 3 3 3 4 3 2 3 3 
Vertex 28: 3 3 3 2 3 3 3 4 3 3 3 3 3 3 3 3 3 3 3 3 4 3 3 2 4 4 4 2 0 3 3 4 3 2 2 3 3 4 3 3 3 2 3 3 3 3 3 3 2 3 3 4 3 4 4 3 3 3 3 2 3 3 1 3 3 3 3 3 3 2 2 3 2 3 4 3 3 3 3 3 3 3 2 3 3 3 3 1 3 4 4 2 3 2 3 4 4 3 3 3 3 2 3 3 3 3 3 3 4 3 3 3 2 3 3 3 4 2 3 4 3 3 3 3 3 3 4 3 2 3 3 3 3 1 3 4 3 2 3 2 2 3 3 3 3 3 3 3 2 4 3 3 3 3 3 3 3 3 3 3 4 3 3 3 3 3 2 3 4 2 3 3 3 4 3 3 2 3 3 4 2 2 3 2 3 4 3 3 3 3 3 3 2 3 2 3 2 3 2 4 3 3 2 3 4 4 2 4 3 3 3 3 3 1 2 2 3 3 3 3 3 3 3 3 2 4 4 3 2 3 3 3 3 3 4 3 3 3 3 3 4 3 3 3 3 4 3 4 3 3 3 2 3 2 2 3 3 3 3 2 3 3 3 3 3 3 3 1 4 3 3 3 2 3 2 3 4 3 2 2 3 3 2 3 3 3 3 3 3 4 2 3 3 3 3 2 3 3 3 2 3 3 3 1 3 3 2 3 3 2 3 3 3 3 2 2 3 3 3 2 4 3 3 3 3 3 2 3 3 3 3 3 4 2 3 2 2 3 3 3 3 3 3 3 3 3 4 3 3 2 3 3 2 3 4 3 3 4 3 3 4 2 3 3 3 3 3 4 3 3 3 3 2 2 3 3 3 3 3 4 3 2 3 3 3 3 3 3 3 3 4 4 3 3 3 3 3 2 3 3 3 3 3 3 3 4 3 3 4 3 3 3 3 2 2 3 3 3 3 3 3 3 3 3 3 3 4 3 2 2 2 3 3 4 3 3 3 2 3 3 3 3 3 2 3 3 3 3 2 3 3 3 3 2 2 3 3 3 3 3 3 3 3 2 3 3 3 3 3 3 4 3 3 4 3 2 4 3 3 3 3 4 2 3 2 3 3 3 4 4 3 1 3 3 3 3 3 3 3 3 
Vertex 29: 4 3 3 2 4 3 4 4 3 3 2 3 3 3 4 3 3 3 4 2 3 4 3 3 2 4 3 3 3 0 3 3 3 3 3 2 3 4 3 3 3 3 3 3 3 4 3 2 3 3 4 2 4 3 2 2 3 3 3 3 3 3 3 3 3 3 3 3 3 3 3 4 3 4 4 3 4 4 3 3 4 2 3 3 3 3 3 4 2 4 4 4 3 3 3 3 2 3 3 4 3 3 3 4 2 3 3 3 3 2 3 3 3 3 2 3 2 3 3 3 3 4 3 3 3 3 3 3 3 2 2 3 3 3 3 3 3 3 3 3 3 3 3 3 4 3 3 3 3 3 3 3 3 3 4 3 3 3 3 3 4 3 1 2 3 3 3 3 3 3 2 2 3 4 2 3 3 3 3 3 3 2 2 4 3 4 3 3 3 3 3 3 3 3 3 3 3 3 4 4 4 4 3 3 3 3 3 2 3 3 2 3 3 3 2 2 3 3 4 3 3 4 3 3 2 3 3 4 3 3 3 3 3 1 3 2 4 3 3 3 4 2 4 3 4 4 4 4 3 4 3 2 1 2 3 3 4 3 3 3 3 4 3 3 3 3 2 3 4 4 4 3 3 4 2 3 3 3 3 3 3 3 3 3 3 3 3 2 3 2 2 3 2 2 3 3 3 3 3 4 4 3 2 3 2 2 3 2 3 4 4 2 4 3 2 3 3 3 3 2 3 3 3 4 3 3 4 3 3 3 3 3 4 3 3 3 1 3 3 3 3 3 3 3 4 3 3 3 3 3 4 3 4 3 3 3 3 3 3 3 3 2 1 2 3 3 3 3 3 4 3 4 3 3 3 3 3 3 2 4 2 4 2 2 4 2 3 3 4 2 4 3 3 2 3 4 3 3 3 3 4 2 3 4 3 3 3 1 3 3 3 2 3 2 3 3 3 3 3 3 3 3 3 4 3 2 3 3 3 3 3 3 3 3 3 3 3 3 3 3 2 3 3 3 3 2 3 3 2 3 3 3 3 4 3 4 3 3 3 3 2 4 4 3 3 3 3 3 4 2 3 4 3 3 2 3 3 3 3 3 3 3 3 3 3 2 3 3 2 3 2 2 2 3 4 4 4 3 3 3 
Vertex 30: 3 1 4 3 3 3 4 2 3 3 2 3 3 2 2 3 2 3 4 2 3 3 3 3 4 4 4 3 3 3 0 1 3 3 3 3 4 3 2 2 2 3 4 3 3 3 3 3 3 3 4 2 2 3 4 3 3 3 3 3 1 3 2 2 3 3 3 3 3 4 3 3 3 3 3 4 2 3 3 3 4 3 2 2 2 3 3 3 3 2 3 3 3 4 3 3 3 3 4 3 4 3 3 3 4 3 3 3 3 3 4 3 3 4 3 4 4 3 4 4 3 2 4 3 3 3 3 3 3 3 3 3 3 3 3 3 3 3 2 3 3 3 3 3 4 3 3 3 3 4 3 3 3 3 2 2 3 3 3 2 2 4 3 3 3 3 4 3 3 3 3 4 3 3 3 3 3 4 3 2 3 3 3 4 3 3 2 3 3 3 3 4 3 3 3 3 2 3 4 2 3 3 4 3 3 3 3 3 4 3 2 4 3 4 3 3 3 4 4 3 3 4 3 3 3 3 3 2 2 3 4 4 3 3 2 4 3 3 3 3 4 3 3 4 2 4 2 3 2 3 4 2 3 3 3 3 3 3 4 3 3 3 3 4 4 3 2 3 3 3 3 3 3 4 3 3 3 3 3 3 2 3 3 3 3 3 3 3 3 3 3 3 2 2 3 4 3 2 3 2 3 1 3 3 3 3 3 3 3 3 4 3 3 3 3 3 3 4 2 3 4 3 2 4 3 3 4 3 4 3 3 3 3 3 3 3 2 4 3 2 3 3 3 1 3 3 3 3 2 3 3 2 3 3 4 3 3 3 3 3 4 4 3 3 2 3 2 3 4 3 3 3 3 4 3 3 2 3 3 3 3 3 4 3 4 3 3 4 3 3 3 3 3 3 2 4 4 3 2 2 2 3 3 3 3 4 3 3 3 3 3 3 4 2 3 3 3 3 3 4 2 3 2 3 3 3 4 3 3 3 3 4 3 4 3 3 3 3 3 3 3 3 3 3 3 3 3 2 3 3 3 3 3 3 2 3 2 3 2 4 2 4 3 4 3 3 3 4 2 3 2 4 3 3 3 3 3 4 2 3 4 3 3 3 3 1 3 3 4 4 3 3 4 4 3 3 4 3 2 2 
Vertex 31: 3 2 3 3 2 3 3 1 4 2 3 3 3 2 3 3 2 4 4 3 3 3 3 3 3 3 3 4 4 3 1 0 3 3 3 3 3 3 3 3 3 4 4 2 3 3 3 3 3 3 4 3 3 2 3 2 3 3 3 3 2 3 3 3 3 4 2 3 4 4 2 3 3 3 3 4 3 4 3 3 4 4 3 3 1 3 2 4 3 3 2 3 3 3 3 3 3 2 3 4 3 3 3 2 3 4 2 3 3 2 3 4 3 3 3 3 4 2 3 3 3 3 3 3 3 2 3 3 4 2 3 3 3 3 3 3 2 3 3 3 4 4 3 4 4 3 4 2 3 4 3 3 3 3 3 3 2 3 4 3 3 3 4 3 4 3 3 4 2 3 2 3 3 3 3 3 4 3 4 2 3 3 2 3 3 4 3 2 4 4 3 3 2 2 3 4 3 3 3 2 2 3 3 2 3 4 3 3 3 3 3 3 3 3 3 3 2 3 4 4 3 3 3 2 2 2 4 3 3 3 3 3 3 2 2 4 4 3 3 3 3 3 3 3 3 3 3 3 3 3 4 3 2 3 3 3 3 2 3 3 3 3 3 3 3 4 1 3 2 3 4 3 3 3 3 3 2 3 3 3 3 3 3 3 4 3 2 3 3 2 4 3 3 1 3 3 2 3 3 3 4 2 3 4 3 3 3 3 2 4 4 3 3 3 3 3 3 3 3 3 4 3 3 3 4 4 3 3 3 3 3 3 4 3 2 4 3 3 2 3 3 2 4 2 3 4 3 3 3 2 3 3 3 3 3 4 3 3 3 3 4 3 3 3 3 3 3 3 4 3 4 3 3 3 2 2 3 2 3 3 3 4 3 4 3 2 2 4 3 3 4 4 3 4 3 3 3 3 3 3 2 4 3 3 2 3 4 3 3 3 2 3 4 3 3 3 3 4 4 4 2 3 3 3 3 3 3 2 3 4 3 4 2 3 3 4 3 3 3 2 3 3 3 3 3 2 3 3 3 2 3 3 4 3 3 3 2 3 3 3 2 3 3 4 2 3 3 4 1 3 2 3 3 4 4 3 2 4 3 3 3 3 3 3 2 2 2 2 4 3 3 3 3 3 3 3 3 4 3 1 
Vertex 32: 3 3 3 2 3 2 3 3 3 3 3 1 3 3 3 2 3 3 4 2 3 3 3 4 3 4 4 1 3 3 3 3 0 1 3 3 2 4 3 3 3 3 3 3 2 3 3 2 3 3 1 3 3 3 2 3 3 3 3 2 4 3 3 3 4 3 3 2 3 2 3 3 3 4 4 4 3 3 3 2 2 2 3 3 2 2 3 3 3 3 3 4 3 3 3 1 3 3 3 3 3 3 3 3 3 4 3 2 2 4 4 3 2 1 3 1 3 3 2 3 2 3 2 3 4 3 4 3 3 3 3 3 2 3 3 2 3 2 3 3 3 3 3 3 3 3 4 3 3 3 3 3 3 3 4 3 2 3 2 3 4 3 3 2 3 3 3 3 2 3 2 3 3 2 3 3 3 3 3 3 2 3 1 3 3 3 3 4 3 3 3 3 2 2 3 3 1 3 4 3 3 3 3 2 3 2 3 3 3 2 3 3 3 3 3 3 2 3 3 2 2 4 3 3 3 2 3 3 3 3 3 3 3 3 4 3 3 2 2 3 4 3 3 4 3 2 2 3 3 3 3 2 2 3 3 3 3 2 3 3 3 2 3 3 3 2 3 2 4 2 3 2 3 2 3 3 3 3 3 2 3 2 4 3 3 3 3 2 2 2 3 3 3 2 2 2 3 3 3 3 3 3 2 3 3 3 3 1 3 3 3 3 3 3 2 3 3 3 3 2 3 3 3 3 3 3 3 3 3 2 3 2 2 3 3 2 3 3 3 3 3 3 2 3 3 3 2 3 3 2 3 3 3 3 3 3 2 2 2 3 3 3 3 3 3 3 3 2 3 3 2 3 3 2 3 3 2 3 3 4 3 3 3 3 3 3 3 2 3 3 3 2 2 3 2 3 4 3 2 3 3 2 3 3 3 3 2 3 3 3 2 3 3 3 2 3 3 3 3 2 3 4 3 2 3 2 3 3 2 3 2 3 3 2 2 3 3 3 3 1 3 3 3 3 2 3 2 2 3 3 3 3 1 3 3 3 2 3 3 3 2 3 3 2 3 3 2 3 3 3 2 3 3 3 3 2 3 3 3 3 4 3 3 2 3 2 3 2 2 3 3 2 3 3 3 3 4 3 2 3 
Vertex 33: 3 2 3 2 3 2 4 2 3 3 3 2 2 3 3 3 3 4 3 3 3 3 3 3 3 4 3 1 2 3 3 3 1 0 2 3 3 3 3 2 4 2 3 3 3 3 3 3 3 3 2 3 4 3 3 2 3 3 2 3 3 2 3 3 3 3 3 3 3 3 3 3 3 3 3 4 3 4 4 3 3 3 2 3 3 3 3 3 3 3 3 3 3 3 3 2 4 3 3 3 3 3 3 3 3 3 3 3 3 3 3 3 3 2 2 2 3 3 3 3 3 3 3 2 4 3 3 2 3 3 3 3 3 2 3 3 2 2 3 2 3 3 3 2 3 2 3 3 2 3 3 3 3 3 3 3 3 3 3 3 4 3 2 2 3 3 2 3 3 3 3 3 3 3 2 3 3 3 2 3 3 3 2 4 2 3 2 3 3 3 3 3 2 3 3 2 2 3 3 3 3 3 3 3 3 3 2 2 3 2 3 4 3 2 2 2 3 3 3 3 2 3 3 4 3 3 3 3 3 2 3 2 3 4 4 3 3 2 3 3 4 3 3 3 3 3 3 3 4 3 3 1 3 3 3 2 3 1 3 3 3 3 3 3 3 2 3 1 3 3 3 2 3 2 3 3 3 3 3 2 3 3 3 3 2 3 3 2 3 3 3 3 3 3 2 2 3 3 3 3 3 4 3 2 3 3 2 2 3 4 3 2 3 3 3 3 3 3 2 1 4 3 3 4 3 3 3 3 3 1 3 3 3 3 2 3 2 3 2 3 3 3 3 4 3 3 3 3 3 1 4 3 2 2 3 2 3 3 3 3 3 3 4 3 3 2 2 3 3 3 2 3 3 2 3 3 2 3 2 3 3 2 3 3 4 3 2 3 3 3 4 3 3 2 2 3 3 3 2 3 3 2 3 3 3 3 3 2 4 2 3 3 2 3 3 2 3 2 3 1 3 3 3 3 3 3 4 3 3 2 3 3 2 3 2 2 3 3 4 2 3 3 3 2 3 3 3 1 3 3 4 3 2 3 3 3 1 3 3 3 3 2 3 2 3 3 3 3 2 3 3 3 3 3 3 2 3 3 2 3 3 3 2 3 2 2 3 2 3 4 3 3 2 3 3 3 3 3 3 2 
Vertex 34: 3 2 2 2 3 3 3 3 3 3 3 4 3 3 3 3 2 2 3 3 4 3 3 3 3 3 3 2 2 3 3 3 3 2 0 2 3 4 3 3 4 2 3 2 3 4 3 3 3 2 3 3 4 3 2 3 2 3 3 2 3 3 3 3 3 3 3 3 3 2 3 3 3 3 3 3 3 4 3 1 3 3 2 3 3 3 3 3 3 4 3 4 3 4 3 3 4 3 3 3 3 3 3 3 3 2 3 3 3 3 3 2 3 3 3 3 4 3 3 4 3 3 2 3 4 3 2 3 2 3 3 3 3 3 3 3 3 2 3 2 2 3 3 3 4 3 3 4 3 3 2 3 2 3 4 1 3 3 2 3 3 3 4 2 3 3 2 3 2 4 3 3 3 3 2 3 3 3 3 3 3 2 2 2 3 3 2 3 4 2 2 3 2 3 3 3 3 2 4 2 3 3 3 3 4 3 3 3 3 3 4 3 4 3 2 3 3 3 3 3 3 1 3 3 3 3 3 3 4 3 3 3 3 3 3 3 3 4 3 1 4 2 3 3 3 3 3 3 2 3 3 3 3 3 3 2 3 2 2 3 4 3 3 3 3 4 2 1 3 3 3 3 3 3 3 3 3 2 3 2 3 3 3 3 3 3 3 3 2 2 2 3 3 3 3 3 3 3 3 3 3 2 3 3 3 2 2 3 3 2 3 1 3 3 3 3 3 3 4 3 3 3 2 3 3 3 3 3 3 3 3 2 2 3 3 3 3 2 2 2 4 2 3 3 3 3 3 3 3 2 3 3 3 3 2 3 3 3 3 1 2 3 3 2 1 3 3 2 3 3 2 3 3 2 3 2 3 3 3 3 3 2 3 2 3 3 3 3 3 2 4 4 1 3 3 3 3 3 3 3 4 3 3 4 3 3 3 2 4 3 2 3 3 3 3 3 3 3 3 3 3 3 3 4 3 3 3 4 3 2 3 4 3 3 3 3 3 3 3 2 3 2 3 4 3 3 3 3 3 4 2 3 3 2 3 3 3 3 3 3 3 3 3 2 3 3 2 3 3 2 3 3 3 4 3 2 3 3 3 3 3 4 2 3 2 2 2 3 3 4 2 3 3 3 3 4 3 3 3 3 
Vertex 35: 3 3 3 3 3 3 3 3 3 4 3 3 3 3 3 4 3 3 2 2 3 3 3 3 3 3 2 3 3 2 3 3 3 3 2 0 4 3 3 3 3 3 3 3 3 3 3 2 3 3 2 2 4 3 3 3 2 3 3 3 2 4 3 3 3 3 4 3 3 3 3 3 2 3 3 2 3 3 2 3 3 4 3 3 3 4 3 4 3 2 3 4 3 3 3 3 4 3 4 3 3 3 3 3 3 3 4 2 3 4 3 3 3 2 3 2 3 3 3 3 3 3 1 3 3 3 3 4 3 3 4 3 1 3 4 3 3 3 3 2 3 3 3 2 3 3 3 4 3 4 3 1 2 3 2 3 3 3 3 4 4 3 3 3 3 3 3 2 3 3 2 3 3 4 3 3 2 3 3 2 3 3 3 3 3 4 3 3 3 3 3 3 3 2 3 3 3 3 3 3 3 3 3 3 3 3 3 2 2 3 2 3 3 3 2 2 3 3 3 3 3 3 3 2 3 3 3 4 2 1 3 2 2 3 3 3 3 3 3 2 4 2 3 1 3 3 3 3 3 3 3 2 2 2 3 3 3 3 2 3 3 3 3 3 3 3 3 3 4 3 3 3 3 3 3 3 3 4 3 3 3 4 2 3 3 3 2 2 3 3 3 3 3 3 2 3 2 3 3 3 3 3 1 3 3 3 4 3 2 4 3 3 4 3 3 3 3 3 3 3 3 4 3 3 3 2 2 3 2 4 4 3 3 2 3 3 1 3 3 3 2 3 3 3 3 3 2 2 3 2 3 3 3 3 3 2 3 3 3 3 3 3 3 3 3 2 3 3 3 3 3 2 3 2 3 3 2 2 2 3 3 3 3 2 3 2 1 3 3 3 3 3 3 2 2 4 4 3 3 2 3 4 3 3 3 4 4 3 3 3 2 2 2 3 3 3 3 3 3 3 3 4 3 3 3 2 3 3 1 3 3 2 2 2 4 3 3 2 4 3 4 3 3 3 3 3 3 2 3 4 3 3 2 3 4 3 4 2 3 3 2 3 2 3 2 4 3 3 3 2 3 3 3 3 3 4 4 3 3 1 3 3 2 3 3 2 3 3 3 4 3 2 3 2 2 3 4 3 3 3 
Vertex 36: 4 3 3 3 3 2 3 3 3 4 3 3 2 3 3 2 4 4 4 4 2 3 3 3 4 3 4 3 3 3 4 3 2 3 3 4 0 3 2 3 4 3 4 3 2 3 3 2 3 3 3 3 3 4 3 3 3 3 3 1 3 3 4 3 4 3 2 3 4 4 3 3 3 3 3 3 3 3 3 2 3 3 3 3 3 4 2 4 3 3 4 2 4 1 4 3 4 3 3 4 3 3 3 3 3 4 3 3 3 3 4 3 3 3 4 3 4 4 3 3 2 3 3 2 4 4 3 2 3 3 3 3 3 3 3 3 1 3 3 3 3 3 3 3 3 3 3 3 3 3 4 4 2 3 4 2 2 2 3 4 4 3 4 3 4 3 3 4 3 3 4 2 3 4 4 3 3 2 3 3 2 3 1 2 3 3 2 2 3 4 4 3 2 4 3 4 3 3 3 3 3 3 3 3 3 4 4 2 2 4 2 4 3 3 4 3 4 4 3 4 4 4 3 4 3 3 3 4 3 3 3 3 3 3 4 4 4 4 3 4 3 3 3 4 3 3 4 3 4 2 3 3 3 3 3 2 3 3 4 4 3 3 3 3 3 3 3 3 3 3 3 3 3 2 3 3 3 3 3 3 4 3 2 2 2 3 3 4 3 3 4 3 3 2 2 3 3 3 3 3 3 4 3 2 3 3 2 3 2 4 3 4 3 3 2 3 3 3 3 3 3 2 3 3 2 3 2 4 2 3 2 2 3 4 2 3 3 3 3 4 3 4 3 3 3 3 3 4 3 4 3 3 3 3 3 3 3 3 4 3 3 4 4 3 3 3 3 2 3 3 3 3 3 3 3 3 4 3 4 3 3 3 2 2 3 3 3 4 4 1 3 2 3 3 2 3 3 3 3 3 3 4 3 3 3 3 3 3 3 3 3 3 4 3 3 3 4 3 3 3 4 3 3 3 3 3 3 3 3 3 3 4 3 2 3 2 3 3 2 2 3 3 3 3 3 3 3 2 3 3 3 3 3 3 3 3 2 3 2 2 3 3 3 3 3 3 3 3 3 3 4 2 3 4 4 3 3 3 3 3 3 2 3 4 3 3 3 3 3 4 3 2 3 3 3 4 4 4 4 3 
Vertex 37: 3 3 3 3 2 3 4 3 2 4 3 3 2 3 3 4 3 3 3 3 3 3 3 3 4 4 3 3 4 4 3 3 4 3 4 3 3 0 3 2 4 3 4 3 4 3 3 4 3 2 3 3 4 3 3 3 3 3 3 3 3 3 3 3 3 3 3 3 3 2 2 2 3 3 3 3 3 3 3 3 2 3 4 3 3 3 3 3 3 3 4 4 3 2 3 3 4 3 3 4 3 3 2 2 3 4 3 3 3 2 3 3 3 3 3 3 4 3 2 3 2 4 3 3 3 4 2 3 3 3 4 3 2 3 3 3 3 3 2 3 3 3 3 4 3 2 4 3 3 3 2 3 3 3 3 3 3 3 4 3 4 4 4 3 2 3 3 4 3 3 3 2 3 3 3 3 3 2 3 3 3 3 3 4 3 2 3 1 3 4 3 4 3 2 2 2 3 2 3 4 3 3 3 3 1 3 2 3 3 3 4 4 3 3 3 3 3 2 4 3 3 4 4 2 3 3 4 3 3 2 4 3 3 4 4 3 2 3 3 3 4 3 3 3 3 3 4 3 3 2 3 3 4 4 3 2 3 3 3 3 4 3 3 3 3 3 3 3 2 3 3 3 2 3 4 2 2 3 3 2 3 3 3 4 4 3 3 3 4 4 2 3 3 4 4 4 4 1 3 3 3 4 3 3 3 3 3 3 3 3 3 4 3 2 3 3 3 3 3 2 3 3 3 4 4 3 3 4 3 4 3 3 4 4 3 3 3 3 3 2 3 3 3 3 3 3 3 3 4 3 3 3 3 3 3 3 3 3 2 3 3 4 3 4 4 4 3 3 4 3 2 3 3 3 4 2 3 3 3 3 3 3 3 2 1 3 3 2 3 3 3 3 3 3 3 2 3 3 3 3 2 4 1 3 4 4 4 3 3 3 2 3 1 3 3 3 3 3 3 4 4 4 3 3 3 3 3 3 3 4 3 3 4 2 3 2 3 3 3 3 3 3 2 3 3 3 4 3 2 3 3 2 3 3 3 4 4 3 3 3 3 3 1 3 3 3 3 4 3 3 4 2 3 3 4 3 3 4 3 3 3 3 3 4 3 2 3 3 3 4 3 3 3 3 3 4 3 4 2 2 
Vertex 38: 3 1 3 3 3 3 4 3 3 4 3 3 2 3 3 3 2 3 4 2 3 3 3 3 3 4 4 3 3 3 2 3 3 3 3 3 2 3 0 2 3 3 3 2 4 3 3 2 3 3 3 2 3 4 3 3 4 3 3 1 3 3 3 3 3 3 3 3 3 3 3 3 3 2 3 4 2 3 3 3 4 4 3 3 3 4 3 2 3 3 3 3 4 3 3 3 3 3 3 4 3 3 1 2 3 2 3 3 3 3 2 3 3 3 3 3 3 4 2 2 2 3 3 3 3 3 2 3 2 4 3 2 4 4 4 4 2 3 3 3 3 3 3 4 2 2 4 3 3 3 4 3 3 2 4 2 2 3 3 2 4 4 4 2 4 3 3 3 3 3 4 3 2 4 3 3 3 2 3 3 2 3 3 3 3 3 3 3 4 3 3 4 3 3 3 4 3 3 3 4 2 3 3 3 3 3 4 1 3 4 3 4 3 3 3 3 3 3 4 4 2 4 3 3 3 3 3 3 3 3 4 2 4 3 3 3 4 3 2 3 3 3 3 3 2 3 2 3 3 4 3 3 3 2 3 2 3 3 3 2 3 4 3 3 3 2 4 3 3 3 3 2 3 2 3 4 2 3 3 2 4 3 3 2 3 3 3 2 2 3 3 3 3 2 2 3 3 3 3 4 3 3 3 2 3 3 3 3 3 3 3 3 3 3 2 3 3 3 3 3 3 3 3 3 3 3 3 2 3 4 2 3 4 3 3 3 3 4 4 3 3 4 3 3 4 2 3 3 2 3 3 3 3 3 3 3 4 3 4 3 3 3 3 4 3 3 3 3 3 3 3 3 4 3 3 3 2 3 4 4 3 2 3 2 3 3 3 2 4 3 3 3 3 3 3 3 4 1 4 3 4 3 3 3 4 3 3 2 3 3 3 4 4 3 3 3 3 3 1 2 4 3 2 4 3 3 2 3 4 3 3 4 3 4 4 2 3 3 2 2 4 2 4 3 3 3 3 3 3 2 3 3 3 3 3 3 2 3 2 3 3 3 3 4 2 3 3 3 3 2 3 3 3 4 3 3 1 3 2 2 3 3 3 2 3 3 3 3 3 4 4 3 3 3 3 4 3 3 3 3 
Vertex 39: 1 1 3 3 3 2 3 3 3 2 3 3 2 2 3 3 2 2 2 2 2 3 3 3 4 3 3 3 3 3 2 3 3 2 3 3 3 2 2 0 2 3 2 3 2 2 3 3 4 2 2 1 3 3 3 2 3 3 3 3 2 3 3 3 1 3 3 2 3 3 3 2 2 3 3 3 3 3 3 3 3 3 3 3 3 2 3 3 2 3 2 3 3 3 2 3 4 2 3 4 2 3 2 3 2 3 3 2 3 3 2 3 3 2 3 3 4 3 2 3 3 3 4 3 3 3 3 4 3 3 3 2 3 2 2 3 3 2 2 3 3 3 3 3 3 2 3 3 3 3 3 2 3 3 3 3 2 2 2 2 4 3 3 3 3 3 3 4 3 3 3 2 3 3 2 3 3 2 2 2 2 3 3 3 3 2 3 3 3 3 3 3 3 3 3 3 3 3 3 3 3 3 3 3 1 2 2 2 3 3 3 3 3 3 3 3 3 3 3 3 2 4 2 2 1 3 3 2 3 2 3 2 3 3 2 3 3 3 3 3 3 3 3 2 2 3 2 3 3 3 3 3 2 2 3 3 3 3 2 2 3 3 3 3 3 3 3 2 3 3 3 2 3 3 3 3 3 3 2 2 2 2 3 2 2 2 3 3 3 2 3 3 3 3 3 3 4 3 3 3 3 3 3 3 3 3 3 3 3 2 3 3 2 2 3 2 3 3 3 3 3 3 3 2 3 3 3 3 2 3 4 1 4 3 3 3 2 4 3 3 3 4 2 3 3 2 2 2 3 1 3 3 3 3 3 3 3 1 2 2 3 2 3 3 2 3 4 3 2 2 2 3 2 2 3 2 2 3 2 3 3 2 2 2 3 2 2 3 2 2 3 2 3 3 3 2 3 3 3 1 3 3 3 4 2 4 3 2 3 1 2 3 3 3 2 3 3 3 3 3 3 2 2 3 1 3 3 3 3 3 2 3 2 4 3 3 3 2 3 3 3 3 3 3 3 3 3 3 3 3 2 3 3 3 4 3 2 2 2 3 3 2 3 2 3 3 3 3 3 1 3 2 3 3 3 3 3 3 2 2 2 2 3 3 3 3 3 3 3 3 3 2 2 2 3 4 4 3 3 2 
Vertex 40: 3 3 3 2 3 3 3 3 2 3 3 4 3 3 3 2 3 3 2 2 3 3 4 3 2 3 3 3 3 3 2 3 3 4 4 3 4 4 3 2 0 3 2 3 3 2 3 3 3 3 3 3 3 2 3 3 3 1 3 3 3 3 3 3 3 3 3 4 3 2 2 3 3 3 2 3 2 3 1 3 4 3 4 1 3 2 3 3 3 2 4 4 3 3 4 3 4 2 4 4 2 4 2 2 3 4 3 2 3 3 2 2 2 3 3 4 4 3 2 2 3 2 2 3 3 4 3 2 3 3 1 3 3 2 3 3 3 2 3 4 2 3 3 3 3 3 3 2 3 3 3 3 3 3 3 3 3 3 3 3 4 3 2 3 4 3 3 2 2 2 2 2 3 3 2 2 3 2 3 3 3 2 3 3 3 3 2 3 3 3 2 3 3 3 2 3 3 2 2 3 3 3 3 3 3 3 3 3 3 3 3 3 3 3 3 3 3 3 3 3 3 4 3 2 1 3 3 4 3 2 3 4 3 4 4 3 3 3 4 3 3 3 1 3 2 2 4 4 3 2 3 3 2 2 2 3 3 3 3 3 4 3 2 3 2 3 3 3 3 3 3 3 3 3 4 3 4 3 3 3 2 2 3 2 2 3 3 3 3 3 3 3 3 3 3 3 3 3 3 2 3 3 3 3 4 3 3 2 3 3 4 3 2 3 3 3 3 3 3 4 3 3 3 3 2 3 3 3 2 3 3 2 3 3 3 3 3 3 2 3 1 3 3 3 3 1 3 3 3 3 3 3 4 3 3 2 3 3 3 3 2 3 3 3 3 3 3 3 3 3 3 3 2 3 3 3 2 2 3 2 3 3 3 3 3 3 4 3 2 3 3 3 3 3 3 4 4 3 3 3 4 4 4 4 3 3 3 4 2 3 3 2 4 3 2 3 3 3 3 4 3 4 3 2 3 1 3 3 2 2 3 3 3 3 4 3 2 4 3 3 3 3 3 3 3 3 3 3 3 3 2 3 3 3 3 4 3 3 3 3 3 4 3 3 2 3 3 4 3 3 3 3 3 3 3 3 3 2 3 3 2 3 3 2 3 2 3 3 3 3 3 2 3 2 3 3 4 3 2 2 
Vertex 41: 3 3 3 2 3 3 3 3 3 3 3 2 3 3 3 2 3 2 3 3 3 2 3 2 3 3 4 2 2 3 3 4 3 2 2 3 3 3 3 3 3 0 2 3 3 3 3 3 3 3 3 3 4 3 3 2 3 2 2 2 3 3 3 2 3 1 3 3 3 2 2 3 2 3 3 3 3 4 4 3 2 3 2 3 3 3 3 3 3 3 4 2 2 4 2 3 2 4 3 3 3 2 3 4 3 4 2 3 3 3 3 2 3 2 3 3 2 3 3 4 3 4 3 2 3 4 3 3 2 3 2 3 3 2 3 3 3 2 3 2 3 3 3 3 4 2 3 3 3 4 1 3 3 3 3 3 3 3 3 3 4 4 2 2 3 3 2 3 3 3 2 2 3 3 2 2 4 3 3 3 3 2 3 4 2 4 3 3 3 3 3 3 2 3 3 3 4 1 4 4 3 3 3 3 3 3 2 3 3 2 4 3 3 3 2 2 3 3 4 2 1 3 3 3 3 3 3 3 3 3 2 3 3 3 4 3 3 3 3 3 3 2 3 3 3 2 3 2 2 3 3 1 3 3 3 2 2 3 3 3 4 3 1 3 3 3 3 1 3 3 3 3 3 3 2 3 3 3 3 2 3 3 2 3 3 3 3 3 3 3 3 3 4 3 2 3 3 3 3 3 2 3 3 3 3 2 3 3 2 2 3 3 3 3 3 3 3 3 3 2 3 3 2 4 3 3 3 3 2 3 1 3 3 3 2 3 2 3 3 3 3 3 3 3 3 2 3 3 3 2 3 2 3 3 3 2 2 3 3 3 3 3 3 3 3 4 3 2 3 3 3 3 3 2 3 2 3 4 2 3 3 2 3 3 3 3 3 1 2 3 4 3 3 3 3 3 1 2 4 2 3 3 3 4 3 2 4 3 3 3 4 3 2 3 2 2 3 3 4 3 3 4 3 3 2 2 3 4 3 3 3 3 3 3 3 2 3 3 3 3 3 3 2 2 3 3 2 3 3 3 4 3 3 3 3 3 3 3 3 3 2 3 3 2 3 3 3 3 3 3 3 2 2 2 4 3 2 3 2 3 3 3 2 3 2 3 3 2 2 4 3 3 3 3 2 3 3 3 3 3 
Vertex 42: 3 3 1 3 2 3 3 3 3 2 3 3 3 3 3 2 3 2 3 3 3 3 3 3 3 3 4 4 3 3 4 4 3 3 3 3 4 4 3 2 2 2 0 3 3 3 3 3 3 3 3 3 4 2 1 3 2 3 3 3 3 3 3 3 3 3 3 3 2 3 3 3 3 3 3 3 3 3 3 3 3 3 2 2 3 3 3 3 3 3 4 4 3 3 3 3 4 2 2 3 3 3 2 3 3 3 3 3 3 4 3 3 3 3 3 3 3 2 2 3 3 3 3 3 2 3 2 3 3 3 2 3 3 3 3 4 3 3 2 3 2 3 3 3 2 2 3 3 3 3 3 3 3 1 4 3 3 3 3 3 4 3 2 3 4 3 3 3 3 3 3 3 3 3 2 2 4 2 2 3 3 2 3 3 3 3 3 3 4 3 3 3 2 2 3 3 3 2 3 3 3 4 3 2 3 3 4 3 2 2 3 4 3 3 2 3 3 3 4 3 3 4 3 3 3 3 3 3 2 3 2 3 3 3 2 3 3 2 3 2 1 3 3 4 2 3 3 3 2 3 3 3 3 1 3 3 3 3 2 1 2 3 1 3 3 3 3 3 3 3 3 2 4 3 3 3 2 3 2 3 3 2 3 3 3 3 2 3 2 4 3 3 3 3 2 4 3 3 3 3 3 4 2 4 3 3 3 3 2 3 3 2 3 4 2 3 3 3 3 3 1 3 3 2 3 3 3 3 3 4 3 2 3 2 3 3 3 3 3 3 3 2 2 3 3 1 3 2 2 2 3 3 3 2 3 2 2 3 3 3 3 3 2 3 3 3 4 3 2 3 3 2 3 2 2 2 3 3 2 3 1 3 3 4 3 2 3 3 3 3 3 3 2 3 3 3 3 2 3 2 4 3 3 4 3 2 4 3 3 1 3 3 4 3 2 3 3 3 2 4 3 3 3 4 3 2 2 3 3 3 3 3 3 3 3 4 3 3 3 2 3 3 3 3 3 3 3 3 3 3 3 3 3 4 3 2 3 3 2 3 3 3 3 3 3 3 3 4 3 3 3 3 2 3 3 3 3 2 3 3 3 3 3 2 3 3 3 2 3 2 3 2 3 3 3 3 2 4 2 3 
Vertex 43: 4 3 3 3 2 3 4 3 3 3 3 4 3 2 2 3 3 3 3 3 3 3 3 3 3 4 4 3 3 3 3 2 3 3 2 3 3 3 2 3 3 3 3 0 3 3 4 3 3 3 4 2 3 3 2 4 3 3 3 3 3 3 3 3 4 3 2 3 3 3 2 3 4 3 3 4 3 3 3 2 4 4 3 3 3 3 2 4 3 4 3 3 4 4 3 4 4 3 4 4 2 4 2 4 3 4 2 2 3 3 1 3 4 4 4 4 3 4 3 2 3 3 3 3 3 2 3 3 3 4 2 3 3 3 4 3 2 3 3 3 3 3 3 4 3 3 4 3 3 3 3 3 2 4 3 3 2 2 3 3 3 3 4 2 3 4 3 4 3 3 3 3 3 3 2 1 3 3 3 2 3 3 3 3 3 2 2 4 3 4 3 4 3 4 3 3 3 2 3 2 2 2 3 4 4 4 3 1 3 3 2 4 3 3 2 2 3 3 3 3 3 3 3 3 2 2 3 3 3 3 3 2 4 3 3 2 4 3 3 2 4 2 3 3 3 3 2 3 1 3 3 3 3 2 3 3 2 2 3 3 4 4 2 3 3 2 3 2 2 3 3 2 4 3 3 2 2 2 3 1 3 3 3 3 3 3 2 4 3 3 2 3 4 3 2 3 3 3 2 3 3 3 3 3 3 3 3 3 3 3 3 3 2 3 3 3 4 3 3 3 4 3 3 3 2 3 3 3 3 3 3 3 3 3 3 3 3 3 2 3 3 3 3 2 3 3 3 3 3 2 3 2 3 3 3 2 3 3 3 1 4 3 3 3 3 3 4 4 3 2 2 3 3 3 3 3 3 3 3 3 4 3 3 2 2 3 3 3 3 3 3 3 3 3 3 3 4 3 3 3 3 3 3 3 3 3 3 2 3 3 2 3 3 2 3 3 2 4 3 2 3 4 3 3 3 3 3 3 3 3 3 4 3 3 3 3 3 3 3 3 3 3 4 2 3 4 3 3 4 3 3 3 4 3 4 4 3 3 3 3 3 3 3 3 2 3 3 4 1 2 4 3 3 4 3 2 2 3 3 2 3 3 3 3 3 3 3 4 4 3 4 3 3 3 3 4 3 3 3 3 
Vertex 44: 3 3 3 2 2 3 4 2 4 3 3 3 2 3 3 2 3 3 3 3 3 3 3 2 3 2 4 3 3 3 3 3 2 3 3 3 2 4 4 2 3 3 3 3 0 3 3 2 3 3 2 3 4 3 3 1 3 3 2 3 2 3 3 1 3 3 1 3 3 3 2 3 1 3 3 3 2 3 3 2 3 3 1 3 3 3 3 2 2 3 3 4 3 3 3 3 2 3 3 3 1 3 3 3 3 2 3 2 3 4 3 2 3 3 3 3 3 3 4 3 4 4 3 3 2 3 3 3 3 2 2 2 2 2 2 3 3 3 2 3 3 2 2 3 2 3 2 3 3 3 3 3 3 2 3 3 2 3 4 3 4 3 3 3 3 3 3 3 3 1 2 3 2 4 3 3 2 3 3 3 3 3 1 2 2 3 3 3 3 3 3 2 2 3 3 2 3 3 3 3 2 2 3 2 3 3 3 3 3 3 4 3 3 2 3 3 3 3 2 2 2 3 3 3 3 3 4 3 3 3 3 3 3 3 3 2 3 3 3 2 4 3 3 3 4 3 3 3 3 3 4 2 2 2 2 3 3 2 2 3 3 2 3 3 3 3 3 2 3 3 3 3 3 3 2 2 3 3 3 3 2 3 2 3 3 3 3 4 3 3 3 3 2 2 3 3 3 4 3 3 2 3 3 3 3 3 2 3 3 2 3 3 2 3 3 3 2 3 3 3 3 2 3 3 4 3 3 3 3 2 3 2 3 3 3 3 3 2 3 2 3 3 2 3 1 3 3 3 2 3 3 2 1 2 3 3 2 1 3 3 3 3 3 2 2 3 3 2 3 3 3 3 2 3 3 2 3 3 3 2 3 2 3 3 3 3 3 3 3 3 3 3 3 2 2 2 3 3 3 3 3 2 3 4 3 3 3 3 3 3 3 3 3 3 3 2 2 3 3 3 4 3 3 2 2 2 3 3 3 1 3 2 3 2 3 3 3 3 4 3 3 3 2 3 3 3 2 4 3 3 4 3 3 3 3 3 2 4 3 1 2 2 3 3 3 3 3 1 2 2 3 2 2 2 3 3 3 2 3 3 3 3 2 3 3 3 3 3 4 2 2 3 2 3 2 4 3 3 2 3 
Vertex 45: 1 2 2 2 3 2 4 3 3 3 3 3 3 3 2 3 3 3 2 2 3 3 3 3 3 3 3 2 3 4 3 3 3 3 4 3 3 3 3 2 2 3 3 3 3 0 2 3 3 3 4 3 3 3 3 2 3 3 3 2 3 2 3 3 3 4 2 2 3 3 2 2 3 2 3 3 4 3 3 3 4 4 3 3 3 3 2 3 3 2 2 4 4 2 3 3 4 2 3 3 3 3 3 2 3 2 4 3 3 3 4 3 4 3 3 4 4 3 3 4 3 3 3 2 2 3 4 3 3 3 3 3 3 3 3 3 3 3 4 2 4 4 2 3 4 3 3 3 3 3 3 3 3 4 4 3 2 3 4 2 4 3 3 3 3 3 3 2 3 3 2 3 3 4 3 3 3 3 3 3 2 3 3 3 2 3 4 3 3 3 4 3 3 3 2 3 3 3 2 3 1 3 3 3 3 4 3 3 3 3 2 4 2 2 3 3 3 3 3 3 4 4 3 3 3 3 3 2 2 2 3 3 4 3 3 3 3 3 4 3 3 3 3 4 3 2 3 2 3 3 3 2 3 3 3 3 3 2 2 3 2 4 4 4 3 3 2 3 3 3 3 3 2 1 3 3 3 2 4 3 3 3 3 3 2 3 1 3 3 3 3 3 4 3 2 1 2 2 3 4 3 3 4 3 3 3 3 3 3 3 3 3 3 3 3 3 3 3 3 3 4 1 3 3 2 3 3 3 4 3 3 3 4 3 3 4 3 3 2 2 1 3 3 3 3 3 2 2 3 3 3 3 4 3 3 4 3 3 3 3 4 3 4 3 3 3 2 4 2 3 2 3 3 3 3 2 3 2 4 3 3 2 4 3 3 3 3 3 3 3 2 3 3 3 3 3 3 2 3 2 3 2 3 3 2 2 4 3 3 3 2 4 4 3 3 2 3 3 3 3 3 4 1 3 3 3 2 3 3 3 3 4 3 3 3 1 2 3 3 2 3 3 3 3 3 3 3 3 4 3 3 4 3 3 3 3 3 3 3 2 3 3 3 2 3 3 3 3 2 3 3 2 4 3 4 3 4 3 3 3 3 3 3 3 3 3 4 3 4 3 3 3 3 3 3 3 3 3 3 3 
Vertex 46: 2 2 3 2 2 3 3 3 3 3 3 3 3 3 3 3 3 3 4 2 3 3 2 3 2 2 3 2 3 3 3 3 3 3 3 3 3 3 3 3 3 3 3 4 3 2 0 3 3 2 3 3 3 3 3 3 3 3 3 3 3 2 3 3 3 2 3 3 2 3 3 2 3 3 2 3 3 1 3 2 3 3 3 2 3 3 2 2 3 2 3 2 3 2 2 3 3 3 3 1 2 3 3 4 3 2 3 2 2 3 3 2 3 3 3 2 3 3 3 3 3 3 3 3 3 3 3 3 3 4 3 4 3 3 3 2 2 2 3 2 3 3 3 3 3 4 3 3 3 3 2 3 3 3 4 3 2 3 3 3 3 3 3 3 3 4 3 3 3 3 3 3 4 3 3 3 3 2 3 3 3 3 3 3 3 2 2 3 3 3 2 2 3 3 2 2 3 3 3 2 3 2 3 4 3 3 3 3 3 3 3 3 3 4 3 3 3 3 4 3 3 4 3 2 3 3 3 3 2 2 3 2 3 3 3 3 4 2 3 3 4 3 2 3 3 3 2 1 3 2 2 3 3 3 2 3 3 3 3 3 2 3 3 3 2 3 2 2 2 3 3 3 3 2 3 3 3 2 3 3 3 3 3 3 3 3 3 3 1 3 3 4 3 3 2 3 3 3 3 3 4 2 3 2 2 3 3 2 2 2 3 3 2 3 3 3 3 3 3 3 2 3 2 3 3 2 1 2 2 3 4 3 3 4 3 2 3 3 3 3 3 3 2 4 3 4 3 2 2 2 3 3 3 2 2 3 2 3 2 3 3 3 3 3 3 3 3 3 3 3 3 2 2 3 3 3 3 3 3 1 3 3 2 3 2 3 3 3 2 3 3 3 2 3 3 3 4 3 3 2 3 3 3 3 3 3 3 2 4 3 2 3 3 3 2 2 3 3 2 4 1 2 2 3 3 3 3 3 3 3 1 3 3 3 3 3 2 3 3 3 3 3 2 3 3 3 3 3 2 3 3 2 3 4 3 2 3 3 3 3 3 2 3 1 3 3 3 3 3 3 3 2 3 3 2 3 4 3 1 4 4 3 3 3 3 3 3 3 3 3 3 3 3 3 3 3 3 1 3 3 
Vertex 47: 3 3 2 3 2 3 3 4 4 3 3 2 2 3 3 3 3 3 3 2 2 3 3 2 3 2 4 3 3 2 3 3 2 3 3 2 2 4 2 3 3 3 3 3 2 3 3 0 1 3 3 2 3 3 2 3 3 3 3 1 3 3 3 3 3 3 3 3 3 3 3 2 3 3 3 4 3 3 3 3 3 2 3 3 2 2 3 3 2 3 3 2 3 3 2 1 4 1 2 3 3 2 3 3 2 3 3 3 2 2 3 3 3 3 3 3 3 2 3 4 2 3 2 3 4 3 3 3 3 3 2 1 3 3 4 2 3 3 3 2 2 3 3 3 2 3 4 3 2 3 3 3 2 3 4 2 3 3 2 3 3 2 3 3 3 2 3 3 2 1 2 3 3 3 3 2 2 3 1 3 2 3 3 3 3 3 3 3 3 3 3 2 3 3 3 2 3 2 2 3 2 3 3 2 3 2 2 3 3 2 3 3 1 2 2 3 3 3 3 2 2 4 3 3 2 3 4 3 2 3 2 3 3 2 3 2 3 2 3 2 2 3 4 3 2 2 4 3 3 3 3 2 2 3 2 3 3 3 2 3 3 2 3 1 3 3 2 2 3 4 2 3 3 2 3 3 3 3 3 3 3 3 3 2 2 3 3 2 3 3 3 2 2 3 3 4 3 3 2 3 2 2 3 2 3 1 3 3 3 2 3 3 2 3 2 3 3 3 3 2 3 3 3 3 3 3 3 3 3 3 2 2 3 2 3 1 1 3 3 3 2 3 3 3 3 3 3 3 2 3 2 1 2 2 3 2 3 3 3 3 4 3 3 2 3 2 2 3 3 2 3 2 2 3 2 3 3 1 2 3 3 3 3 2 4 2 3 3 3 3 3 3 3 2 2 3 4 3 2 3 3 3 3 3 3 3 4 3 3 2 3 3 3 3 3 3 2 2 3 4 3 3 4 3 3 3 2 3 3 2 3 3 3 2 3 2 3 2 2 2 2 3 3 3 3 3 3 3 3 2 3 3 3 3 3 3 3 3 2 3 3 3 3 3 3 3 2 3 3 2 3 3 3 3 3 3 2 3 2 3 3 2 2 3 1 2 3 2 3 4 3 2 2 2 3 2 3 3 2 2 
Vertex 48: 3 3 3 3 3 3 3 3 3 4 2 2 3 2 3 3 3 2 3 2 3 3 2 3 4 3 4 3 2 3 3 3 3 3 3 3 3 3 3 4 3 3 3 3 3 3 3 1 0 2 2 3 4 2 3 3 3 3 3 2 4 3 3 3 3 3 3 3 3 3 3 2 2 3 3 3 2 4 3 3 2 1 3 3 3 3 4 3 3 3 3 3 4 4 3 2 4 2 3 2 4 3 3 3 3 2 3 3 3 1 4 3 2 3 2 3 4 3 4 3 3 2 3 3 4 4 3 3 4 3 3 2 2 3 3 3 3 3 3 1 3 2 3 2 3 4 3 3 3 3 2 2 3 3 3 3 3 3 3 2 2 3 3 3 3 3 3 3 3 2 2 3 3 3 3 3 1 3 2 3 3 3 4 3 3 3 3 3 3 4 4 3 3 3 3 2 4 3 1 4 2 3 3 3 4 3 3 3 3 2 4 4 2 3 3 3 3 3 3 1 3 4 2 3 3 3 4 3 1 3 3 3 3 3 3 3 3 1 2 3 3 4 3 3 3 3 3 3 4 3 4 3 3 3 3 3 3 3 3 3 3 3 3 2 3 3 3 2 3 3 3 3 3 2 3 3 3 2 3 2 3 3 3 3 3 4 2 3 3 3 2 3 3 3 3 4 3 2 3 3 3 3 3 2 2 2 3 3 3 3 4 3 3 3 3 2 3 3 3 2 4 3 3 4 4 4 3 3 3 3 3 3 3 3 2 2 2 2 3 3 2 3 4 3 4 3 3 3 3 3 3 2 3 3 3 3 2 3 3 3 4 3 3 3 3 3 2 4 3 3 3 3 3 3 3 3 3 2 2 3 2 3 3 3 4 3 4 4 3 3 3 3 3 3 3 2 3 3 3 3 3 3 3 4 4 3 3 2 2 3 3 3 3 3 3 3 3 3 3 4 2 3 3 3 3 3 3 3 3 2 3 4 3 3 3 3 3 3 3 3 3 3 3 4 2 2 3 3 3 3 3 3 3 3 3 3 4 2 3 3 2 3 3 3 3 4 3 3 3 3 3 2 3 3 3 3 3 4 2 4 3 2 3 3 2 3 4 3 3 3 4 3 2 3 2 3 4 3 2 2 
Vertex 49: 3 3 2 2 2 2 2 3 2 3 2 2 3 3 3 2 3 2 3 3 3 3 2 3 3 3 3 3 3 3 3 3 3 3 2 3 3 2 3 2 3 3 3 3 3 3 2 3 2 0 3 3 3 1 2 3 2 3 3 2 2 3 3 3 3 3 4 3 3 3 3 3 3 2 3 2 4 3 3 3 3 3 3 3 3 3 3 3 3 3 3 3 3 4 3 2 3 3 3 3 3 3 3 3 3 3 3 3 1 3 3 3 3 3 3 2 3 3 3 4 3 4 4 3 3 3 3 2 3 3 3 3 2 3 4 3 2 3 3 1 2 3 3 3 3 3 4 2 3 2 2 2 3 4 3 2 2 2 3 3 2 4 3 3 3 3 2 3 3 2 2 3 2 1 2 3 3 3 3 3 3 2 3 3 2 3 3 3 3 4 3 3 3 3 3 3 3 3 3 3 3 3 3 2 3 3 3 3 2 3 3 3 3 2 3 3 3 2 2 2 3 3 2 3 3 2 3 3 3 3 3 3 3 2 3 3 3 3 4 3 4 3 3 3 3 2 3 3 3 3 2 3 3 2 3 3 3 3 2 2 3 1 3 2 2 3 3 2 3 2 1 3 3 2 3 1 3 2 4 3 3 3 3 2 2 2 2 4 2 3 3 3 2 3 3 4 3 3 3 3 3 3 3 3 2 3 2 3 2 3 4 3 2 3 1 2 2 4 3 2 3 3 2 3 3 4 3 3 3 3 3 3 3 3 3 2 3 2 2 2 3 4 3 3 3 3 3 3 3 3 3 3 3 3 2 3 3 2 3 3 2 3 2 3 3 3 3 3 3 2 3 3 3 2 3 3 4 3 4 2 3 3 3 3 3 3 2 3 3 3 2 3 1 3 2 3 4 3 3 1 3 3 3 4 2 3 3 3 3 3 2 3 1 2 3 3 3 3 3 3 2 3 2 3 3 2 3 3 3 3 2 2 3 3 4 3 3 2 3 2 3 3 3 3 3 2 2 3 3 2 2 3 3 3 3 3 4 2 3 3 2 3 2 3 4 3 3 3 3 3 3 1 3 3 3 2 4 3 3 3 2 3 2 3 3 3 2 3 1 4 3 3 2 3 3 3 3 3 3 3 
Vertex 50: 3 3 2 3 3 3 4 3 3 4 2 2 3 2 3 2 3 3 3 2 3 2 3 3 3 3 4 2 3 4 4 4 1 2 3 2 3 3 3 2 3 3 3 4 2 4 3 3 2 3 0 3 4 3 3 3 3 3 2 3 3 3 3 3 3 3 3 3 3 1 2 3 3 3 3 3 3 4 4 3 2 3 3 3 3 3 3 3 2 3 3 3 3 3 3 2 3 3 2 4 3 3 3 4 3 4 3 3 2 3 3 3 3 2 3 2 3 3 2 3 3 2 3 3 4 3 3 3 3 3 3 3 3 3 3 3 3 3 3 3 3 2 3 3 3 2 4 2 3 3 3 3 2 3 4 4 2 3 3 3 4 3 3 3 3 3 3 4 3 3 3 3 2 3 3 3 3 3 3 3 3 3 2 2 3 3 2 3 3 3 3 2 3 2 3 3 2 2 3 4 4 4 3 3 3 3 3 3 3 3 2 3 3 2 2 2 3 4 3 3 3 4 2 3 3 3 2 3 3 3 3 4 3 4 3 3 4 1 1 3 4 2 2 3 3 3 3 3 3 3 3 3 3 3 3 3 3 3 2 3 3 3 3 3 3 2 3 3 3 3 3 3 4 3 3 4 2 3 3 3 4 2 3 4 3 3 3 2 3 3 3 3 3 3 3 3 2 3 2 2 3 3 3 3 2 3 3 2 2 2 3 4 3 2 3 3 3 3 2 2 2 3 3 4 2 3 3 3 3 3 3 3 3 2 2 3 3 3 3 3 3 3 3 3 3 3 3 3 2 3 3 2 3 2 3 2 3 1 3 3 3 2 4 3 3 3 3 3 3 2 3 3 2 3 4 3 3 3 2 3 2 3 4 3 3 3 3 3 2 3 3 1 3 2 3 2 3 4 3 3 4 3 3 3 3 3 3 3 2 3 3 3 3 3 2 2 3 3 3 3 4 3 3 2 2 2 3 4 1 3 3 4 3 3 2 3 3 3 3 2 3 3 3 3 1 3 2 3 3 3 4 2 2 3 3 3 3 3 3 3 3 3 2 3 3 4 2 3 3 3 3 2 2 3 4 3 2 3 2 3 3 3 3 1 3 3 3 3 3 3 3 2 4 3 2 3 3 3 3 4 
Vertex 51: 2 1 3 3 3 3 3 2 3 3 3 3 2 3 3 3 2 3 2 2 1 3 3 3 3 4 3 3 4 2 2 3 3 3 3 2 3 3 2 1 3 3 3 2 3 3 3 2 3 3 3 0 3 3 2 3 3 3 3 2 3 3 3 3 2 3 2 3 3 3 3 2 3 4 3 3 3 3 2 2 3 3 3 3 3 2 3 3 3 3 3 3 3 3 3 2 4 3 3 4 2 3 3 4 3 3 3 2 3 2 3 3 2 3 3 3 3 3 3 2 3 2 3 3 3 3 4 3 4 2 3 3 3 3 3 3 2 3 3 3 4 3 3 3 2 3 2 3 3 2 3 3 3 4 4 3 2 2 1 2 4 2 3 2 3 3 3 3 2 3 3 3 3 4 3 3 4 2 1 2 3 2 3 3 3 3 3 3 3 3 3 2 3 3 3 4 3 3 3 3 3 3 3 3 2 2 3 1 3 2 3 3 3 3 3 2 3 3 3 3 2 3 3 3 2 3 3 3 4 3 3 2 3 3 3 2 3 3 3 3 4 3 3 3 2 3 2 2 3 3 3 3 3 2 3 3 3 3 3 2 3 3 3 3 3 2 3 3 2 2 3 1 3 3 2 3 2 3 3 3 3 2 2 1 3 3 3 3 2 3 3 2 3 4 2 4 3 3 3 3 2 3 3 3 3 3 3 2 2 3 3 2 2 2 3 2 4 3 3 2 3 2 2 3 3 3 3 3 2 2 3 2 3 3 3 3 2 4 3 3 3 3 1 3 2 3 3 2 3 2 3 3 3 3 3 3 3 2 3 3 3 3 3 3 3 4 3 3 3 3 3 3 3 2 3 1 2 3 2 3 3 3 2 3 4 2 3 4 2 3 2 2 3 3 3 2 2 3 2 2 3 2 3 3 3 3 3 1 3 2 2 3 3 2 3 3 3 2 3 2 3 3 2 3 1 3 2 3 3 3 2 3 3 3 3 3 2 2 3 3 3 2 2 3 3 4 3 3 3 3 3 3 2 4 3 2 2 3 3 3 4 3 3 2 2 3 3 3 3 2 3 3 3 3 2 2 3 3 2 1 3 3 3 4 3 3 3 3 2 3 4 3 3 2 3 3 4 3 3 3 
Vertex 52: 3 3 3 3 3 3 3 3 3 4 3 3 4 3 2 3 3 4 3 3 2 3 3 3 3 4 3 3 3 4 2 3 3 4 4 4 3 4 3 3 3 4 4 3 4 3 3 3 4 3 4 3 0 4 3 3 3 2 3 2 3 4 2 4 3 3 3 3 4 4 3 3 3 3 3 3 3 3 2 3 4 3 3 3 3 4 3 4 3 3 3 4 4 4 3 3 4 3 3 3 3 3 3 3 3 2 3 3 3 3 4 3 3 4 3 4 3 3 4 3 2 2 3 3 4 3 3 3 3 3 3 4 3 4 3 3 3 3 3 3 3 4 3 3 3 3 3 3 3 3 4 3 2 4 4 3 3 3 3 3 4 4 3 3 4 2 4 3 2 3 2 2 4 4 3 4 3 2 3 3 1 4 4 2 3 3 3 4 3 4 4 3 3 4 3 4 4 3 3 3 3 3 3 3 3 4 3 3 3 3 4 4 3 4 4 3 3 3 3 4 4 4 3 3 3 1 4 4 3 3 3 2 3 4 2 3 3 3 3 3 4 3 3 3 2 3 3 4 2 3 4 3 3 3 2 3 4 3 4 4 3 4 3 3 3 3 3 3 3 4 3 3 3 2 3 3 3 3 3 2 2 3 4 3 3 3 3 2 3 3 3 3 4 3 3 4 3 4 3 3 2 3 3 3 3 4 3 3 2 3 2 3 2 3 3 3 3 4 3 3 3 3 3 4 4 4 4 3 2 4 3 4 2 4 2 2 3 2 3 2 2 3 3 1 3 3 3 3 4 3 4 3 3 2 4 3 3 3 3 3 2 3 4 3 3 3 4 3 3 3 3 2 4 4 4 3 4 3 4 2 3 4 3 3 4 3 3 4 3 3 3 4 3 3 3 4 3 4 3 4 4 4 4 3 3 4 4 3 3 3 3 3 4 2 3 4 3 3 3 4 4 4 3 3 4 3 4 3 3 3 3 4 3 3 3 3 1 3 3 2 2 3 3 3 3 4 3 4 3 4 3 3 3 4 4 3 4 2 2 3 2 4 3 2 3 3 3 3 2 2 4 2 3 3 4 4 4 3 3 3 4 3 3 4 3 3 4 3 3 4 4 4 3 2 3 3 3 3 2 3 
Vertex 53: 3 4 2 3 1 3 1 3 3 2 3 3 3 3 3 3 3 2 2 3 3 3 2 3 3 3 4 4 4 3 3 2 3 3 3 3 4 3 4 3 2 3 2 3 3 3 3 3 2 1 3 3 4 0 1 3 2 3 3 3 3 2 3 4 3 3 4 3 3 3 3 3 3 2 4 3 4 3 3 3 3 3 2 3 3 3 2 3 3 3 3 4 4 3 2 3 4 2 3 3 3 4 3 3 2 3 3 3 2 3 3 3 3 3 3 3 3 3 3 4 4 4 3 3 3 4 3 3 3 4 3 3 2 3 3 4 3 3 3 2 3 3 3 3 3 2 3 3 3 3 3 3 3 3 4 3 3 3 3 3 3 3 2 2 3 3 3 4 3 2 3 2 3 2 2 2 3 3 2 3 3 3 4 4 1 3 3 3 4 3 3 3 3 2 2 3 3 3 3 4 3 3 3 3 3 3 3 3 2 4 3 3 3 3 3 2 3 3 2 3 4 3 3 3 2 3 3 3 3 3 3 3 4 3 4 2 3 3 3 2 3 3 3 3 4 3 3 3 2 3 3 3 3 2 3 3 3 3 1 3 3 2 2 3 3 3 3 3 3 3 2 4 3 3 3 2 2 2 3 2 3 3 3 3 3 3 3 3 3 3 3 3 3 3 3 3 3 3 3 3 3 4 3 3 3 3 3 4 3 3 4 2 3 3 2 3 3 4 3 3 3 2 3 3 3 4 4 3 2 3 4 4 3 4 3 3 4 3 3 3 3 3 3 3 2 3 2 3 3 3 2 3 3 2 3 3 2 2 3 3 2 3 2 3 3 3 4 4 3 3 3 4 3 3 3 3 3 3 3 3 3 3 4 3 4 3 3 2 3 3 3 3 2 4 3 3 4 3 3 2 3 4 2 3 2 4 3 3 3 3 3 2 2 3 3 3 3 3 4 2 3 4 3 3 3 1 2 3 2 2 2 2 3 3 3 3 3 2 4 2 2 3 3 3 3 3 2 4 3 3 3 3 3 4 3 3 3 3 2 2 3 3 3 4 3 2 3 3 3 3 3 2 2 3 3 3 3 3 3 4 1 3 2 2 3 4 3 4 2 3 3 3 3 3 4 4 3 4 2 2 
Vertex 54: 3 3 1 3 2 3 2 3 3 1 3 2 3 3 3 2 3 3 3 3 3 2 3 3 2 2 3 3 4 2 4 3 2 3 2 3 3 3 3 3 3 3 1 2 3 3 3 2 3 2 3 2 3 1 0 3 1 3 2 2 3 2 3 3 2 3 3 3 2 3 3 2 3 3 3 3 3 3 3 2 3 2 3 3 2 2 3 4 3 2 3 4 3 3 2 3 4 2 3 2 3 4 2 3 2 3 2 4 3 3 3 3 2 3 3 2 2 2 2 3 3 3 3 2 3 3 2 3 3 3 2 3 3 3 3 3 3 2 3 3 3 3 3 3 2 2 3 3 3 3 3 3 3 2 3 3 2 2 3 3 3 2 3 2 3 3 2 3 2 3 3 2 4 3 1 1 3 3 1 2 2 3 3 3 2 2 2 3 3 2 3 3 3 3 2 2 3 2 3 3 3 3 2 3 3 3 3 2 1 3 3 3 3 3 2 3 3 3 3 3 3 3 3 2 3 2 2 3 3 2 3 3 3 3 3 2 4 3 2 2 2 3 3 3 3 3 3 3 3 3 3 3 2 2 3 3 2 2 2 2 2 3 2 3 2 3 2 3 3 2 3 3 3 2 3 2 1 2 3 3 3 2 3 3 3 3 2 3 3 3 2 2 2 2 2 4 3 3 2 3 2 3 3 3 3 3 3 3 3 3 3 1 3 3 2 3 3 4 3 2 2 2 2 3 2 3 3 3 3 3 3 3 3 3 3 3 3 3 3 3 3 2 2 4 3 2 2 3 3 2 3 2 2 1 2 3 1 3 3 2 3 3 1 3 3 3 3 3 2 3 2 3 3 3 2 3 3 2 2 2 2 3 3 3 3 3 4 3 3 2 3 3 2 3 2 3 3 3 2 3 3 3 3 3 3 3 3 2 3 2 2 2 3 3 3 4 3 3 3 3 3 3 3 3 3 2 1 3 3 3 3 3 3 3 3 3 2 3 3 1 3 3 3 2 3 3 2 3 2 3 3 3 3 3 3 2 3 2 3 3 3 2 2 3 3 3 2 3 2 3 2 2 3 4 3 3 3 3 3 3 2 2 3 3 3 3 3 3 2 2 3 3 3 2 3 3 2 4 3 2 
Vertex 55: 3 3 3 3 3 3 3 3 3 3 2 3 3 2 4 3 3 3 3 3 2 3 4 3 3 3 4 3 3 2 3 2 3 2 3 3 3 3 3 2 3 2 3 4 1 2 3 3 3 3 3 3 3 3 3 0 3 3 2 3 3 2 4 2 3 3 2 3 3 3 3 3 1 3 3 4 3 4 3 2 4 3 2 3 3 3 3 3 3 3 3 4 3 2 3 3 3 3 2 4 2 3 3 3 3 3 2 3 3 4 3 3 2 2 3 3 2 3 3 4 3 3 3 3 3 3 3 4 3 2 3 2 2 2 2 2 3 3 2 3 3 3 2 3 3 2 3 2 3 3 3 4 3 3 3 3 3 3 3 3 4 3 2 3 4 3 3 3 3 2 3 3 3 4 2 3 3 3 3 3 3 2 2 3 2 2 3 2 3 4 3 3 2 3 3 3 3 3 3 3 3 3 4 3 3 3 4 3 3 3 3 4 3 3 3 2 3 3 3 2 2 3 3 3 2 3 3 3 3 3 3 3 3 3 2 3 3 3 3 3 4 2 4 3 3 3 3 3 3 2 4 1 1 3 3 2 3 3 3 3 3 3 3 3 3 3 3 3 3 3 3 3 3 2 3 3 3 3 3 3 1 3 3 3 3 2 3 3 3 3 3 3 3 1 2 3 4 3 3 2 3 3 3 3 3 4 3 2 3 3 3 4 2 3 2 3 1 3 3 3 4 1 3 2 3 4 2 3 3 3 3 1 4 3 3 3 2 3 4 3 2 3 3 3 2 2 3 3 3 3 2 3 2 3 3 3 3 2 3 3 2 3 3 3 2 4 3 3 3 2 2 3 3 3 3 2 4 3 2 3 3 2 3 3 3 2 4 3 3 2 3 3 3 2 3 3 3 4 3 3 3 3 3 3 2 3 3 3 3 3 3 3 3 3 3 2 3 4 4 3 4 4 3 2 3 2 2 2 3 2 3 3 2 2 3 2 2 3 3 3 3 3 1 2 3 2 3 3 3 3 3 3 3 3 3 3 3 3 3 2 2 2 3 3 3 3 3 2 3 3 3 3 3 3 4 3 2 3 4 4 3 3 2 3 3 2 2 2 3 3 3 3 3 3 2 4 2 3 2 3 
Vertex 56: 3 3 2 3 3 3 3 3 2 2 3 3 2 3 3 3 3 4 3 2 2 3 3 2 3 1 2 3 3 3 3 3 3 3 2 2 3 3 4 3 3 3 2 3 3 3 3 3 3 2 3 3 3 2 1 3 0 3 3 3 2 3 4 3 2 3 3 3 1 3 3 3 4 3 3 3 2 2 3 1 3 2 3 3 2 3 3 3 3 2 3 3 2 3 3 3 3 2 3 3 3 3 3 3 1 4 3 3 3 3 4 3 3 3 3 2 3 3 3 4 3 3 3 3 4 3 3 3 3 3 2 3 3 4 2 3 2 3 3 3 3 3 3 3 3 2 3 3 2 2 2 3 3 3 3 3 3 3 4 3 4 3 2 3 3 3 3 3 2 2 3 1 3 3 2 2 3 2 2 2 2 3 2 2 3 3 1 3 2 3 2 3 3 2 3 3 4 3 3 2 3 3 3 3 2 3 3 3 2 3 3 3 3 3 3 2 3 4 4 3 3 3 2 3 3 3 3 3 4 1 3 3 2 2 3 2 4 3 3 3 3 2 3 3 3 3 3 3 3 3 2 3 2 3 3 3 3 3 3 3 2 3 3 4 3 2 3 2 3 3 3 2 4 3 4 3 2 3 3 2 3 3 2 2 3 3 2 2 2 2 3 3 1 3 2 4 3 3 3 3 1 2 3 3 3 2 3 3 3 3 3 2 3 3 2 3 3 3 2 3 2 3 3 2 3 3 2 3 3 2 2 3 3 3 2 3 3 3 2 3 2 3 3 4 3 3 2 3 3 2 4 3 3 2 3 3 2 4 3 2 3 2 2 2 3 2 3 3 3 2 3 2 2 3 3 2 3 3 3 3 3 3 3 2 4 3 3 3 2 3 3 3 3 3 3 3 3 3 3 3 3 4 3 3 4 3 3 3 2 3 3 2 3 3 3 3 4 3 3 3 2 2 3 3 3 2 2 3 3 3 2 4 2 3 3 3 3 3 3 2 3 3 3 3 2 3 3 2 3 3 3 3 3 3 3 1 3 3 3 2 3 3 2 2 3 2 3 3 3 3 1 3 2 4 2 3 3 3 2 3 3 3 2 3 3 3 2 3 1 3 3 4 3 3 2 3 3 3 3 3 
Vertex 57: 3 3 3 3 3 3 4 3 3 2 3 3 2 3 2 2 3 4 3 3 2 4 3 3 3 4 4 3 3 3 3 3 3 3 3 3 3 3 3 3 1 2 3 3 3 3 3 3 3 3 3 3 2 3 3 3 3 0 3 3 3 3 2 2 3 3 3 3 3 3 3 2 4 3 3 3 1 3 2 3 4 2 3 2 3 3 3 3 3 3 4 3 3 3 3 3 3 3 3 3 2 3 2 3 2 3 2 3 3 3 3 1 3 3 3 3 3 4 3 3 3 3 3 3 3 3 3 3 3 3 2 4 3 3 3 3 3 2 3 3 3 3 2 4 3 3 4 3 3 3 3 3 2 3 3 2 3 3 4 2 4 3 3 3 3 4 3 3 3 3 2 2 3 3 3 3 2 2 3 3 3 3 3 3 2 4 3 3 3 4 3 3 3 3 1 2 4 3 3 3 3 3 2 3 3 2 3 3 3 2 3 3 3 3 3 3 3 3 3 3 3 4 3 3 2 3 4 3 3 3 4 3 3 3 3 3 3 3 3 3 3 3 2 4 3 2 4 3 4 1 4 3 3 3 3 2 2 2 4 3 3 3 3 3 2 3 3 3 3 3 3 3 3 3 3 2 4 3 3 3 2 2 3 3 3 3 2 2 3 3 2 3 3 2 3 3 3 2 2 3 4 2 3 3 3 3 3 2 3 3 3 3 2 2 3 2 2 4 3 4 4 3 3 4 3 3 3 2 3 2 3 3 3 3 4 3 2 2 1 2 2 2 3 3 3 2 2 2 3 3 3 3 3 3 3 3 2 3 3 2 1 4 3 3 3 3 4 3 3 3 3 3 3 3 3 2 3 3 3 2 3 3 3 3 3 3 3 2 1 3 3 3 2 3 3 3 3 3 4 3 3 3 3 4 3 2 2 3 1 3 3 3 3 2 3 2 3 3 3 3 3 4 2 3 3 2 3 3 3 3 2 4 3 3 3 2 1 3 3 3 2 3 3 2 2 3 4 4 3 3 3 3 3 3 3 3 3 3 3 3 2 3 3 2 2 3 3 3 3 3 2 2 2 4 3 3 3 3 2 3 3 3 3 3 3 3 3 3 4 3 3 3 3 3 3 3 3 2 3 2 
Vertex 58: 2 2 3 2 2 3 3 3 2 3 3 3 3 3 2 2 1 3 3 3 3 2 3 2 3 3 4 3 3 3 3 3 3 2 3 3 3 3 3 3 3 2 3 3 2 3 3 3 3 3 2 3 3 3 2 2 3 3 0 3 3 2 3 2 4 2 3 3 3 1 2 3 2 3 3 4 3 3 3 3 3 2 3 3 3 3 1 4 2 3 3 3 3 3 3 2 3 3 3 3 1 3 3 3 3 3 3 3 2 3 3 2 2 3 2 3 3 2 2 3 3 3 3 2 3 3 3 3 3 3 2 3 3 2 3 3 3 3 3 3 3 3 2 3 2 2 3 3 3 2 3 3 3 3 3 3 2 3 3 3 4 3 2 2 3 2 3 3 3 3 3 3 2 3 2 2 3 3 3 3 3 3 3 2 2 3 2 3 3 3 3 3 3 2 2 1 4 2 2 2 3 3 2 3 3 3 3 2 3 3 3 2 3 2 3 2 2 3 3 3 3 3 3 3 3 3 3 3 4 3 3 3 3 3 3 2 2 3 2 3 3 3 2 3 3 3 3 3 3 4 3 1 3 3 3 2 3 3 3 3 3 3 3 2 3 2 2 3 3 2 3 3 3 3 2 2 1 2 3 3 2 2 3 3 3 2 3 3 3 2 2 3 3 3 2 2 3 3 1 2 3 2 4 2 3 3 3 3 2 3 3 3 3 2 3 3 3 3 3 3 3 3 3 4 3 3 3 2 2 3 3 3 3 3 3 3 2 3 2 3 3 3 2 2 3 2 2 1 2 3 3 2 3 2 2 3 3 3 3 3 3 3 3 3 2 3 3 2 2 3 3 3 2 2 3 2 3 3 2 2 3 3 3 3 3 3 2 3 2 2 2 2 3 2 3 3 3 3 3 3 2 3 2 2 3 3 4 3 3 3 3 2 3 3 2 2 2 3 3 3 2 2 3 3 3 3 3 4 3 3 3 3 2 3 2 2 3 3 4 2 3 3 3 2 1 3 1 3 3 3 3 2 2 3 1 3 3 3 2 2 3 3 2 3 3 3 1 2 2 2 2 3 3 2 4 3 3 2 2 3 3 3 2 2 3 3 3 2 4 2 3 3 3 2 3 3 2 3 1 2 
Vertex 59: 3 2 2 2 3 2 3 3 3 3 2 3 3 2 3 3 3 3 3 3 3 3 2 3 4 3 3 3 2 3 3 3 2 3 2 3 1 3 1 3 3 2 3 3 3 2 3 1 2 2 3 2 2 3 2 3 3 3 3 0 3 2 3 3 3 3 3 2 3 3 2 3 3 2 3 3 3 3 2 2 3 3 3 3 2 3 2 3 3 3 3 3 3 2 3 2 3 2 3 3 3 2 2 3 2 3 3 2 3 2 3 2 2 3 3 2 3 3 3 3 1 2 3 2 3 3 2 3 3 3 3 2 3 3 3 3 2 2 3 2 3 3 3 3 3 3 4 3 3 2 3 3 2 3 3 1 3 3 3 3 4 3 3 2 3 2 2 3 3 2 3 2 2 3 3 3 2 3 2 3 1 2 2 2 3 3 3 3 3 4 3 3 2 3 3 3 3 3 2 3 3 4 2 2 3 3 3 2 3 3 3 3 2 2 3 3 3 3 3 3 3 3 3 3 3 2 4 4 2 2 3 2 3 2 3 3 3 3 3 3 2 3 3 3 2 3 3 3 3 3 2 2 3 2 2 3 3 2 3 3 2 3 3 2 3 3 3 3 4 3 3 3 3 1 3 3 3 3 3 3 3 2 3 1 2 3 3 3 3 3 3 3 2 3 2 3 3 2 2 3 2 3 2 1 3 2 2 2 2 3 3 3 3 2 1 3 2 2 3 2 3 2 2 4 3 4 2 3 3 3 1 3 3 3 2 2 2 3 3 3 3 3 3 2 3 3 2 3 3 3 3 2 3 3 3 2 3 3 3 2 3 3 3 3 3 3 3 2 3 2 3 2 3 3 3 3 3 2 3 3 3 3 3 1 3 2 3 3 3 2 3 3 2 3 2 3 3 2 3 2 3 4 2 2 3 2 3 3 3 2 2 3 3 2 3 2 3 2 2 3 3 3 3 3 3 3 3 3 3 3 2 3 3 3 3 1 3 2 1 1 3 3 3 2 3 3 3 3 4 2 2 3 3 2 2 3 3 2 1 3 3 3 3 3 3 3 2 4 3 2 3 2 2 4 3 2 2 3 3 3 2 3 2 3 2 2 3 3 2 3 3 3 3 3 3 3 3 3 3 3 
Vertex 60: 3 2 3 2 3 2 3 2 2 3 3 3 2 2 3 3 3 2 3 2 3 3 3 3 3 3 3 3 3 3 1 2 4 3 3 2 3 3 3 2 3 3 3 3 2 3 3 3 4 2 3 3 3 3 3 3 2 3 3 3 0 3 3 1 3 3 3 3 3 3 4 3 3 3 3 3 2 3 2 3 3 4 1 3 3 3 2 3 3 1 2 3 3 3 3 3 2 3 3 4 3 2 3 3 3 3 3 3 3 3 3 2 3 3 3 3 3 3 3 3 3 3 3 3 2 3 3 3 3 4 2 3 3 4 4 2 2 3 3 3 3 3 3 3 3 3 2 3 4 4 3 2 3 2 1 3 2 2 4 3 3 4 3 3 4 3 3 3 3 2 3 3 2 3 3 3 3 3 3 3 3 3 3 3 2 3 1 4 2 4 3 3 3 3 3 2 3 2 3 3 2 2 3 3 3 3 3 3 3 3 3 3 3 3 3 3 3 3 3 3 2 4 2 3 3 3 3 3 3 2 3 3 2 2 1 3 3 3 3 3 4 3 3 3 3 3 3 3 3 3 3 3 3 2 3 3 2 2 3 2 3 3 3 3 3 3 2 2 3 3 3 3 3 3 3 3 3 3 3 3 3 3 2 3 3 2 3 3 3 3 3 3 1 3 3 3 3 3 3 3 2 2 3 3 3 3 3 3 3 2 3 3 3 3 2 3 3 3 1 2 3 3 3 3 3 2 3 3 3 2 3 3 2 3 2 3 3 3 3 1 3 3 3 2 2 3 3 3 3 3 3 2 2 2 3 2 3 3 4 2 3 3 3 2 3 2 3 3 3 2 3 2 2 3 3 3 3 3 4 3 2 2 3 3 3 3 2 3 3 3 3 2 2 3 2 3 3 3 3 1 1 3 2 3 2 3 3 3 3 3 3 3 3 3 3 2 3 3 3 3 3 2 2 4 3 3 4 2 3 3 2 3 3 3 2 3 2 2 3 3 3 3 3 2 2 3 3 3 3 3 3 3 3 4 3 3 3 3 3 3 2 3 2 3 3 3 3 3 3 2 3 3 2 3 2 3 3 3 2 3 3 3 2 2 3 2 3 2 3 3 2 3 3 3 3 2 3 2 3 3 
Vertex 61: 3 3 3 2 1 3 3 3 2 3 3 3 3 3 3 3 3 3 4 3 2 2 3 3 3 3 3 3 3 3 3 3 3 2 3 4 3 3 3 3 3 3 3 3 3 2 2 3 3 3 3 3 4 2 2 2 3 3 2 2 3 0 2 3 3 3 3 3 3 2 3 3 2 2 3 3 3 3 3 3 3 3 3 3 3 3 3 2 3 3 3 4 3 2 2 3 3 3 2 3 3 3 3 3 3 3 3 3 3 3 3 4 3 3 2 2 3 3 3 4 3 3 3 2 4 3 3 2 1 3 3 3 3 3 3 4 3 3 2 2 3 3 2 4 3 3 3 3 3 2 3 3 3 2 4 3 3 3 3 3 4 3 3 3 3 3 3 2 3 2 3 3 2 3 3 2 3 2 2 3 3 3 2 2 2 3 2 2 3 4 4 2 1 3 3 3 3 2 3 3 3 3 3 3 3 3 2 3 3 3 3 3 2 2 3 3 3 3 3 3 2 4 3 3 3 3 4 3 3 3 3 3 3 3 3 2 3 2 3 3 3 3 3 3 3 3 3 3 2 3 4 2 3 3 3 2 3 3 3 3 2 3 3 3 2 2 2 2 3 2 3 2 1 2 2 3 3 3 2 2 3 2 3 3 3 2 3 3 3 2 3 3 3 3 2 3 3 2 1 3 3 2 3 2 3 3 3 3 3 3 3 3 3 3 3 3 3 3 2 1 4 1 3 3 3 2 2 2 2 3 3 3 3 3 2 3 3 3 2 2 3 3 3 3 3 3 2 3 3 3 2 2 3 2 3 3 3 3 3 3 3 3 3 3 2 3 4 3 3 3 2 3 3 3 3 2 3 3 3 3 3 3 3 3 4 3 3 3 2 3 3 3 3 2 2 3 3 2 3 2 3 3 2 3 2 3 3 2 3 3 2 2 2 3 3 2 3 3 3 3 3 4 2 2 3 3 2 3 4 3 1 3 2 2 3 1 3 3 3 3 3 3 1 3 3 3 3 3 3 3 4 3 4 2 1 3 3 3 2 2 2 3 3 3 3 2 2 4 4 3 3 3 2 3 2 3 3 1 3 4 3 3 2 3 3 3 4 3 3 4 3 3 2 3 3 3 2 3 2 2 
Vertex 62: 3 3 4 2 3 4 2 3 2 3 3 3 3 3 3 3 3 3 3 3 3 3 3 3 3 3 4 3 1 3 2 3 3 3 3 3 4 3 3 3 3 3 3 3 3 3 3 3 3 3 3 3 2 3 3 4 4 2 3 3 3 2 0 3 2 2 2 3 3 2 3 2 3 3 3 4 3 3 3 3 2 3 3 3 3 3 3 2 3 3 3 3 2 3 3 4 3 2 3 3 3 1 3 3 3 3 2 2 3 3 3 3 3 2 3 3 4 3 3 3 3 3 4 3 4 2 3 2 1 3 2 3 4 2 4 3 3 3 4 3 3 3 2 4 4 3 3 3 3 3 3 3 3 4 3 3 3 3 4 3 4 3 3 2 2 2 3 2 3 3 3 3 3 3 3 3 3 2 3 3 2 3 4 3 2 4 3 4 4 2 3 4 3 3 1 2 3 2 3 3 3 3 2 3 3 3 1 3 4 3 3 4 3 2 3 3 2 3 3 3 3 3 4 3 2 3 3 4 3 4 3 3 2 3 3 3 2 3 3 3 3 4 3 3 3 3 3 3 3 3 3 3 3 3 1 4 3 3 3 3 3 3 2 3 3 3 3 2 3 3 3 3 3 3 3 2 4 2 3 2 3 3 3 3 2 2 3 2 3 4 2 4 3 3 4 3 4 2 3 3 4 3 3 2 3 2 3 3 3 2 3 3 3 2 3 3 3 4 3 2 3 3 2 3 3 3 3 3 3 4 4 3 3 3 2 3 3 2 3 2 3 2 4 2 3 3 3 2 3 3 3 3 3 3 4 3 2 3 3 3 3 3 3 3 2 2 3 4 3 3 4 3 3 2 3 3 3 4 3 3 3 3 3 2 4 3 2 3 3 3 3 3 3 2 3 3 3 2 3 2 3 3 3 3 3 4 4 2 3 3 4 2 3 1 1 3 2 2 3 3 3 4 2 3 2 2 3 2 3 3 3 2 3 3 3 3 2 1 4 3 3 3 3 2 2 3 3 3 3 3 3 3 3 3 3 3 3 2 2 3 4 3 3 3 4 4 3 3 3 3 3 3 3 4 3 3 3 3 2 3 2 3 3 3 2 3 2 3 4 4 3 2 3 3 3 3 3 4 3 3 
Vertex 63: 3 3 4 3 3 3 4 3 3 3 3 2 2 3 3 3 3 3 3 3 3 4 4 3 3 3 3 3 3 3 2 3 3 3 3 3 3 3 3 3 3 2 3 3 1 3 3 3 3 3 3 3 4 4 3 2 3 2 2 3 1 3 3 0 2 2 2 4 4 3 3 3 2 2 3 3 1 3 3 3 3 3 2 3 3 3 3 2 3 2 3 3 2 3 3 4 1 3 3 4 2 3 2 3 2 3 3 3 3 4 3 1 3 3 3 3 3 3 3 3 3 4 3 3 1 2 3 3 3 3 3 3 3 3 3 3 2 2 3 3 3 2 3 2 3 3 3 4 3 3 3 3 4 3 2 2 3 3 4 3 4 3 3 3 4 4 2 4 4 2 3 3 2 3 2 3 2 2 3 3 4 3 2 3 3 3 2 4 3 3 3 3 3 3 3 1 4 2 2 3 3 1 2 3 3 3 3 3 3 3 4 3 4 2 3 3 2 4 3 3 1 3 3 2 3 3 3 3 4 3 4 4 3 3 2 3 4 3 2 3 3 2 2 3 4 3 3 2 3 3 3 3 3 2 3 3 2 3 3 3 3 3 3 4 4 2 3 3 3 4 3 3 3 3 3 3 3 3 3 2 2 2 1 4 3 3 3 3 2 4 3 3 2 3 3 3 3 4 3 4 3 2 3 3 3 3 3 3 3 1 2 3 3 3 3 3 3 3 2 2 3 3 2 2 3 3 3 4 3 3 3 3 3 3 3 2 3 2 3 2 3 3 3 3 2 3 3 3 3 3 3 2 2 3 3 3 3 2 4 3 3 3 3 3 2 3 3 3 3 3 3 3 3 3 3 3 3 3 4 3 3 3 3 3 4 3 3 2 3 3 3 3 3 3 3 3 3 3 4 2 2 3 2 4 3 2 2 3 3 3 3 2 3 3 2 3 3 3 3 4 3 3 3 3 2 3 3 3 3 2 3 3 3 3 3 4 3 3 3 3 4 3 3 3 3 4 3 3 4 3 4 3 4 3 3 3 3 3 3 2 3 3 3 2 2 2 3 2 3 3 2 3 3 3 2 3 2 3 3 2 4 2 3 3 3 3 4 3 4 2 3 3 2 4 3 3 3 3 3 3 
Vertex 64: 2 2 3 3 3 3 3 3 3 1 3 3 3 3 4 3 3 3 3 3 3 4 2 4 3 3 4 3 3 3 3 3 4 3 3 3 4 3 3 1 3 3 3 4 3 3 3 3 3 3 3 2 3 3 2 3 2 3 4 3 3 3 2 2 0 2 4 3 3 3 4 3 3 2 4 4 3 4 4 3 3 3 3 3 2 3 4 2 3 4 1 3 3 4 3 3 3 3 3 3 3 3 3 4 1 3 2 3 2 3 3 3 3 3 3 3 4 3 3 3 2 4 3 3 3 3 4 3 3 4 4 3 3 3 3 3 3 3 3 3 3 2 3 4 3 3 3 3 2 3 3 2 3 3 3 4 3 3 3 3 4 4 2 3 2 2 2 4 3 3 3 3 2 4 2 3 4 3 3 3 3 3 4 3 3 3 3 3 3 3 3 4 3 3 3 3 4 2 4 4 3 3 2 3 2 3 1 3 3 3 4 4 3 3 3 3 3 4 4 4 3 3 3 3 2 2 3 3 2 3 3 2 2 3 3 3 3 3 2 3 3 4 3 3 3 2 3 3 3 3 3 3 3 3 3 3 3 3 3 3 3 4 3 3 4 3 2 3 3 3 3 3 3 4 3 3 3 3 3 3 3 3 2 3 3 3 3 2 2 3 3 3 3 3 2 3 3 2 3 4 3 3 2 3 3 2 3 3 3 1 2 3 3 3 3 3 4 3 2 2 3 4 3 3 3 3 3 3 3 3 4 2 4 2 3 2 3 3 2 3 3 4 3 3 3 3 3 3 3 2 3 3 3 3 3 3 3 2 3 3 4 3 3 3 2 3 3 3 3 3 3 4 3 3 3 3 3 3 3 4 3 3 3 2 4 3 3 4 3 3 3 3 3 3 3 3 3 3 3 2 4 3 3 3 3 3 4 3 4 2 3 2 3 2 2 2 2 2 3 4 3 3 3 3 2 3 3 3 4 3 3 2 2 3 3 3 3 2 4 3 3 4 4 3 3 4 3 3 3 3 3 3 4 4 3 3 3 1 2 4 3 2 4 3 4 3 3 3 3 2 3 3 4 4 3 3 4 2 3 3 3 3 2 3 2 3 4 4 3 2 3 3 3 3 3 3 3 3 3 3 
Vertex 65: 3 2 3 3 3 3 2 3 3 3 2 3 3 3 3 3 2 2 3 3 3 3 3 3 3 3 3 3 3 3 3 4 3 3 3 3 3 3 3 3 3 1 3 3 3 4 2 3 3 3 3 3 3 3 3 3 3 3 2 3 3 3 2 2 2 0 3 3 2 2 3 3 3 3 2 4 3 3 3 3 3 2 3 3 3 3 3 3 3 2 3 1 1 4 3 2 1 3 2 3 3 1 2 3 3 3 3 3 2 3 3 3 2 3 3 3 2 2 3 3 3 3 3 2 3 3 3 3 2 3 3 3 2 3 3 3 2 3 3 3 3 3 3 4 4 3 3 3 2 3 2 3 3 3 3 3 3 3 2 3 3 3 3 1 2 3 2 3 3 4 2 3 2 2 3 2 4 3 3 3 3 3 3 4 2 3 3 3 3 3 3 3 3 3 2 3 4 1 3 3 3 3 3 3 4 3 1 3 3 1 3 2 2 3 2 3 2 3 3 3 2 3 3 3 4 2 3 3 3 3 3 3 2 3 3 3 2 2 3 2 4 3 2 3 3 3 3 3 3 3 2 2 3 3 2 3 2 2 3 3 3 3 2 3 3 3 3 2 2 3 3 3 4 3 3 3 3 3 2 2 3 3 2 3 3 3 4 3 3 3 3 3 3 3 3 3 4 2 3 3 3 3 3 3 3 2 2 3 3 2 3 3 2 3 3 3 3 4 3 2 3 3 3 3 3 2 3 2 1 3 2 3 3 2 2 2 3 3 3 2 3 2 3 4 3 2 3 2 2 2 3 2 3 2 3 3 3 4 3 3 3 3 3 3 3 3 3 3 3 3 4 3 3 2 4 2 3 3 3 3 3 3 3 2 4 3 3 2 2 3 3 2 3 3 3 3 2 3 3 3 3 3 3 4 3 3 3 2 3 3 3 2 3 3 3 3 2 3 4 3 3 3 3 3 3 2 4 3 3 3 2 2 2 3 4 3 3 2 3 2 2 3 3 3 3 3 1 3 2 3 3 3 2 3 3 3 2 2 3 2 3 3 3 3 3 3 3 2 3 2 2 3 3 3 3 3 2 3 1 3 3 3 3 3 2 3 2 3 3 4 3 3 3 3 2 2 3 3 3 3 
Vertex 66: 2 3 3 3 3 3 4 2 3 3 3 4 2 2 3 3 3 3 3 3 3 3 2 2 3 3 4 3 3 3 3 2 3 3 3 4 2 3 3 3 3 3 3 2 1 2 3 3 3 4 3 2 3 4 3 2 3 3 3 3 3 3 2 2 4 3 0 3 3 3 2 3 2 3 3 4 3 3 3 2 3 3 2 3 3 3 2 3 1 3 3 3 3 3 3 3 3 2 3 3 2 3 3 3 3 3 3 2 3 3 2 3 3 4 3 3 4 3 3 3 3 3 3 2 3 2 3 2 3 3 2 2 3 3 3 3 3 4 3 3 3 3 3 3 3 3 3 3 4 4 3 3 2 3 3 3 2 3 3 4 4 4 2 3 4 3 2 4 3 2 3 3 3 4 4 3 3 2 3 3 2 3 2 3 3 3 3 2 4 4 4 3 3 3 3 3 3 4 3 2 1 3 3 3 3 3 3 3 4 2 4 3 3 2 3 3 2 3 3 3 3 4 4 4 3 2 4 3 2 3 3 3 4 4 3 3 4 2 3 3 3 3 3 3 3 2 3 3 3 3 3 3 3 3 1 3 3 2 3 2 3 3 3 4 2 3 3 3 2 3 3 3 3 3 1 3 2 4 3 3 3 3 3 3 3 3 2 4 3 3 3 4 3 3 2 3 3 4 3 3 3 3 3 3 3 3 3 3 3 3 3 3 3 3 3 3 3 3 3 3 4 2 2 3 3 2 3 2 3 3 3 3 3 3 3 3 3 3 3 2 3 3 3 4 2 3 3 2 3 3 3 2 2 3 3 3 3 2 4 3 3 3 4 3 3 2 3 3 3 4 3 3 3 3 4 1 3 4 4 3 3 3 3 2 3 3 3 3 2 3 3 4 3 3 3 1 2 2 4 3 3 3 2 3 3 2 4 2 3 4 3 4 4 3 3 3 2 2 3 3 4 2 3 3 3 3 3 3 3 2 3 3 3 3 2 3 3 3 3 3 3 3 3 2 3 4 3 3 3 2 3 3 4 3 2 3 3 3 3 2 3 3 3 3 2 3 3 2 1 3 3 3 3 3 3 2 3 3 2 3 4 3 3 4 3 3 3 4 4 3 3 3 3 3 3 3 3 3 3 3 
Vertex 67: 3 3 2 3 3 2 2 4 2 4 3 2 3 3 3 3 3 1 3 3 3 3 3 3 3 3 4 2 3 3 3 3 2 3 3 3 3 3 3 2 4 3 3 3 3 2 3 3 3 3 3 3 3 3 3 3 3 3 3 2 3 3 3 4 3 3 3 0 3 2 3 3 3 3 3 3 3 3 3 2 3 3 3 3 3 4 2 4 3 3 3 4 4 3 2 3 4 4 3 4 2 3 2 3 4 3 3 3 3 4 3 3 3 1 4 3 4 3 2 4 3 3 4 4 4 3 3 2 3 4 3 3 3 3 3 3 3 3 3 2 2 3 3 4 3 1 4 3 4 4 3 2 2 3 3 2 3 2 3 4 5 3 3 3 3 3 3 4 2 2 3 3 3 2 3 3 4 3 3 2 2 3 2 1 3 3 3 2 3 3 4 3 3 3 3 3 3 2 3 1 3 4 3 4 3 3 3 4 3 3 4 3 3 3 3 3 3 4 3 2 3 4 2 3 3 3 4 2 3 3 3 4 3 3 2 3 4 3 2 3 4 3 3 2 3 2 4 3 3 3 3 2 3 3 3 3 3 2 3 2 2 3 2 3 3 3 3 3 3 2 4 3 3 1 3 3 3 3 4 3 4 3 3 3 2 3 3 3 3 2 3 2 3 3 3 1 2 3 3 3 2 2 4 3 3 3 3 2 3 3 4 2 3 3 3 3 4 3 3 4 4 2 3 3 3 3 2 3 2 3 3 2 4 3 3 3 2 3 3 4 3 3 3 3 3 3 3 2 3 3 3 3 4 3 3 2 3 3 2 2 3 2 4 3 3 3 3 3 3 3 3 3 3 3 3 3 3 3 3 2 3 2 2 3 3 3 3 2 2 3 3 3 3 3 3 3 4 3 3 2 3 3 4 3 3 3 3 3 3 2 2 3 4 3 3 2 4 3 3 3 3 2 3 3 3 3 3 3 3 3 3 3 3 3 3 3 3 3 3 2 3 3 3 3 2 3 4 3 3 3 3 3 3 3 3 4 3 2 3 3 3 3 3 3 3 4 3 3 2 1 3 2 3 4 4 2 2 2 3 4 2 4 3 3 3 3 3 2 4 3 3 3 2 3 3 3 3 3 4 3 
Vertex 68: 3 2 3 3 2 3 4 3 3 3 3 3 3 3 3 3 3 4 3 1 3 3 3 3 3 2 3 3 3 3 3 4 3 3 3 3 4 3 3 3 3 3 2 3 3 3 2 3 3 3 3 3 4 3 2 3 1 3 3 3 3 3 3 4 3 2 3 3 0 3 3 3 4 4 2 2 3 3 3 2 3 3 2 3 3 3 3 4 3 2 3 2 3 4 3 4 3 3 3 3 2 3 3 3 2 4 4 3 3 3 3 3 2 3 2 3 4 3 2 3 3 3 3 3 3 3 2 3 3 4 3 2 3 3 2 3 3 2 3 3 3 3 2 3 2 3 3 3 3 1 3 3 2 3 3 3 3 3 4 3 3 2 2 2 2 3 2 2 3 2 3 2 3 3 3 3 3 3 3 3 3 3 3 3 3 3 2 3 3 3 3 3 4 3 2 4 3 3 3 2 4 3 3 3 3 3 3 3 3 3 4 3 3 2 2 1 3 3 3 3 3 3 3 2 3 3 3 4 4 2 2 2 3 3 3 1 3 2 2 3 3 3 3 2 3 3 3 2 3 4 1 2 3 3 2 3 3 2 2 3 3 3 3 3 3 3 3 3 2 3 3 2 4 3 3 2 3 3 4 2 3 2 3 2 3 3 3 3 2 3 3 3 2 3 3 4 3 3 2 3 2 3 4 3 3 3 3 3 3 3 3 3 3 3 2 2 3 4 2 3 1 3 3 3 2 3 3 2 3 3 3 3 3 3 2 2 2 3 3 3 2 3 3 4 2 3 3 2 2 2 3 3 3 2 3 3 3 3 2 3 3 1 3 3 3 3 3 3 2 3 2 2 3 3 3 3 3 3 3 3 3 3 3 2 3 3 3 4 3 3 4 3 3 3 3 3 3 3 3 4 4 3 3 4 3 3 4 2 3 3 3 3 2 3 3 3 3 3 3 4 3 3 3 4 2 3 3 3 3 4 3 4 3 3 3 3 3 3 2 3 2 3 4 3 2 3 3 3 2 3 2 3 2 3 4 2 3 4 3 3 3 3 3 3 3 3 3 3 3 2 2 3 3 3 3 3 3 2 1 4 4 3 1 2 2 2 2 3 2 2 3 3 3 4 3 3 3 2 3 3 
Vertex 69: 3 3 2 3 3 3 3 4 2 4 3 3 3 3 3 3 2 2 2 3 3 1 3 3 3 3 3 3 2 3 4 4 2 3 2 3 4 2 3 3 2 2 3 3 3 3 3 3 3 3 1 3 4 3 3 3 3 3 1 3 3 2 2 3 3 2 3 2 3 0 3 2 3 3 3 3 2 3 3 3 3 3 3 3 3 3 2 3 3 3 4 3 2 3 3 3 3 3 3 4 2 3 3 3 3 4 3 4 3 4 3 2 3 3 3 3 4 2 2 4 2 3 2 3 4 3 3 2 2 3 3 3 3 3 3 4 3 2 3 3 3 3 3 4 3 1 4 3 3 2 2 3 3 3 3 3 3 3 3 3 4 3 3 3 2 3 3 3 2 2 2 3 3 3 3 2 3 2 2 2 3 2 3 3 3 4 3 2 4 3 3 2 3 3 3 2 3 1 3 3 3 3 3 3 2 3 3 3 3 3 3 3 3 1 3 3 3 3 3 3 3 3 3 3 3 3 3 2 3 2 3 3 3 3 4 3 3 2 2 3 4 3 1 3 3 2 3 3 3 4 3 2 2 3 3 3 2 3 3 3 3 3 2 3 3 3 3 3 4 3 4 3 3 3 2 3 2 3 3 3 3 2 2 3 3 3 3 3 3 2 3 3 3 3 2 3 3 3 1 3 2 3 3 3 3 2 4 3 3 2 3 3 3 1 2 2 3 3 3 2 3 3 3 3 3 3 3 2 2 3 3 3 4 2 3 3 2 3 2 2 3 3 3 3 3 2 3 2 3 2 3 2 2 3 3 3 3 2 4 3 3 2 4 3 3 3 3 3 3 3 2 3 3 2 4 3 2 3 1 2 3 4 3 3 3 3 3 3 3 3 3 2 3 2 2 3 3 3 3 3 3 4 3 3 3 3 3 3 3 2 2 3 3 2 3 3 3 3 3 4 3 3 4 3 2 3 2 4 2 3 3 3 3 2 2 3 3 3 3 3 3 3 3 2 2 3 2 4 3 2 4 2 3 3 2 3 4 3 2 3 3 3 1 3 2 3 2 3 3 3 3 2 3 3 3 3 2 3 3 3 2 4 2 2 3 3 3 3 3 3 3 3 3 3 2 3 2 2 2 3 
Vertex 70: 3 3 3 3 2 3 4 3 3 3 3 4 3 2 3 3 3 3 2 2 3 3 3 4 3 3 3 4 2 3 3 2 3 3 3 3 3 2 3 3 2 2 3 2 2 2 3 3 3 3 2 3 3 3 3 3 3 3 2 2 4 3 3 3 4 3 2 3 3 3 0 3 3 3 2 4 3 4 3 3 3 3 3 1 3 3 2 3 3 3 3 4 3 2 3 3 3 3 3 3 1 4 3 2 3 3 3 3 3 3 3 2 2 3 3 3 3 3 3 3 3 2 3 2 3 2 2 3 3 2 2 2 3 3 4 3 4 3 2 3 3 3 2 3 2 3 3 3 3 3 3 3 3 4 3 3 3 3 2 2 4 2 4 4 4 4 2 2 3 3 1 3 2 4 3 3 4 3 3 3 3 1 3 4 3 4 3 3 3 3 2 3 3 3 3 3 2 2 2 2 2 3 4 2 3 3 3 3 3 3 3 3 3 2 3 3 3 2 3 4 3 4 3 2 2 2 4 4 2 2 3 3 3 3 3 3 4 3 3 3 3 3 3 3 3 2 3 4 3 3 3 3 2 2 3 3 3 2 3 3 3 4 3 3 3 3 3 3 2 3 3 3 3 3 3 2 2 4 3 3 3 2 3 3 2 3 2 3 3 2 3 2 4 3 3 3 3 3 3 2 2 3 3 3 2 3 3 2 3 3 3 3 3 3 3 3 2 1 3 3 3 3 3 3 3 4 3 3 3 4 1 3 4 3 3 4 2 2 3 3 1 3 2 3 3 2 3 3 3 3 1 2 3 3 3 3 4 3 4 3 3 3 3 3 3 3 3 3 3 3 3 3 3 3 3 3 4 2 3 2 3 4 3 3 1 3 3 3 3 3 3 3 2 2 3 3 3 3 3 3 3 4 3 2 3 2 3 4 3 3 2 2 3 3 3 3 4 4 3 4 4 4 3 3 3 3 3 3 2 3 2 2 4 3 3 3 2 4 3 3 3 3 3 3 3 3 3 3 4 3 3 3 3 3 3 4 3 3 3 3 3 3 3 3 2 3 2 3 1 2 3 3 3 3 3 3 3 3 3 3 3 4 2 3 3 2 3 2 4 2 3 1 3 3 3 3 3 3 3 2 
Vertex 71: 1 3 3 3 3 3 3 3 2 3 2 3 3 3 3 3 3 2 3 3 3 3 3 3 3 3 3 3 3 4 3 3 3 3 3 3 3 2 3 2 3 3 3 3 3 2 2 2 2 3 3 2 3 3 2 3 3 2 3 3 3 3 2 3 3 3 3 3 3 2 3 0 2 3 3 3 3 2 2 2 3 3 3 3 3 2 3 3 3 3 2 3 3 4 3 2 4 3 3 3 3 3 3 3 3 3 2 3 2 3 3 3 3 4 3 3 3 3 3 3 3 3 3 3 4 3 3 3 3 3 3 3 3 3 3 3 2 3 3 2 3 3 2 3 2 2 3 3 3 4 2 3 3 4 3 2 2 3 2 3 4 2 3 3 3 3 3 3 1 3 3 3 3 2 3 3 3 2 1 3 3 3 3 3 2 4 3 3 3 2 3 3 3 3 1 4 3 3 3 2 3 3 2 3 3 3 3 2 3 3 3 3 3 3 3 3 3 3 3 1 2 4 3 3 2 2 3 2 3 2 3 1 3 3 3 3 3 3 3 3 3 3 3 3 3 3 3 3 3 2 3 3 3 3 3 3 3 3 4 3 3 2 2 3 1 2 3 3 2 3 3 2 3 3 3 3 2 2 4 3 3 3 3 3 2 3 3 3 2 3 2 2 3 3 2 3 2 2 3 3 3 3 3 2 3 3 3 3 3 2 3 2 3 3 2 2 3 4 3 2 3 3 1 3 3 4 1 3 3 3 3 3 2 4 2 3 3 2 2 2 3 2 3 3 3 4 2 2 3 2 2 3 3 3 3 3 2 3 3 3 3 4 3 3 3 4 2 3 2 3 3 3 3 3 3 2 3 3 2 3 3 2 3 4 3 3 2 3 3 3 2 3 3 2 3 3 3 4 2 3 3 3 3 3 3 4 4 3 3 2 2 3 3 2 1 3 2 3 3 3 3 3 2 3 3 2 3 3 3 3 2 2 3 2 3 3 3 3 3 3 3 3 2 2 2 3 3 3 2 3 3 2 3 3 3 3 4 3 3 3 3 2 1 2 3 3 3 3 3 3 4 2 2 4 3 3 3 4 2 3 3 3 2 3 3 2 3 3 3 3 3 3 3 2 3 4 3 2 3 2 
Vertex 72: 3 3 4 2 2 3 3 3 4 2 2 2 2 2 3 3 2 2 3 3 2 3 3 3 4 3 4 3 2 3 3 3 3 3 3 2 3 3 3 2 3 2 3 4 1 3 3 3 2 3 3 3 3 3 3 1 4 4 2 3 3 2 3 2 3 3 2 3 4 3 3 2 0 2 3 4 3 3 3 3 3 2 2 3 3 3 3 3 3 3 3 4 3 3 3 2 3 3 3 3 2 3 3 3 3 3 3 3 3 3 3 3 3 3 3 3 3 4 3 3 3 3 3 3 3 3 3 3 3 1 3 3 1 1 2 3 3 3 1 2 2 2 3 3 3 3 2 2 3 3 2 3 3 2 3 3 3 3 3 3 4 3 3 3 3 2 3 3 3 2 2 3 3 3 3 3 3 2 3 3 3 2 2 3 3 3 3 2 4 4 3 3 1 2 3 3 3 3 3 4 3 3 4 3 3 3 3 3 4 3 3 3 3 3 3 3 3 3 3 1 1 4 4 3 2 3 4 3 2 3 2 3 4 3 3 3 2 3 3 3 4 2 3 3 3 3 4 3 3 3 4 2 2 3 3 2 2 3 2 3 4 3 3 3 3 2 2 2 2 3 3 3 3 3 3 3 3 2 2 3 2 3 3 4 3 3 3 3 3 3 2 3 3 2 3 4 3 3 3 2 3 3 3 3 3 3 2 3 3 3 3 3 3 3 3 2 2 3 3 2 3 2 2 3 3 3 2 3 2 3 3 2 4 3 3 3 3 3 3 3 3 2 3 2 2 2 3 3 3 2 3 2 2 3 3 2 3 2 3 3 3 3 3 3 3 4 3 3 3 2 2 3 3 3 3 3 3 3 3 3 3 3 2 4 3 3 3 3 3 3 2 3 3 3 3 3 3 3 2 3 3 3 3 3 3 4 3 3 3 2 2 3 2 3 3 3 3 3 3 4 3 3 3 3 2 3 3 3 3 2 3 3 2 3 3 3 3 3 3 3 2 3 2 2 3 3 3 3 2 3 3 3 3 2 3 3 3 3 2 2 3 1 3 3 3 3 3 2 3 3 3 3 3 2 4 3 2 3 3 3 3 3 3 3 3 2 3 3 3 3 3 3 3 3 3 3 3 4 1 2 
Vertex 73: 3 3 2 3 3 2 3 3 4 2 4 3 3 3 2 3 3 3 4 3 3 3 2 3 3 4 3 3 3 4 3 3 4 3 3 3 3 3 2 3 3 3 3 3 3 2 3 3 3 2 3 4 3 2 3 3 3 3 3 2 3 2 3 2 2 3 3 3 4 3 3 3 2 0 3 2 2 3 4 3 4 3 2 3 3 4 2 2 3 3 3 3 4 3 3 4 3 4 3 3 3 4 1 3 3 3 3 3 3 2 3 3 3 3 3 3 4 3 3 3 3 3 3 3 3 3 3 3 3 3 3 3 3 3 2 3 2 4 3 2 3 2 2 3 2 3 2 2 3 3 3 3 2 3 3 3 3 2 4 3 4 3 3 2 3 3 3 4 3 3 3 3 3 3 3 3 3 2 3 3 3 3 3 3 1 1 3 3 4 3 3 3 2 2 2 3 3 2 4 3 3 3 2 3 3 3 3 3 2 4 3 4 3 3 3 3 3 3 3 3 3 4 3 4 3 2 4 4 4 2 2 3 4 3 3 3 4 3 2 3 3 3 3 3 3 3 4 3 3 4 3 2 4 2 3 2 4 3 3 2 3 2 3 3 3 3 2 3 2 3 3 3 3 2 3 3 3 2 3 2 3 3 3 3 3 3 1 3 2 3 3 3 4 3 3 3 2 3 2 3 4 3 3 3 3 3 3 3 3 1 2 4 4 3 3 2 3 3 4 3 3 2 3 3 3 4 2 3 3 3 3 2 4 3 3 2 3 3 2 3 3 3 3 2 4 2 3 3 3 2 3 3 2 2 3 2 3 2 3 3 3 3 3 3 2 4 3 3 3 2 2 3 4 3 3 3 4 3 3 2 3 2 3 3 4 3 4 2 3 3 3 4 3 3 3 3 4 3 3 3 3 3 2 3 2 4 3 3 4 2 2 3 3 2 2 3 3 3 3 2 3 3 3 2 3 3 3 3 3 3 3 4 3 3 3 3 3 3 3 3 2 3 3 2 3 3 3 3 4 3 3 3 4 3 3 2 3 3 1 3 3 1 2 4 3 4 3 4 2 2 3 1 3 4 3 3 2 3 3 4 3 3 3 3 3 4 3 3 3 3 3 3 3 3 3 3 3 4 3 3 
Vertex 74: 3 2 3 3 3 2 3 2 4 3 3 3 3 3 3 2 3 4 3 2 3 3 3 3 2 3 4 3 4 4 3 3 4 3 3 3 3 3 3 3 2 3 3 3 3 3 2 3 3 3 3 3 3 4 3 3 3 3 3 3 3 3 3 3 4 2 3 3 2 3 2 3 3 3 0 4 3 3 3 3 3 3 3 1 3 3 3 3 3 2 3 2 1 3 3 3 2 3 2 2 2 2 3 3 3 4 3 3 3 2 3 3 3 3 3 3 3 3 4 3 3 2 4 3 3 4 3 3 4 3 3 2 2 3 3 2 3 4 3 3 3 3 1 3 3 4 3 3 2 1 3 3 3 3 3 3 2 3 3 3 3 2 3 3 3 3 2 3 3 3 3 3 2 4 3 3 4 3 3 3 2 3 3 3 3 4 3 3 3 3 2 2 3 3 2 3 3 3 3 3 3 4 3 3 4 3 3 3 3 3 4 4 2 3 3 2 3 3 3 3 3 4 3 3 3 3 4 4 3 3 3 3 3 3 3 3 3 2 2 3 3 3 3 3 3 3 3 3 2 3 3 3 3 2 2 3 3 3 3 3 3 4 3 3 3 3 2 3 2 3 3 3 4 3 3 2 2 4 2 3 3 2 4 2 1 3 2 3 3 3 3 3 3 4 3 4 3 3 2 2 3 3 3 3 3 3 3 4 3 3 3 3 2 3 2 2 3 3 2 2 3 2 2 3 2 2 3 2 3 4 3 3 2 4 1 2 3 3 3 3 2 2 3 3 3 3 3 2 2 2 3 3 3 3 1 3 3 3 2 3 3 3 3 2 3 3 3 3 3 3 2 3 3 3 2 2 3 3 3 2 3 4 3 3 3 3 3 4 3 2 3 3 2 3 3 3 2 3 3 3 3 4 3 4 3 2 4 3 4 3 3 2 3 3 2 3 3 3 4 4 3 4 3 3 3 3 3 3 4 3 3 4 2 3 2 3 3 2 3 3 2 3 3 3 3 3 3 2 2 3 3 3 3 3 4 2 3 3 3 4 3 2 3 3 3 3 3 4 3 2 2 3 4 3 4 3 3 3 1 4 4 3 3 3 3 2 3 2 3 3 2 3 3 3 3 3 3 3 4 3 
Vertex 75: 4 4 3 3 3 3 4 3 4 4 4 4 3 4 4 3 3 4 4 3 3 4 2 4 4 4 2 4 3 3 4 4 4 4 3 2 3 3 4 3 3 3 3 4 3 3 3 4 3 2 3 3 3 3 3 4 3 3 4 3 3 3 4 3 4 4 4 3 2 3 4 3 4 2 4 0 4 3 4 4 4 3 3 3 3 4 3 3 3 3 3 3 3 4 3 3 4 4 4 3 3 4 3 4 3 3 4 4 3 3 4 4 3 4 4 3 4 2 3 3 3 4 3 4 3 4 4 3 3 3 3 4 3 4 4 3 2 4 3 2 3 3 4 4 4 3 4 2 3 3 3 3 3 4 4 4 3 3 4 4 2 3 3 3 3 4 4 4 3 3 3 3 4 3 3 4 3 3 4 3 3 3 4 4 3 3 3 3 3 4 4 3 4 3 3 4 4 4 4 3 4 4 4 4 3 4 3 3 2 4 4 3 3 2 3 3 4 3 3 3 4 4 3 2 3 2 3 4 4 2 3 3 2 3 3 3 3 4 4 3 4 4 3 1 3 2 4 3 3 4 3 3 4 3 3 4 4 3 3 4 3 3 2 4 3 4 4 3 4 4 3 3 4 2 3 3 3 2 4 4 4 3 3 3 3 4 3 4 4 3 4 4 2 3 3 4 3 3 4 4 4 3 3 3 3 3 4 4 3 3 4 3 4 4 3 2 4 4 3 3 3 3 3 3 3 2 3 4 3 4 4 3 4 3 4 4 3 3 4 3 3 2 4 4 3 4 4 4 3 3 4 4 4 3 4 4 4 2 3 3 3 3 4 3 2 3 3 4 4 3 4 3 3 3 3 4 3 4 3 2 3 4 3 4 4 4 3 4 3 3 3 4 3 4 4 3 3 4 4 3 4 3 4 4 3 5 4 2 4 3 3 3 3 3 3 4 4 2 4 3 3 3 3 3 3 2 3 4 3 3 2 4 4 3 4 3 3 4 4 3 3 4 4 3 4 3 3 3 4 3 4 4 4 4 4 4 4 3 3 4 3 3 2 4 4 4 3 4 3 2 3 1 3 4 1 4 4 3 3 3 4 3 2 3 3 4 4 4 3 4 3 4 3 3 3 3 4 4 4 4 
Vertex 76: 3 3 3 3 3 3 3 4 3 3 2 3 1 2 3 3 3 3 4 3 3 3 3 3 2 3 4 3 3 4 2 3 3 3 3 3 3 3 2 3 2 3 3 3 2 4 3 3 2 4 3 3 3 4 3 3 2 1 3 3 2 3 3 1 3 3 3 3 3 2 3 3 3 2 3 4 0 3 3 3 3 2 3 3 2 3 3 3 2 3 3 4 2 2 3 4 2 3 3 4 3 3 1 3 3 2 3 3 3 3 2 2 3 3 2 4 4 3 2 3 3 4 2 4 2 3 3 2 3 4 3 3 3 3 2 3 3 3 3 3 3 3 3 3 2 3 3 4 3 4 4 3 3 3 3 3 3 2 3 3 4 3 3 2 3 3 3 3 3 2 3 3 3 4 3 3 1 2 3 2 3 3 3 4 3 3 3 3 3 3 3 3 3 3 2 2 4 3 3 2 3 2 3 3 2 3 3 2 3 3 3 4 3 3 3 3 3 4 3 3 2 4 3 3 3 3 3 2 3 3 3 3 2 3 3 3 4 3 3 3 4 3 1 3 3 3 3 3 3 2 3 3 3 3 3 2 3 2 4 2 2 3 4 4 3 3 3 3 3 3 3 3 3 3 3 3 3 3 2 2 3 3 2 4 3 4 3 3 3 3 2 3 2 3 2 3 3 3 3 4 3 1 3 2 4 4 2 2 3 2 3 3 3 3 3 3 3 4 3 3 3 3 3 3 3 2 3 3 2 3 4 3 4 3 3 3 3 3 2 3 3 3 2 3 3 2 3 3 2 3 4 2 3 2 4 3 3 3 4 3 2 3 3 3 2 2 3 2 3 3 4 3 3 3 3 3 2 3 3 2 3 2 3 4 4 3 4 3 2 3 3 3 3 3 3 4 4 2 3 3 3 4 3 3 4 3 1 3 2 3 3 2 4 2 3 3 3 3 3 3 2 3 3 3 3 3 3 4 4 2 3 4 3 3 3 3 2 3 3 3 3 3 4 3 3 3 3 4 3 3 4 2 3 3 2 3 3 4 2 3 2 3 3 3 1 2 3 3 2 2 1 3 3 4 3 3 2 3 3 3 4 3 3 2 3 3 3 3 3 3 3 3 3 3 4 4 4 3 3 3 
Vertex 77: 3 2 3 3 3 3 2 3 2 4 4 3 3 2 2 3 2 3 3 3 3 4 3 3 3 1 4 3 3 4 3 4 3 4 4 3 3 3 3 3 3 4 3 3 3 3 1 3 4 3 4 3 3 3 3 4 2 3 3 3 3 3 3 3 4 3 3 3 3 3 4 2 3 3 3 3 3 0 2 3 3 3 3 3 3 3 3 2 4 3 4 3 4 3 3 4 4 2 4 2 3 3 2 3 3 3 3 1 3 3 3 3 2 3 3 3 3 2 3 3 3 3 3 3 4 2 3 3 3 4 3 3 4 3 3 3 3 3 3 3 3 2 3 2 4 3 3 3 3 3 3 4 3 3 3 3 2 3 4 3 4 3 3 3 4 3 3 3 3 3 3 3 3 3 3 3 3 1 3 3 3 4 3 4 3 3 3 3 3 3 2 3 2 3 2 3 2 3 3 3 3 3 3 3 2 4 4 3 3 3 3 2 3 3 4 3 3 3 3 3 3 4 2 3 2 2 2 3 3 3 3 3 3 3 3 4 4 3 3 3 3 3 2 3 3 4 1 2 2 2 3 3 3 3 2 3 3 3 3 3 3 2 3 3 1 2 3 3 3 3 3 3 3 3 3 4 3 3 3 2 3 3 4 2 3 3 3 3 2 3 3 3 2 4 3 4 3 3 2 2 3 3 2 3 3 3 2 2 2 3 3 4 3 3 3 3 3 4 3 3 3 3 3 4 3 3 2 3 3 3 3 3 2 3 3 3 3 3 3 4 4 3 3 3 3 3 4 3 3 3 4 3 3 3 3 2 2 3 3 3 4 4 3 3 3 3 3 3 3 3 4 3 2 3 3 2 3 4 4 2 2 3 3 3 3 2 4 4 3 2 2 3 3 3 3 3 3 3 3 3 4 4 4 4 4 3 3 3 4 3 3 3 3 3 2 2 3 3 3 4 2 1 3 3 4 3 3 4 3 3 2 3 3 3 4 3 3 3 3 3 3 2 3 3 3 3 3 3 2 3 3 3 3 3 3 3 3 3 3 2 3 3 3 2 3 4 4 3 3 3 3 3 3 4 3 3 3 4 2 4 3 3 3 4 3 2 3 4 3 4 4 3 3 3 2 3 2 2 3 3 
Vertex 78: 3 3 3 3 3 2 4 3 1 4 3 3 3 3 3 3 3 3 3 3 3 4 3 4 3 3 3 3 3 3 3 3 3 4 3 2 3 3 3 3 1 4 3 3 3 3 3 3 3 3 4 2 2 3 3 3 3 2 3 2 2 3 3 3 4 3 3 3 3 3 3 2 3 4 3 4 3 2 0 2 3 2 3 2 3 3 3 3 4 1 4 3 3 3 3 2 3 3 3 3 3 3 3 3 3 3 3 2 3 3 2 3 1 3 4 3 3 3 3 1 3 3 1 4 3 3 3 3 2 4 2 4 3 3 3 3 3 3 4 3 3 2 3 3 4 2 3 3 3 2 3 3 3 3 3 2 2 2 3 3 4 2 3 3 3 4 3 3 1 3 3 3 3 2 3 3 3 2 3 3 3 3 3 3 3 3 2 3 2 3 3 3 3 2 3 4 2 3 3 2 3 3 3 3 3 3 3 2 2 3 3 3 4 3 3 3 2 4 2 2 4 4 4 2 2 2 4 3 4 2 3 3 4 4 3 3 3 3 3 2 4 3 2 3 3 3 3 3 3 2 3 3 3 3 3 3 4 3 3 4 3 2 3 3 1 3 3 3 3 3 3 2 3 3 3 3 3 3 3 3 2 3 3 1 3 2 3 3 4 3 3 2 3 4 2 4 2 2 3 3 3 3 3 3 4 3 3 3 3 3 3 2 3 4 3 3 3 3 3 3 4 4 3 4 3 4 3 3 3 3 3 3 2 3 3 3 2 3 3 3 2 3 2 3 3 2 4 3 3 3 4 4 3 2 3 3 2 3 3 3 3 4 3 3 3 4 3 3 3 3 3 3 3 2 3 3 3 2 3 3 3 3 3 3 4 2 3 3 3 3 2 3 3 3 3 3 4 3 3 3 3 3 4 3 3 4 3 3 3 3 3 3 3 4 3 3 4 2 3 3 4 3 2 3 3 2 3 4 3 3 2 4 3 4 4 3 3 4 3 3 3 3 3 4 3 3 2 3 2 3 2 3 2 3 2 3 3 3 3 2 3 3 3 3 2 3 4 3 2 3 3 3 2 4 3 3 3 3 2 2 3 3 2 3 2 3 3 2 2 4 3 2 3 3 3 3 4 4 3 2 
Vertex 79: 2 3 3 3 2 3 4 2 3 3 3 3 3 3 2 2 3 3 4 3 3 3 2 3 3 2 2 2 3 3 3 3 2 3 1 3 2 3 3 3 3 3 3 2 2 3 2 3 3 3 3 2 3 3 2 2 1 3 3 2 3 3 3 3 3 3 2 2 2 3 3 2 3 3 3 4 3 3 2 0 3 3 3 3 3 3 3 3 3 3 3 4 3 3 3 2 4 3 3 3 3 4 2 3 2 3 2 2 3 3 3 2 3 3 4 2 4 4 3 3 3 3 3 3 4 3 3 2 3 3 3 3 4 3 3 3 3 3 3 3 2 3 3 4 3 2 3 3 3 3 3 3 3 3 4 2 2 2 3 4 4 3 3 2 3 3 3 4 1 3 2 2 3 4 3 3 3 2 3 3 2 3 1 1 3 3 2 3 3 3 3 4 2 3 3 3 3 3 3 1 3 2 3 3 3 3 4 3 3 2 3 2 3 4 2 2 3 3 4 3 2 2 3 3 2 2 4 3 3 2 4 3 3 2 3 3 4 3 3 2 4 1 3 3 3 3 3 3 2 2 3 3 2 3 3 2 3 3 3 2 3 3 3 3 3 3 3 2 2 3 3 2 3 3 3 3 3 2 3 1 3 3 3 3 3 4 3 3 3 1 3 3 2 2 3 3 2 3 2 3 2 2 3 2 3 3 3 2 2 2 3 2 3 3 3 3 3 2 3 3 3 2 2 3 4 3 3 3 3 3 2 3 3 3 3 2 3 3 3 3 3 3 2 3 2 3 2 2 3 2 3 3 3 2 3 2 3 3 3 2 3 3 3 3 2 3 2 2 3 2 3 2 3 3 3 1 3 3 3 2 3 3 3 3 3 3 3 3 2 3 3 3 2 3 2 2 2 4 4 3 3 3 3 3 3 3 3 3 3 3 3 3 4 2 3 3 3 3 3 3 3 3 3 3 3 3 3 3 2 3 3 4 3 2 3 3 3 3 3 3 3 3 3 3 2 3 3 3 3 3 3 3 3 3 3 2 2 3 3 2 3 3 3 1 3 3 3 3 2 2 2 3 2 3 3 2 3 2 3 3 3 3 3 3 3 3 3 3 2 4 3 3 3 3 3 3 3 3 3 2 
Vertex 80: 4 3 3 3 3 3 2 3 4 3 2 3 3 2 2 3 3 3 3 2 3 2 3 3 3 3 4 3 3 4 4 4 2 3 3 3 3 2 4 3 4 2 3 4 3 4 3 3 2 3 2 3 4 3 3 4 3 4 3 3 3 3 2 3 3 3 3 3 3 3 3 3 3 4 3 4 3 3 3 3 0 2 3 3 3 3 3 3 3 3 3 3 3 4 3 3 2 2 4 3 3 3 3 2 3 4 2 3 3 3 3 3 2 3 3 3 4 3 4 3 3 2 2 3 2 3 3 3 3 3 4 2 3 2 3 3 2 4 2 3 3 2 3 3 3 3 3 3 4 4 1 4 3 4 4 2 3 3 3 4 3 3 3 2 3 3 3 4 2 4 3 3 2 4 3 3 3 3 3 3 3 3 3 4 3 3 3 3 3 4 4 3 3 3 3 3 3 3 3 3 3 2 3 3 3 2 2 3 3 3 4 3 3 3 3 3 3 3 3 2 3 4 4 3 3 3 4 3 3 3 2 3 3 3 3 3 4 1 2 3 3 3 4 4 2 2 3 2 4 3 3 3 3 3 3 3 4 3 3 3 4 3 3 3 3 3 4 3 3 4 2 2 3 3 4 3 3 3 3 3 3 3 3 3 3 3 3 3 3 4 3 3 3 3 3 4 3 3 3 3 3 3 3 3 3 2 1 3 2 3 4 3 3 3 3 3 3 4 3 2 4 4 3 3 3 3 3 3 3 2 3 3 2 3 3 3 3 3 3 4 3 3 2 3 4 3 3 3 3 3 3 2 3 2 2 2 3 3 3 3 4 3 3 3 3 3 3 3 4 3 3 3 3 3 3 3 3 3 3 3 2 4 3 2 2 4 2 3 3 2 3 3 3 3 3 2 3 4 3 2 4 3 3 4 3 3 2 3 3 3 3 3 2 3 3 3 3 3 4 4 4 2 3 3 2 3 3 2 3 2 3 3 2 3 3 3 4 1 3 3 3 3 3 4 3 3 2 3 3 3 3 3 1 3 4 4 3 3 3 2 2 3 3 3 3 3 4 3 3 4 4 3 3 4 4 3 3 3 2 2 4 1 3 3 3 3 4 4 2 3 4 3 3 3 2 3 4 3 3 3 
Vertex 81: 3 3 3 3 2 3 4 3 3 3 3 1 3 3 3 3 2 3 3 3 3 3 1 4 3 3 4 3 3 2 3 4 2 3 3 4 3 3 4 3 3 3 3 4 3 4 3 2 1 3 3 3 3 3 2 3 2 2 2 3 4 3 3 3 3 2 3 3 3 3 3 3 2 3 3 3 2 3 2 3 2 0 3 4 3 3 3 4 3 3 2 3 3 3 3 2 3 2 2 2 3 2 3 3 3 2 2 3 3 2 4 3 1 2 3 2 3 3 3 3 3 3 3 3 4 3 3 3 4 3 2 3 3 3 3 3 2 3 3 2 3 3 3 3 4 4 3 3 3 2 3 3 3 4 4 3 3 2 3 2 3 4 3 3 4 2 3 3 3 3 2 2 3 2 3 3 2 2 3 4 3 2 3 4 3 3 3 4 2 4 4 4 3 3 2 3 3 3 2 4 3 2 3 3 3 3 3 3 2 1 4 3 2 3 3 3 3 3 2 2 2 4 3 3 3 2 3 3 2 3 3 3 2 3 3 3 2 2 3 3 3 3 3 3 3 3 4 3 3 3 4 3 3 3 3 3 3 3 2 3 3 3 3 3 2 2 3 3 3 2 3 3 3 3 2 2 3 3 4 3 2 3 3 2 3 3 3 4 3 2 3 2 3 3 3 3 3 3 3 3 3 3 3 3 2 3 2 3 3 3 3 3 2 4 3 3 4 2 3 3 3 3 3 4 3 4 3 3 3 3 3 3 3 2 3 2 3 1 3 3 3 3 3 2 3 2 3 3 4 4 3 2 2 2 3 3 1 3 3 4 3 4 3 3 3 3 3 3 2 3 3 3 3 2 2 2 3 3 3 3 3 4 3 3 4 3 4 3 2 3 2 3 2 4 2 3 3 4 3 3 3 3 3 4 3 3 3 3 1 3 4 3 3 3 3 3 3 2 3 4 3 3 3 3 3 3 3 4 3 3 3 3 2 4 3 3 3 3 4 3 2 3 3 3 3 3 2 3 3 2 2 4 2 4 3 3 3 3 2 2 2 3 3 4 3 3 3 3 3 3 3 2 3 2 3 3 3 4 3 3 3 1 2 3 3 3 3 3 3 4 3 2 3 3 3 2 3 3 1 3 
Vertex 82: 2 3 3 2 2 3 3 3 3 3 3 2 2 3 3 3 3 3 3 3 3 3 3 3 3 3 4 2 2 3 2 3 3 2 2 3 3 4 3 3 4 2 2 3 1 3 3 3 3 3 3 3 3 2 3 2 3 3 3 3 1 3 3 2 3 3 2 3 2 3 3 3 2 2 3 3 3 3 3 3 3 3 0 3 3 2 2 3 3 2 2 3 3 3 3 4 2 3 3 3 2 3 2 3 2 3 3 3 4 4 4 3 2 3 4 3 3 3 3 3 3 3 3 3 3 3 3 3 3 3 3 3 3 3 3 3 3 2 3 2 3 2 2 2 3 3 1 3 3 3 3 3 2 1 2 3 3 3 3 3 3 3 3 2 3 2 2 3 3 2 3 3 1 3 3 3 3 3 3 3 3 3 2 3 1 3 2 3 3 3 3 3 2 2 2 3 3 3 3 3 3 3 3 3 3 4 3 3 3 3 4 3 3 2 2 2 3 3 3 3 3 3 2 3 3 2 4 3 4 3 2 2 3 2 2 3 3 2 3 3 3 3 4 2 3 3 4 3 3 3 3 2 2 3 3 3 3 1 2 3 3 3 3 3 2 4 3 1 3 3 2 3 2 2 3 3 3 2 3 2 3 3 3 2 2 3 3 3 3 3 3 3 2 2 3 2 3 3 3 3 3 2 2 3 3 3 3 3 3 3 2 2 3 3 2 3 3 4 2 3 3 2 3 3 3 3 3 3 3 3 3 2 3 3 3 3 3 3 2 2 3 3 3 3 2 3 3 3 2 2 2 2 2 2 2 3 3 2 3 3 4 3 3 1 2 2 3 3 3 3 3 3 3 2 3 3 3 3 3 3 3 1 3 2 4 3 3 2 3 3 2 3 3 2 2 3 3 3 3 2 2 3 3 3 2 3 3 3 2 3 3 2 4 3 3 2 3 3 2 2 3 3 3 3 3 3 3 3 3 2 3 3 3 3 3 3 3 3 4 2 2 3 3 3 2 3 3 3 2 3 3 3 3 4 3 4 2 3 3 2 1 2 3 2 3 2 3 2 2 3 3 3 3 3 3 2 3 2 3 3 3 2 1 3 2 2 3 3 3 3 1 3 3 2 3 3 3 3 3 3 
Vertex 83: 3 3 3 3 3 3 4 3 3 3 3 3 3 2 3 2 3 3 3 2 3 3 3 3 3 2 4 4 3 3 2 3 3 3 3 3 3 3 3 3 1 3 2 3 3 3 2 3 3 3 3 3 3 3 3 3 3 2 3 3 3 3 3 3 3 3 3 3 3 3 1 3 3 3 1 3 3 3 2 3 3 4 3 0 3 3 2 3 3 3 3 3 2 2 3 3 3 3 3 3 2 3 3 3 3 4 3 2 3 3 3 3 3 3 3 3 3 4 3 3 3 1 3 3 2 3 2 3 3 3 2 3 3 2 3 3 3 3 2 3 3 2 2 3 3 3 2 3 2 2 3 2 3 3 2 2 3 3 2 3 4 3 3 3 3 3 2 3 3 3 2 2 3 4 3 2 4 3 3 2 2 2 3 3 3 3 3 3 4 4 1 3 3 2 3 2 2 2 3 2 3 3 3 3 3 3 2 3 2 3 3 3 3 3 3 3 4 3 4 4 2 3 2 3 2 3 3 4 3 3 3 4 3 4 3 3 3 2 3 2 3 3 2 4 3 2 3 3 3 3 3 3 3 1 3 3 2 3 2 2 3 3 3 3 3 3 3 3 3 2 3 2 3 3 3 3 3 3 3 3 2 1 3 3 2 3 3 3 3 3 3 2 4 3 2 3 3 2 2 1 3 3 2 4 3 3 3 3 3 3 3 3 2 3 3 3 2 2 3 3 3 3 2 3 3 3 3 3 3 3 2 3 3 3 2 3 2 3 3 3 2 3 2 2 3 2 3 3 2 3 2 3 3 2 2 3 3 3 3 4 2 3 2 3 4 3 2 3 2 2 3 3 3 3 2 3 3 3 3 1 3 3 4 3 2 3 3 3 2 3 4 3 3 3 2 3 3 2 2 2 3 4 3 3 3 3 4 4 3 2 3 1 4 3 3 3 3 3 4 4 3 3 3 3 3 2 3 4 3 3 3 3 3 2 3 3 2 3 3 2 3 3 3 2 2 3 3 2 3 4 3 3 3 3 4 3 3 2 2 3 2 3 3 3 3 3 3 4 2 3 2 2 4 4 4 3 3 2 2 3 3 3 3 3 3 1 2 3 3 3 3 2 4 3 3 3 3 3 3 3 
Vertex 84: 2 3 2 3 3 3 4 2 3 2 3 3 3 3 3 3 3 3 3 2 3 3 2 3 4 3 2 3 3 3 2 1 2 3 3 3 3 3 3 3 3 3 3 3 3 3 3 2 3 3 3 3 3 3 2 3 2 3 3 2 3 3 3 3 2 3 3 3 3 3 3 3 3 3 3 3 2 3 3 3 3 3 3 3 0 3 3 3 3 3 1 4 2 4 3 3 3 3 2 3 3 3 3 3 3 3 1 3 2 3 3 3 3 3 3 3 3 1 2 2 3 3 3 3 2 3 3 3 4 3 3 3 2 3 2 3 3 2 3 3 3 3 3 3 4 3 3 3 3 3 2 2 2 3 3 3 1 3 3 3 3 2 3 2 3 2 3 4 3 3 2 3 2 4 2 2 3 3 3 1 2 3 2 3 3 4 3 3 3 3 3 3 3 3 3 3 3 3 3 3 3 3 3 3 2 3 2 2 3 3 3 3 2 2 3 3 3 2 3 3 3 3 2 1 2 2 3 3 3 3 3 2 2 3 3 3 3 3 3 2 4 3 3 2 3 3 3 2 2 2 3 3 3 3 3 2 2 2 3 3 2 3 3 3 2 3 2 2 3 2 3 2 3 2 3 3 2 3 3 3 3 2 3 3 3 3 2 2 3 3 3 3 3 2 2 4 3 3 3 3 3 2 3 3 2 3 2 3 3 3 3 3 2 2 3 2 3 4 2 3 3 3 2 3 3 3 3 3 3 3 3 3 3 3 2 3 3 3 3 3 3 3 3 3 3 3 2 3 3 3 2 3 3 3 3 3 2 2 3 2 3 3 2 3 3 2 3 3 3 3 3 2 2 3 3 3 3 3 3 4 4 3 3 3 3 2 3 4 2 3 3 3 2 3 3 2 3 3 3 2 3 3 3 3 2 3 3 3 4 3 1 2 3 2 3 3 3 3 3 3 3 2 2 2 3 3 2 3 3 3 2 3 2 3 3 3 3 3 3 1 3 3 3 3 3 2 2 3 3 3 3 3 3 3 3 3 3 2 3 3 3 3 2 3 3 3 2 3 2 2 1 3 3 3 3 3 3 3 4 2 3 4 2 3 1 2 3 3 3 3 4 3 3 2 2 2 3 3 3 2 
Vertex 85: 3 3 3 3 3 2 4 3 3 2 3 3 3 3 3 3 3 4 2 3 3 3 3 3 3 2 3 3 3 3 3 3 2 3 3 4 4 3 4 2 2 3 3 3 3 3 3 2 3 3 3 2 4 3 2 3 3 3 3 3 3 3 3 3 3 3 3 4 3 3 3 2 3 4 3 4 3 3 3 3 3 3 2 3 3 0 3 4 3 3 4 3 2 3 4 3 3 1 3 3 3 3 4 3 3 4 3 2 3 3 2 3 3 3 3 3 3 3 3 3 4 3 3 3 3 3 3 3 3 3 3 2 3 2 3 3 3 2 3 3 2 3 3 3 2 3 3 3 3 4 4 3 2 3 4 3 3 3 3 3 4 2 3 3 2 3 1 3 3 3 3 4 3 4 3 3 3 3 1 3 3 2 3 3 3 4 2 2 3 1 3 3 3 2 3 3 1 4 4 4 2 3 4 2 3 3 3 3 3 3 3 3 3 3 3 3 3 3 3 3 3 4 3 2 1 3 3 4 3 3 4 3 4 2 4 2 3 3 3 3 2 3 3 3 2 4 2 3 3 3 2 3 2 3 2 3 3 3 2 4 4 3 3 3 2 3 3 2 3 3 3 3 3 3 3 4 3 3 3 3 2 3 4 3 3 3 3 2 3 3 3 2 3 3 2 4 3 3 3 3 3 3 3 3 3 3 3 3 3 3 3 2 3 3 2 3 3 4 3 2 3 3 2 3 3 3 2 3 4 3 2 3 2 3 3 3 3 4 3 3 3 3 3 4 3 3 3 3 2 3 3 2 3 3 2 3 3 3 3 3 4 3 2 1 3 2 3 3 3 3 3 3 2 3 4 3 2 3 2 4 3 3 3 3 3 3 4 4 3 3 3 3 3 3 3 2 4 3 2 3 3 4 3 3 3 3 2 3 3 2 4 3 3 3 2 2 2 3 3 3 3 4 4 2 3 3 2 4 3 3 3 3 3 3 3 3 3 4 3 3 3 2 3 3 2 3 2 3 1 3 2 1 3 3 4 3 4 4 3 3 2 3 3 3 2 3 4 3 3 3 3 4 3 3 4 2 3 3 2 3 2 2 3 4 3 2 3 3 3 3 3 2 4 2 3 4 2 3 3 2 
Vertex 86: 2 3 2 3 2 3 3 2 3 4 3 3 3 2 3 3 2 3 3 3 3 3 3 3 3 4 3 2 3 3 3 2 3 3 3 3 2 3 3 3 3 3 3 2 3 2 2 3 4 3 3 3 3 2 3 3 3 3 1 2 2 3 3 3 4 3 2 2 3 2 2 3 3 2 3 3 3 3 3 3 3 3 2 2 3 3 0 4 3 2 3 3 4 3 3 3 4 3 3 3 2 3 3 2 3 3 3 3 3 3 3 3 3 2 3 3 3 2 1 3 2 3 3 2 4 2 3 3 2 3 3 2 3 3 3 2 3 3 3 3 2 3 2 3 3 3 3 3 3 3 3 2 2 2 3 2 2 2 4 3 4 3 3 2 2 3 3 3 3 3 3 3 3 4 3 3 3 2 2 2 3 3 3 3 1 3 3 3 2 3 3 3 3 2 2 2 3 3 3 2 2 3 3 3 2 2 3 3 2 3 2 3 3 3 2 3 3 3 3 3 3 4 3 3 2 2 3 3 3 3 3 3 3 4 3 3 3 3 2 2 4 2 2 4 3 3 3 3 3 3 2 2 3 3 3 3 2 2 3 3 3 2 3 3 3 3 3 3 2 3 3 3 3 3 2 3 2 2 3 3 2 3 4 3 3 1 2 3 3 3 2 3 3 3 2 1 2 3 2 3 4 3 3 3 3 3 2 3 3 3 2 3 3 2 3 2 2 3 3 3 4 2 3 3 2 3 3 3 3 3 3 2 3 3 2 3 3 3 3 3 3 3 3 3 4 3 1 2 1 3 3 3 2 2 3 2 3 3 3 3 3 3 3 3 3 2 3 3 2 3 3 3 3 3 3 3 2 3 3 1 3 2 4 3 3 3 3 2 3 1 3 2 3 3 3 3 3 3 2 2 1 2 2 1 2 3 3 3 3 3 2 3 4 3 3 2 3 2 2 2 3 3 3 3 3 3 3 3 3 3 3 4 3 3 1 3 2 3 3 2 2 3 2 2 2 2 2 3 3 3 3 3 3 3 2 2 3 3 3 3 3 3 3 3 2 3 2 3 1 3 3 2 3 3 3 3 3 3 2 3 3 3 3 3 3 3 3 3 4 3 3 3 4 1 3 3 3 3 2 3 
Vertex 87: 4 2 3 2 2 3 3 4 3 3 4 3 2 3 3 4 3 3 4 4 3 3 3 3 3 3 3 3 1 4 3 4 3 3 3 4 4 3 2 3 3 3 3 4 2 3 2 3 3 3 3 3 4 3 4 3 3 3 4 3 3 2 2 2 2 3 3 4 4 3 3 3 3 2 3 3 3 2 3 3 3 4 3 3 3 4 4 0 3 3 3 3 2 3 2 4 3 3 3 3 3 3 3 3 3 3 3 3 3 4 3 3 3 3 3 2 4 3 3 3 3 4 3 3 3 4 4 2 2 4 3 3 3 2 4 4 3 3 3 3 3 2 3 3 3 4 3 3 2 3 4 4 3 3 4 3 3 3 3 3 4 3 3 3 4 4 3 3 4 3 3 3 3 4 3 3 2 3 4 3 3 3 3 3 3 3 2 4 3 3 3 2 2 3 2 3 3 2 3 3 2 3 2 3 3 3 3 3 3 3 3 4 3 2 3 3 3 3 2 4 3 4 3 3 3 3 4 4 3 4 3 4 4 4 3 4 4 3 2 2 3 3 3 4 3 3 3 3 3 3 4 3 3 2 3 2 3 3 3 3 2 3 3 3 2 3 3 2 4 2 3 3 1 3 3 3 3 3 1 3 3 3 3 3 3 3 3 3 2 3 3 3 3 3 3 3 3 3 3 3 3 3 3 2 3 3 2 3 3 1 2 4 2 4 3 3 3 3 3 3 3 3 3 4 3 3 3 2 2 2 4 3 3 3 3 2 3 3 3 3 4 3 3 3 3 3 3 3 3 3 3 2 3 3 3 4 3 3 3 3 3 3 3 3 2 3 3 3 3 3 3 3 2 2 3 3 3 3 3 3 2 3 3 3 4 3 3 2 2 3 3 4 3 3 2 3 4 1 3 2 3 3 2 4 3 3 3 3 3 4 2 3 4 3 2 2 3 3 3 4 3 3 2 3 3 2 3 3 3 1 1 3 3 4 3 3 3 3 4 3 3 2 3 3 3 4 3 4 3 3 4 3 4 3 3 3 3 3 3 3 2 3 3 3 2 3 3 2 3 3 3 3 3 4 2 3 3 3 3 3 3 3 3 3 3 3 4 3 3 4 3 2 2 3 3 3 3 3 3 3 
Vertex 88: 2 3 3 3 3 3 3 3 3 3 3 3 1 3 2 3 3 3 4 3 3 3 3 1 4 3 4 4 3 2 3 3 3 3 3 3 3 3 3 2 3 3 3 3 2 3 3 2 3 3 2 3 3 3 3 3 3 3 2 3 3 3 3 3 3 3 1 3 3 3 3 3 3 3 3 3 2 4 4 3 3 3 3 3 3 3 3 3 0 3 3 3 3 2 4 3 3 2 3 3 2 3 3 4 2 3 3 3 4 3 3 3 3 3 2 3 4 3 3 3 3 2 4 3 4 3 3 3 3 3 3 1 3 3 3 3 3 3 3 3 2 3 3 3 2 3 4 3 3 3 4 3 1 4 3 3 2 3 3 3 4 3 1 3 3 3 3 4 3 2 2 3 3 4 3 2 3 3 3 3 3 4 3 3 3 3 3 3 3 4 3 3 3 4 2 2 4 3 3 2 2 4 2 3 2 3 3 3 3 2 3 4 3 3 3 3 3 3 2 4 2 3 3 3 3 3 3 2 3 3 3 3 3 3 3 2 4 2 3 3 3 3 3 3 3 3 4 3 4 4 3 2 3 3 2 2 3 2 2 3 3 3 3 3 3 3 3 3 3 3 4 3 3 3 2 3 3 3 2 3 3 3 3 4 2 2 3 3 3 3 3 3 2 3 3 3 3 3 2 3 3 2 3 3 2 3 3 3 2 3 3 3 3 3 3 3 3 4 3 3 3 3 3 3 3 2 4 1 3 3 4 2 3 2 3 3 3 3 2 3 3 3 2 3 3 3 3 1 3 3 2 1 2 3 3 3 2 1 4 2 2 2 3 2 3 2 2 2 2 3 3 2 3 3 3 2 3 3 4 3 2 3 3 3 4 3 2 3 3 2 3 3 3 2 2 2 3 2 3 3 3 3 3 3 4 3 3 3 4 3 3 3 4 3 3 3 3 3 3 4 3 3 3 4 3 2 3 3 2 2 3 3 2 2 3 3 2 3 4 2 2 3 3 2 3 4 3 3 3 2 3 3 3 4 3 2 3 3 2 3 4 3 3 3 3 4 2 3 2 3 3 2 3 3 3 3 2 3 2 4 3 3 2 3 2 3 2 3 4 3 3 3 2 4 3 3 3 4 3 3 
Vertex 89: 3 2 2 3 4 1 3 3 2 3 3 3 3 3 2 2 3 3 3 3 3 4 3 3 2 3 2 2 4 4 2 3 3 3 4 2 3 3 3 3 2 3 3 4 3 2 2 3 3 3 3 3 3 3 2 3 2 3 3 3 1 3 3 2 4 2 3 3 2 3 3 3 3 3 2 3 3 3 1 3 3 3 2 3 3 3 2 3 3 0 3 2 3 4 2 3 3 3 3 3 3 3 3 3 3 2 2 3 3 3 3 3 2 2 3 3 3 3 3 2 3 3 2 3 3 2 2 3 2 4 3 3 3 3 3 3 3 3 3 3 3 3 2 4 4 3 3 4 3 3 3 3 2 3 2 3 2 2 3 2 3 3 3 3 3 3 2 3 2 3 3 3 3 3 2 3 3 3 3 3 3 2 3 4 3 2 2 3 3 4 3 3 4 2 2 3 3 3 3 3 3 3 2 3 4 3 3 3 2 3 2 3 4 3 3 2 3 3 3 3 3 4 3 3 3 3 3 3 4 1 3 3 3 3 2 2 4 2 2 3 4 3 3 3 2 3 3 2 4 3 3 2 3 3 2 2 3 2 3 3 3 3 3 2 2 3 3 3 2 3 3 3 2 3 3 3 3 2 4 3 2 3 3 2 3 1 2 3 3 3 3 2 2 3 3 3 3 3 3 2 3 3 3 3 3 3 3 3 3 3 4 3 3 4 2 3 2 2 2 2 3 3 3 4 2 3 2 2 3 3 3 3 3 3 2 2 3 3 3 2 2 3 3 3 3 3 3 2 2 2 3 3 2 1 2 3 3 3 3 3 3 3 3 3 3 3 4 3 3 3 3 2 3 3 3 3 3 2 3 2 3 3 3 3 3 2 3 3 3 3 2 3 3 3 3 3 3 3 3 2 2 2 3 3 3 3 3 3 3 3 3 4 3 3 4 2 3 3 3 4 3 3 1 3 4 3 3 3 3 3 3 4 3 3 3 3 3 3 3 3 2 3 2 3 3 3 2 4 2 3 3 3 3 3 3 3 3 3 3 3 3 2 2 3 3 4 3 3 3 2 3 3 3 4 3 3 3 3 1 3 4 2 3 3 3 3 3 1 3 4 3 3 3 2 2 3 3 3 3 3 
Vertex 90: 1 3 3 2 2 3 4 3 3 2 2 2 3 3 3 3 2 3 3 2 3 3 1 3 3 3 3 3 4 4 3 2 3 3 3 3 4 4 3 2 4 4 4 3 3 2 3 3 3 3 3 3 3 3 3 3 3 4 3 3 2 3 3 3 1 3 3 3 3 4 3 2 3 3 3 3 3 4 4 3 3 2 2 3 1 4 3 3 3 3 0 4 3 4 3 3 2 3 3 2 3 3 3 3 2 2 2 3 2 3 3 3 3 3 3 3 4 2 3 3 2 3 4 3 3 3 3 3 3 3 4 3 3 4 3 3 3 3 3 3 4 2 2 3 4 3 3 3 3 3 3 2 3 3 3 4 2 2 4 3 3 3 3 3 3 1 3 3 3 3 3 3 1 3 2 3 3 3 3 2 2 4 3 3 3 3 3 4 3 4 3 4 3 3 3 3 3 3 3 3 3 4 3 4 3 3 2 2 3 3 3 3 3 3 3 3 3 3 4 3 3 2 2 2 3 2 3 2 2 3 2 1 3 3 3 3 2 3 3 3 3 3 3 3 3 2 3 3 3 3 4 3 3 3 3 3 2 3 2 3 3 3 3 2 3 3 3 3 3 3 2 3 3 3 2 3 3 3 4 3 3 3 3 3 3 3 3 3 3 2 3 3 3 2 3 3 3 3 3 3 2 3 2 3 3 3 3 3 3 2 3 3 3 3 3 3 3 3 1 2 3 3 3 2 3 2 3 3 3 4 3 3 4 3 2 3 3 3 3 3 3 4 3 3 3 3 2 2 4 2 2 3 3 2 3 2 3 3 4 3 4 4 3 3 3 3 3 3 2 3 3 3 3 2 2 2 3 3 3 3 3 2 4 2 4 3 2 4 3 3 2 2 3 3 2 3 3 4 2 3 3 3 3 3 3 3 3 3 3 3 2 3 3 3 3 2 3 2 3 3 4 3 3 3 3 3 3 3 3 3 3 3 2 3 2 3 4 3 3 2 2 3 4 3 2 3 3 3 4 2 3 3 3 3 3 3 4 1 2 3 3 3 3 2 3 3 3 3 3 3 2 2 3 3 3 2 3 2 3 3 4 3 2 2 2 3 3 3 4 3 3 4 3 3 2 2 3 2 2 3 
Vertex 91: 3 2 3 4 4 3 3 3 3 3 3 3 4 3 3 3 3 3 3 3 2 3 3 3 4 4 4 4 2 4 3 3 4 3 4 4 2 4 3 3 4 2 4 3 4 4 2 2 3 3 3 3 4 4 4 4 3 3 3 3 3 4 3 3 3 1 3 4 2 3 4 3 4 3 2 3 4 3 3 4 3 3 3 3 4 3 3 3 3 2 4 0 2 3 4 3 2 3 3 3 4 2 3 4 3 4 4 3 3 4 3 4 3 3 4 4 3 3 2 3 4 3 3 3 4 4 2 2 3 3 3 3 3 3 4 3 1 3 4 3 3 3 3 3 4 4 2 3 3 3 3 4 3 3 3 3 3 3 3 3 3 3 4 2 2 4 2 4 4 3 3 2 3 3 3 3 4 3 3 4 3 3 3 4 3 4 2 3 4 4 3 2 3 4 2 4 4 2 4 3 3 3 3 4 3 3 2 2 3 2 4 3 3 3 3 3 3 3 3 4 3 4 4 4 4 3 4 4 4 3 4 3 3 4 4 3 3 2 3 3 4 3 3 4 3 4 3 2 4 3 1 3 4 3 2 3 3 3 4 3 4 3 3 3 3 3 4 3 2 4 3 3 3 3 3 3 3 3 3 3 4 4 2 4 2 3 4 3 3 4 3 4 4 4 2 4 4 3 3 4 4 4 4 3 3 3 3 4 2 3 3 4 3 4 3 3 4 4 4 3 3 4 3 2 3 3 2 2 2 3 3 3 2 3 3 2 3 3 4 3 3 3 4 3 4 3 3 2 2 2 4 3 4 3 3 3 3 3 4 3 3 3 3 3 4 3 3 4 3 3 4 3 3 3 4 3 3 3 3 3 3 3 2 3 3 4 3 3 3 3 3 3 4 3 4 3 3 3 3 4 4 4 3 4 3 3 4 3 3 3 3 3 4 3 3 3 3 3 3 3 3 4 3 4 4 3 4 3 3 4 3 3 3 3 4 4 3 3 2 3 3 3 3 3 3 3 2 2 2 4 3 3 3 4 4 3 3 3 2 3 3 3 3 3 3 3 3 3 3 3 3 2 3 4 4 4 3 4 1 3 4 2 3 4 3 3 3 3 4 4 3 3 3 3 3 3 3 3 4 3 
Vertex 92: 4 3 3 3 3 2 3 2 3 2 3 4 2 4 3 3 3 3 2 3 3 3 3 3 3 3 4 3 3 3 3 3 3 3 3 3 4 3 4 3 3 2 3 4 3 4 3 3 4 3 3 3 4 4 3 3 2 3 3 3 3 3 2 2 3 1 3 4 3 2 3 3 3 4 1 3 2 4 3 3 3 3 3 2 2 2 4 2 3 3 3 2 0 3 4 3 1 3 1 3 3 1 3 4 2 4 3 3 3 3 3 3 3 3 3 3 3 3 3 3 4 3 3 3 2 3 3 3 3 2 3 3 3 3 2 3 3 3 3 3 4 3 2 3 3 3 3 2 1 2 3 3 3 3 4 3 3 4 3 3 3 3 3 2 3 3 1 3 3 3 3 3 2 3 4 3 3 3 3 3 3 2 3 3 3 4 3 3 3 2 2 3 2 2 2 3 3 2 4 3 3 3 3 3 3 3 2 3 3 2 3 3 3 3 2 3 2 3 4 4 3 3 3 3 3 3 3 3 3 3 4 4 2 3 3 3 2 3 3 3 3 4 3 2 3 3 3 2 3 3 2 3 3 3 3 3 3 3 4 2 2 3 3 3 4 4 3 2 3 3 3 3 3 3 4 3 3 3 1 3 3 3 3 2 2 3 3 2 3 4 3 3 2 3 2 4 3 2 3 2 3 2 3 4 3 2 3 3 3 3 3 2 3 3 2 3 3 4 2 3 2 3 3 3 2 1 3 3 2 4 3 4 3 3 2 3 2 3 3 2 3 1 3 3 3 3 3 3 3 3 3 3 4 3 2 3 3 3 2 4 4 3 3 3 3 2 2 2 3 3 3 3 2 2 3 3 2 2 3 3 2 3 4 3 3 3 3 3 2 3 3 2 3 3 3 2 3 3 2 3 3 3 3 3 3 2 3 3 4 4 3 2 4 3 3 3 3 3 3 4 3 3 3 2 3 3 3 3 4 3 3 3 3 3 3 3 3 3 3 3 2 3 2 3 3 4 2 3 3 3 3 3 3 3 3 3 2 3 3 3 4 3 3 3 2 4 3 3 3 3 1 3 3 2 3 3 3 2 2 3 3 4 3 3 2 3 2 3 3 3 3 3 3 3 3 3 2 3 3 3 
Vertex 93: 3 3 3 4 3 3 4 3 3 4 4 3 1 4 4 3 3 4 4 3 3 3 3 3 3 3 4 3 2 3 4 3 3 3 4 3 1 2 3 3 3 4 3 4 3 2 2 3 4 4 3 3 4 3 3 2 3 3 3 2 3 2 3 3 4 4 3 3 4 3 2 4 3 3 3 4 2 3 3 3 4 3 3 2 4 3 3 3 2 4 4 3 3 0 3 4 4 3 3 3 3 3 3 2 3 4 4 3 4 3 3 4 2 3 4 4 4 3 3 3 3 3 4 3 3 4 2 3 3 3 3 3 4 3 4 4 2 3 2 3 3 4 2 4 2 2 4 3 4 3 4 4 3 4 4 3 3 3 4 4 5 3 3 3 4 4 3 4 3 2 3 3 3 4 3 3 3 3 3 3 3 3 2 3 2 4 3 1 3 4 3 3 3 3 3 3 2 3 3 4 3 4 3 3 2 3 4 3 3 3 3 4 3 3 3 3 3 4 3 4 3 4 2 3 2 4 4 3 4 4 4 4 3 3 4 3 4 3 4 3 4 3 3 3 3 3 3 3 4 3 4 3 3 2 4 3 4 2 3 3 3 3 3 4 3 4 4 3 3 2 4 3 3 2 3 3 4 3 2 3 3 3 3 3 3 3 3 3 3 4 4 3 2 3 3 3 3 3 3 3 3 3 3 3 3 4 3 3 3 4 3 3 4 3 3 4 3 3 3 3 3 1 3 4 3 2 3 3 3 4 3 3 4 3 3 4 2 4 3 4 3 4 2 4 3 4 3 3 3 3 3 2 4 3 4 3 3 3 4 3 4 4 3 3 4 3 4 2 3 4 2 3 3 2 3 2 3 3 3 3 3 3 3 3 3 3 4 3 3 2 3 3 4 3 3 2 3 2 3 3 4 4 3 4 2 4 3 4 4 3 3 3 3 4 3 4 3 4 3 3 3 3 3 3 3 3 2 3 2 3 3 3 3 3 3 3 4 4 3 3 3 3 2 4 3 2 3 3 2 3 3 4 3 3 2 3 3 4 3 3 3 3 3 3 3 3 4 4 3 3 3 3 3 4 3 3 3 3 3 3 3 3 3 4 4 3 3 3 4 4 4 1 4 3 4 4 4 3 4 2 
Vertex 94: 3 3 2 2 2 2 1 4 3 3 3 3 3 1 3 2 3 2 3 3 3 3 2 3 2 2 3 3 3 3 3 3 3 3 3 3 4 3 3 2 4 2 3 3 3 3 2 2 3 3 3 3 3 2 2 3 3 3 3 3 3 2 3 3 3 3 3 2 3 3 3 3 3 3 3 3 3 3 3 3 3 3 3 3 3 4 3 2 4 2 3 4 4 3 0 3 4 3 3 3 2 3 2 4 3 3 4 2 3 3 4 2 3 2 3 2 4 3 2 4 3 3 3 3 4 3 2 3 3 3 3 3 3 3 3 3 3 3 3 3 3 3 3 3 3 3 4 3 3 3 3 2 3 4 3 3 3 2 3 3 4 3 3 3 3 2 3 3 3 3 3 3 4 3 2 3 3 3 3 2 2 3 3 3 2 2 2 3 3 3 3 2 3 3 3 3 3 3 2 3 3 3 2 2 3 3 2 4 3 3 3 3 3 3 2 3 3 3 3 3 3 4 1 3 3 3 3 3 3 3 2 3 3 3 2 2 3 2 2 3 4 4 3 2 2 3 4 3 3 3 3 2 3 3 2 3 3 2 3 3 2 2 2 1 2 3 3 3 3 3 3 3 3 2 3 3 3 3 3 3 3 2 3 2 2 3 3 3 3 2 3 3 3 3 3 3 4 3 3 3 3 3 3 2 3 2 3 3 3 3 4 3 2 3 3 3 3 3 2 2 3 3 3 3 3 3 3 3 2 3 3 2 3 3 3 3 2 3 3 3 3 3 3 3 3 3 3 3 3 3 3 3 2 1 3 3 3 3 3 2 3 2 3 3 3 3 2 4 3 3 3 3 3 3 3 3 4 2 3 2 3 2 2 3 3 3 3 1 2 3 3 2 3 3 3 3 3 2 2 2 4 3 3 3 3 3 3 3 4 3 2 3 3 4 3 3 3 1 3 3 3 4 3 3 3 3 3 3 4 2 1 3 3 2 3 3 3 2 2 3 2 3 3 3 3 3 2 2 3 3 3 3 3 4 3 4 3 2 3 3 3 3 2 3 3 3 2 3 2 1 3 3 2 4 2 3 3 3 3 4 3 2 3 3 3 2 3 2 3 3 3 3 2 4 3 3 3 3 3 3 
Vertex 95: 3 3 3 3 2 3 2 3 3 4 2 2 3 3 3 3 2 2 3 3 3 3 3 3 3 3 4 2 4 3 3 3 1 2 3 3 3 3 3 3 3 3 3 4 3 3 3 1 2 2 2 2 3 3 3 3 3 3 2 2 3 3 4 4 3 2 3 3 4 3 3 2 2 4 3 3 4 4 2 2 3 2 4 3 3 3 3 4 3 3 3 3 3 4 3 0 3 2 2 3 3 3 3 3 3 3 3 3 1 3 4 3 3 2 3 2 2 3 3 3 3 2 3 2 4 3 4 3 4 3 3 2 3 3 3 1 3 3 3 2 3 3 4 4 3 2 4 4 3 3 2 3 3 3 4 3 3 4 1 2 4 3 4 3 3 2 3 3 1 2 3 3 3 3 3 3 3 3 2 3 3 2 2 3 3 3 3 3 3 3 4 3 3 3 3 3 2 3 3 2 3 3 4 3 3 3 3 3 4 1 4 3 2 3 3 3 3 4 4 1 3 4 3 3 3 2 3 3 3 3 3 3 2 3 3 3 2 3 3 3 3 3 3 3 3 1 3 2 3 3 3 3 2 3 3 4 3 3 2 3 4 3 3 2 3 2 3 3 3 3 3 2 4 3 4 3 3 2 4 3 2 2 4 3 2 3 3 3 2 3 4 3 3 3 3 3 2 3 3 3 2 3 3 3 3 2 4 2 3 3 3 2 2 4 3 2 3 3 3 3 3 3 2 3 2 3 3 3 2 3 3 3 3 2 3 2 2 3 3 3 2 3 3 2 3 2 3 3 2 3 2 2 3 3 3 3 3 3 3 3 3 4 3 3 4 3 3 3 4 3 3 3 3 3 3 2 3 2 3 3 3 3 3 3 4 3 3 3 2 3 2 3 3 3 3 3 3 4 3 3 2 3 3 3 2 3 3 3 3 3 2 4 3 3 3 3 2 3 3 3 3 3 3 3 3 3 3 4 3 3 3 3 2 3 3 3 3 3 3 2 3 3 3 3 2 3 2 3 4 3 3 3 2 3 3 3 3 2 3 3 3 3 3 3 3 3 3 3 3 3 3 3 2 2 4 3 3 4 3 3 3 3 3 3 2 3 4 3 3 3 3 3 3 3 3 2 4 3 1 2 
Vertex 96: 3 3 4 3 3 3 3 3 4 3 3 3 3 4 2 3 2 3 3 3 3 4 3 2 3 4 4 4 4 2 3 3 3 4 4 4 4 4 3 4 4 2 4 4 2 4 3 4 4 3 3 4 4 4 4 3 3 3 3 3 2 3 3 1 3 1 3 4 3 3 3 4 3 3 2 4 2 4 3 4 2 3 2 3 3 3 4 3 3 3 2 2 1 4 4 3 0 3 2 4 3 2 3 3 3 3 3 3 3 3 4 2 3 4 3 2 3 3 4 2 4 4 3 3 2 3 4 3 3 3 3 3 3 4 3 4 3 3 4 4 3 2 2 3 4 3 2 3 2 3 3 4 3 3 3 3 4 4 3 2 3 3 3 2 3 3 2 4 3 3 3 4 1 3 3 3 3 3 4 4 3 3 3 3 3 4 3 3 3 2 3 3 3 2 3 2 3 2 3 4 4 2 3 3 4 4 2 3 4 2 3 3 3 3 3 3 1 4 4 4 2 4 4 3 3 3 4 3 4 3 4 3 3 3 3 3 3 3 3 3 3 3 3 3 4 2 4 3 4 2 3 3 3 3 2 3 3 3 4 3 3 4 3 4 3 3 4 3 3 3 2 4 4 4 4 4 4 3 2 3 3 3 2 3 3 3 3 3 3 3 4 3 3 4 3 4 3 3 4 3 4 3 3 3 4 3 3 4 3 2 3 3 3 4 3 3 3 4 3 3 3 3 3 3 3 2 4 3 2 4 3 4 3 3 3 3 3 3 3 3 3 2 3 3 3 3 4 3 3 3 2 3 3 3 3 4 3 3 3 3 4 4 3 3 3 3 3 3 4 3 4 4 3 3 4 3 3 3 4 4 3 3 4 2 4 2 4 3 3 4 2 3 4 4 4 3 3 4 3 3 3 4 3 4 3 3 3 3 3 3 3 3 4 3 3 2 3 3 4 3 4 3 3 3 3 3 4 4 4 3 3 3 3 4 3 3 4 3 4 3 3 4 3 4 2 3 2 4 3 3 3 3 3 4 4 3 3 3 4 3 3 3 4 3 3 3 3 3 4 3 2 4 3 3 3 2 3 2 2 3 4 3 3 4 3 4 3 3 3 3 3 4 3 4 3 3 3 3 3 2 
Vertex 97: 3 3 3 3 2 3 3 3 4 3 3 3 3 3 3 3 2 4 3 3 3 2 2 3 3 1 3 4 3 3 3 2 3 3 3 3 3 3 3 2 2 4 2 3 3 2 3 1 2 3 3 3 3 2 2 3 2 3 3 2 3 3 2 3 3 3 2 4 3 3 3 3 3 4 3 4 3 2 3 3 2 2 3 3 3 1 3 3 2 3 3 3 3 3 3 2 3 0 3 3 3 3 3 2 3 3 4 2 3 2 2 3 3 3 3 3 4 2 3 3 3 3 3 3 3 3 3 2 3 3 2 1 2 2 3 3 2 2 3 3 3 3 3 3 3 3 3 2 3 3 3 3 3 3 4 3 3 3 3 3 4 3 3 3 3 3 2 3 2 2 2 3 3 4 3 3 2 2 2 3 2 3 3 3 3 3 3 2 3 2 2 3 2 3 3 3 2 3 3 3 1 2 3 2 3 3 3 3 3 3 3 3 2 3 3 2 2 3 3 3 3 4 2 2 1 2 3 3 2 3 3 3 3 3 3 2 3 3 3 2 1 3 3 3 3 3 3 3 3 4 3 3 2 2 1 3 3 2 1 3 3 3 3 2 3 3 3 3 2 3 3 3 3 3 3 3 2 2 3 3 2 3 3 3 2 3 3 3 3 3 3 3 3 3 2 3 3 3 3 3 3 3 2 3 3 2 3 3 3 3 3 3 3 3 3 3 3 4 3 3 3 2 3 3 2 4 3 2 3 3 3 2 3 3 3 2 2 3 2 2 3 4 2 4 3 3 3 3 3 3 2 2 2 2 3 3 3 2 3 3 3 4 3 2 3 1 3 3 2 3 3 3 2 3 3 3 3 2 3 3 3 3 3 2 4 2 4 3 3 3 4 3 3 3 2 3 4 2 3 3 4 3 3 2 3 2 3 3 3 3 3 3 3 3 2 3 3 2 3 4 3 3 3 3 3 3 1 3 3 3 3 3 3 3 4 3 3 3 3 3 3 3 3 4 3 2 3 3 2 2 2 2 3 3 3 2 3 3 3 2 2 3 3 3 3 3 3 4 2 3 2 3 3 4 3 3 2 3 2 4 2 1 3 3 2 3 3 3 3 4 3 2 3 2 4 3 3 3 3 1 
Vertex 98: 3 3 3 2 3 2 3 3 3 3 4 3 2 3 3 3 3 2 3 3 2 2 2 3 2 3 4 3 3 3 4 3 3 3 3 4 3 3 3 3 4 3 2 4 3 3 3 2 3 3 2 3 3 3 3 2 3 3 3 3 3 2 3 3 3 2 3 3 3 3 3 3 3 3 2 4 3 4 3 3 4 2 3 3 2 3 3 3 3 3 3 3 1 3 3 2 2 3 0 3 3 2 2 3 2 3 3 3 3 3 4 2 3 2 3 4 4 3 2 4 3 3 3 3 3 3 3 3 2 3 3 3 4 4 3 3 3 3 2 3 3 4 3 4 3 3 4 2 1 2 3 3 2 3 4 2 3 3 3 3 2 4 2 3 3 3 2 3 3 3 3 3 3 3 3 3 3 3 3 3 3 3 2 3 2 4 3 2 3 3 2 3 3 3 3 3 3 3 3 4 2 4 4 4 3 3 2 4 3 1 2 3 2 3 3 2 3 3 3 3 3 3 2 3 3 2 2 3 3 3 3 3 3 3 3 4 3 3 3 3 2 3 3 3 3 3 3 3 4 3 3 3 3 3 4 3 3 3 3 1 2 3 3 2 4 4 2 2 3 3 3 3 3 3 3 3 3 3 2 3 3 2 3 3 3 2 3 2 3 3 3 3 3 3 3 4 2 2 3 3 3 3 3 3 2 3 3 3 4 3 3 3 2 3 3 3 3 4 2 3 3 3 3 2 2 2 2 3 3 4 2 3 4 2 3 3 3 3 3 3 3 2 3 3 3 3 4 3 4 3 4 2 3 3 2 3 3 3 1 3 3 3 3 3 3 3 3 1 3 3 3 2 3 3 2 2 3 2 4 4 3 3 4 3 4 2 3 3 2 3 3 1 3 3 3 3 3 3 2 2 3 3 4 3 3 1 4 3 3 3 3 3 4 4 4 2 3 3 3 3 3 4 3 2 2 3 3 3 3 3 3 3 2 2 4 3 3 3 2 3 1 3 1 3 3 3 2 3 3 3 3 3 3 3 3 3 2 3 3 3 3 3 3 3 3 3 3 3 3 3 2 3 2 3 4 3 3 3 3 4 4 3 2 3 1 3 3 3 4 4 3 4 3 3 4 2 3 3 3 3 
Vertex 99: 3 3 2 3 3 2 4 3 3 3 3 2 3 4 2 4 3 3 3 3 3 3 1 4 3 3 4 3 3 4 3 4 3 3 3 3 4 4 4 4 4 3 3 4 3 3 1 3 2 3 4 4 3 3 2 4 3 3 3 3 4 3 3 4 3 3 3 4 3 4 3 3 3 3 2 3 4 2 3 3 3 2 3 3 3 3 3 3 3 3 2 3 3 3 3 3 4 3 3 0 3 3 3 4 3 2 2 3 3 3 4 3 3 3 4 2 4 3 3 4 3 4 4 3 4 3 3 4 3 3 4 3 2 4 3 3 3 3 3 3 3 3 3 3 3 3 4 3 3 3 3 2 3 4 3 3 3 2 4 3 4 3 3 3 2 3 3 4 3 3 2 2 3 3 2 3 3 3 3 3 3 3 3 4 3 3 3 4 3 4 3 2 3 3 2 3 3 3 3 3 2 3 3 3 3 4 3 3 3 3 4 3 4 3 3 3 3 3 4 2 3 4 4 3 3 2 3 4 1 3 3 3 3 3 3 3 4 3 3 3 3 4 3 4 3 3 2 2 3 3 3 4 3 3 3 3 4 2 2 2 3 3 3 3 2 3 3 3 3 2 4 3 3 3 2 3 2 3 3 3 3 3 4 3 3 4 3 4 2 2 3 3 4 3 3 4 3 3 3 3 4 3 3 3 3 3 3 3 3 3 4 3 3 3 3 3 4 3 3 3 3 4 3 3 2 3 2 3 3 3 3 3 3 3 3 3 3 3 3 3 3 3 3 3 4 3 3 3 3 3 4 3 2 3 1 3 1 3 2 3 3 4 3 2 2 3 3 3 2 4 3 3 3 2 2 3 3 3 3 2 2 4 3 4 3 3 4 4 3 3 3 3 2 4 2 3 3 3 4 3 3 3 4 4 3 2 3 3 3 3 3 3 3 3 3 3 3 2 3 4 2 3 3 3 3 3 3 4 4 3 2 3 2 4 3 4 3 4 3 3 2 4 3 3 4 4 4 3 3 2 3 3 4 3 3 3 3 2 2 3 3 3 3 2 4 3 3 3 3 3 4 2 3 4 3 3 4 4 2 3 4 3 4 4 4 3 4 4 3 4 3 4 3 2 3 4 3 2 3 3 
Vertex 100: 3 3 3 3 2 2 3 3 3 2 3 3 2 3 3 2 2 3 3 2 3 3 3 3 2 3 4 3 3 3 4 3 3 3 3 3 3 3 3 2 2 3 3 2 1 3 2 3 4 3 3 2 3 3 3 2 3 2 1 3 3 3 3 2 3 3 2 2 2 2 1 3 2 3 2 3 3 3 3 3 3 3 2 2 3 3 2 3 2 3 3 4 3 3 2 3 3 3 3 3 0 4 2 3 2 3 3 3 3 4 3 1 2 3 3 3 4 3 3 2 3 3 3 3 2 3 2 2 4 3 1 3 3 3 3 3 3 2 3 3 4 3 1 4 1 3 3 2 3 3 4 2 2 3 3 2 3 3 3 3 3 2 3 3 4 3 3 3 3 2 2 3 2 3 3 2 3 3 2 2 2 2 2 3 3 3 2 3 3 3 3 3 3 3 2 2 3 3 3 2 3 3 3 3 3 2 3 3 3 3 4 3 3 2 3 3 3 3 3 3 3 3 2 3 3 3 4 4 3 3 2 2 3 3 2 3 3 3 2 3 3 3 2 2 3 3 4 3 3 3 3 2 3 2 2 3 3 3 3 3 2 3 2 3 3 3 3 3 3 3 3 3 3 3 3 2 2 3 3 3 3 3 3 3 2 3 2 3 3 2 3 3 3 3 3 3 3 3 2 3 3 3 3 3 3 3 3 3 3 3 2 4 3 2 2 3 3 2 3 2 2 2 3 4 3 3 3 3 2 3 2 3 3 3 3 4 2 3 3 3 2 3 1 3 2 3 3 2 3 3 2 3 2 2 3 4 3 2 3 2 3 2 3 3 3 3 3 2 3 3 3 3 3 3 3 3 3 3 3 1 3 3 2 3 2 3 3 2 3 3 3 3 3 1 3 3 4 3 3 3 3 3 3 3 3 2 4 3 2 3 2 3 3 3 2 3 3 3 2 4 3 3 3 3 3 3 2 3 3 2 3 3 3 3 2 3 2 4 3 3 3 2 3 3 2 4 2 3 3 3 3 3 2 3 2 3 3 3 3 2 2 3 3 2 3 3 2 2 2 1 3 2 3 3 4 3 3 3 3 3 4 3 1 3 2 3 3 3 4 1 2 2 2 3 3 3 3 3 2 3 
Vertex 101: 4 3 3 2 3 3 3 2 2 3 3 3 3 3 3 3 3 2 3 3 3 3 2 2 3 3 4 3 2 3 3 3 3 3 3 3 3 3 3 3 4 2 3 4 3 3 3 2 3 3 3 3 3 4 4 3 3 3 3 2 2 3 1 3 3 1 3 3 3 3 4 3 3 4 2 4 3 3 3 4 3 2 3 3 3 3 3 3 3 3 3 2 1 3 3 3 2 3 2 3 4 0 3 4 2 3 3 3 3 2 3 4 3 3 3 4 3 3 3 4 3 3 3 3 3 3 2 3 2 3 3 3 3 3 3 4 3 3 3 3 3 4 3 4 3 3 4 3 2 3 3 3 3 4 3 3 2 3 3 3 4 4 3 2 3 2 2 3 3 3 3 3 3 3 3 3 4 3 3 3 2 3 3 3 3 4 3 3 4 3 2 3 3 3 2 3 3 2 4 4 2 4 3 2 4 2 2 3 3 2 4 3 3 3 3 2 3 3 3 3 3 2 3 4 3 3 3 3 3 3 3 4 3 2 3 4 1 3 2 2 4 4 3 3 3 3 2 3 3 3 3 3 3 4 2 3 3 3 3 3 3 2 2 3 3 3 2 2 3 3 4 2 3 3 3 3 3 3 2 3 3 3 3 3 3 3 3 3 3 3 3 3 3 2 3 4 3 2 3 3 3 3 4 3 3 1 3 2 3 3 4 3 3 3 3 3 4 3 2 2 2 3 2 3 3 2 4 3 2 4 3 3 3 2 1 3 3 3 3 1 3 2 4 3 2 3 3 3 3 3 4 3 4 3 3 2 3 3 3 3 3 2 4 3 3 3 2 3 3 3 4 3 3 1 3 3 3 3 3 3 3 3 4 2 3 3 3 3 3 2 3 3 2 3 3 3 2 3 3 3 3 4 3 3 2 3 3 3 3 3 3 3 3 2 2 3 3 2 4 3 3 4 3 3 2 3 3 3 3 3 3 3 2 3 3 3 2 2 3 3 3 3 3 3 3 4 2 3 3 3 2 3 3 4 3 2 3 3 3 3 3 4 2 3 3 4 4 3 3 3 2 3 3 3 3 2 3 3 2 2 3 3 3 3 3 3 1 2 4 3 4 3 4 3 3 3 3 4 2 3 
Vertex 102: 2 2 3 3 2 2 3 3 3 3 3 3 2 3 2 3 3 2 3 3 3 4 2 2 3 3 4 3 3 3 3 3 3 3 3 3 3 2 1 2 2 3 2 2 3 3 3 3 3 3 3 3 3 3 2 3 3 2 3 2 3 3 3 2 3 2 3 2 3 3 3 3 3 1 3 3 1 2 3 2 3 3 2 3 3 4 3 3 3 3 3 3 3 3 2 3 3 3 2 3 2 3 0 3 3 3 3 2 3 3 2 3 2 3 3 3 3 3 3 3 3 3 3 3 3 3 2 3 3 4 3 2 3 3 3 3 2 3 2 3 2 2 3 4 3 2 3 3 3 3 3 2 2 3 3 3 3 2 3 3 4 3 3 1 3 3 3 3 3 3 3 3 3 3 2 3 2 1 3 2 2 2 3 3 2 2 3 3 3 3 2 4 2 3 2 3 4 2 3 3 3 2 3 3 2 4 3 2 3 3 3 3 3 3 2 2 3 3 3 3 2 3 2 3 3 2 3 3 3 3 3 3 3 3 2 3 3 3 3 2 3 2 2 2 2 3 3 3 3 3 2 2 3 2 2 1 3 3 3 1 2 3 3 3 3 2 3 2 3 2 3 3 2 3 3 3 3 3 3 1 3 2 3 3 2 3 2 3 3 2 2 2 3 2 3 2 3 3 2 3 3 2 3 3 3 3 3 3 3 2 3 3 3 3 3 3 3 3 3 3 3 3 3 2 3 3 3 3 2 3 3 2 3 3 3 3 2 3 3 4 3 3 3 2 3 1 3 3 3 2 3 3 3 3 3 2 3 3 3 2 2 2 3 3 3 3 3 3 3 2 3 3 4 3 3 2 3 3 3 3 2 1 2 3 3 2 3 3 3 2 2 3 3 3 3 3 3 2 3 2 3 3 2 4 3 3 2 2 3 2 2 3 3 2 2 3 3 3 2 3 3 3 3 3 3 3 3 3 3 3 3 3 2 3 3 3 3 2 3 2 3 2 3 2 3 4 2 3 3 3 3 3 3 3 3 3 2 3 1 3 3 2 3 3 2 3 3 3 3 1 2 2 3 3 3 3 1 3 3 3 3 3 3 2 3 3 2 2 4 3 3 3 2 3 3 4 3 4 2 3 
Vertex 103: 2 3 3 2 2 3 3 3 3 3 4 4 3 3 2 3 2 4 2 2 3 4 3 3 4 3 3 3 3 4 3 2 3 3 3 3 3 2 2 3 2 4 3 4 3 2 4 3 3 3 4 4 3 3 3 3 3 3 3 3 3 3 3 3 4 3 3 3 3 3 2 3 3 3 3 4 3 3 3 3 2 3 3 3 3 3 2 3 4 3 3 4 4 2 4 3 3 2 3 4 3 4 3 0 3 3 2 3 3 2 3 3 4 4 3 3 4 3 3 3 3 2 3 3 4 3 2 4 3 3 3 3 4 2 3 3 3 3 2 3 3 3 3 3 4 2 4 3 3 3 3 2 3 3 3 2 3 3 3 3 3 2 3 3 2 3 3 2 2 3 2 2 3 4 3 3 3 3 3 2 3 3 3 4 2 4 2 1 3 3 3 3 2 3 3 3 3 3 2 3 3 2 3 2 3 4 3 3 3 2 3 3 3 2 3 3 2 3 3 4 3 4 3 3 2 3 3 3 3 2 2 3 4 4 2 3 4 3 3 3 3 2 3 4 3 2 4 3 3 3 3 3 3 3 3 3 3 3 3 3 4 4 3 3 3 3 3 3 2 3 2 3 3 3 3 3 4 3 3 3 3 3 3 3 2 3 3 3 3 3 3 3 3 2 3 3 3 3 3 3 3 3 2 3 3 3 1 3 3 4 4 3 2 3 3 3 4 3 3 3 3 3 3 2 3 3 3 4 4 2 3 3 4 3 3 3 3 3 2 3 1 4 3 3 3 3 1 3 3 3 3 3 3 3 3 3 3 3 3 3 4 3 3 3 3 3 3 3 2 3 3 3 3 4 2 3 2 2 4 3 3 3 3 3 3 2 3 3 3 2 3 4 3 3 4 2 4 3 3 3 3 3 3 3 3 4 2 3 3 3 3 3 3 3 3 3 3 4 3 3 3 2 3 3 3 3 3 1 3 2 3 3 3 3 3 3 2 2 4 2 3 3 2 3 3 2 3 3 2 2 3 3 3 3 4 2 4 3 3 3 3 3 3 3 3 1 3 4 3 3 4 3 3 3 4 4 3 4 3 3 3 3 3 4 3 3 3 3 4 4 3 3 2 3 3 3 3 3 3 1 
Vertex 104: 3 3 3 3 2 3 3 2 3 2 3 4 3 3 3 2 2 3 3 3 3 4 3 3 4 2 3 2 3 2 4 3 3 3 3 3 3 3 3 2 3 3 3 3 3 3 3 2 3 3 3 3 3 2 2 3 1 2 3 2 3 3 3 2 1 3 3 4 2 3 3 3 3 3 3 3 3 3 3 2 3 3 2 3 3 3 3 3 2 3 2 3 2 3 3 3 3 3 2 3 2 2 3 3 0 3 3 3 3 3 3 3 2 3 2 3 4 3 3 3 3 4 2 3 3 4 3 3 3 3 3 3 4 3 3 3 2 3 3 3 3 3 3 4 3 3 3 2 1 3 3 3 2 3 4 3 2 4 4 3 3 3 1 2 3 2 2 3 3 3 3 2 2 3 3 3 3 3 3 3 3 3 3 3 3 3 2 2 3 3 2 3 2 3 3 3 3 2 3 3 2 3 2 2 3 2 2 2 3 2 3 3 3 2 3 2 3 4 3 4 3 4 3 3 3 3 4 4 3 2 2 2 3 2 3 2 3 3 2 2 4 3 4 2 3 3 4 3 3 3 2 2 3 2 2 3 3 2 3 3 3 3 3 3 3 3 3 3 3 3 3 3 3 3 3 2 3 3 3 3 2 3 1 3 3 3 2 1 3 3 3 3 2 3 1 3 3 3 2 3 2 3 3 3 3 1 3 3 3 2 2 3 3 2 2 3 3 4 3 3 3 4 3 3 2 3 2 2 3 2 3 2 3 3 3 3 2 3 1 3 3 3 3 4 2 3 3 3 3 3 3 3 3 3 2 2 3 3 3 2 3 2 3 3 3 3 2 3 3 3 3 3 3 2 3 3 3 2 3 3 2 3 3 1 4 3 3 4 2 3 3 3 3 3 3 3 3 3 2 3 3 3 2 3 3 3 4 3 3 3 3 3 3 3 3 3 3 2 2 3 3 3 3 2 3 2 3 3 3 3 3 3 1 3 3 3 2 2 3 2 2 3 3 3 3 3 3 3 2 3 2 3 3 3 3 2 2 2 3 3 3 3 3 2 3 3 3 4 3 3 2 3 3 3 3 3 4 3 3 2 3 3 1 3 2 3 3 3 2 3 3 3 2 2 3 3 3 3 3 2 
Vertex 105: 3 2 2 3 3 3 4 4 3 3 3 3 3 3 2 4 3 3 3 3 3 4 1 4 3 3 4 3 3 3 3 4 4 3 2 3 4 4 2 3 4 4 3 4 2 2 2 3 2 3 4 3 2 3 3 3 4 3 3 3 3 3 3 3 3 3 3 3 4 4 3 3 3 3 4 3 2 3 3 3 4 2 3 4 3 4 3 3 3 2 2 4 4 4 3 3 3 3 3 2 3 3 3 3 3 0 4 3 3 2 3 3 3 3 2 3 4 3 2 3 3 4 3 3 4 3 3 3 2 4 3 3 3 3 3 3 3 2 3 2 4 3 3 4 2 3 3 3 3 3 3 3 3 2 4 3 2 2 4 1 4 4 2 3 3 3 4 3 4 3 3 3 3 4 3 3 1 3 3 3 3 4 3 3 3 3 3 4 3 4 3 4 3 3 2 3 3 3 3 3 3 3 3 2 3 3 3 3 3 3 2 3 4 3 3 3 3 4 3 3 3 3 3 3 3 3 4 3 3 3 3 3 4 3 3 3 3 3 3 3 4 4 3 3 3 3 3 2 4 3 3 3 4 3 3 3 2 4 2 3 4 4 3 3 3 4 4 3 3 3 3 3 2 3 2 4 3 2 4 3 4 4 2 3 3 3 3 2 2 2 2 3 3 3 4 3 3 3 3 4 4 2 3 2 3 3 3 3 3 2 3 3 3 3 3 3 3 3 3 3 3 3 3 3 2 3 3 4 3 2 4 2 4 3 3 3 3 3 3 4 3 3 4 3 3 3 4 3 3 4 2 3 3 3 3 4 3 3 4 3 4 3 3 3 1 3 3 2 3 3 3 3 3 2 3 3 3 2 4 3 3 3 3 4 4 3 3 4 3 3 2 3 3 3 3 3 3 3 3 2 4 2 3 4 3 4 3 3 2 3 3 4 4 3 3 3 3 2 1 4 3 4 1 3 3 3 3 2 3 2 3 2 3 3 3 3 3 3 4 3 2 4 4 3 4 3 2 3 3 2 3 3 3 2 3 3 3 3 2 2 3 4 3 3 3 3 2 1 4 2 3 2 4 4 3 3 2 3 3 3 3 3 4 3 3 4 4 3 4 4 2 4 1 3 2 3 3 3 3 3 
Vertex 106: 3 4 3 3 3 3 4 3 3 1 2 2 3 3 2 3 3 3 3 3 3 2 3 3 3 3 3 3 3 3 3 2 3 3 3 4 3 3 3 3 3 2 3 2 3 4 3 3 3 3 3 3 3 3 2 2 3 2 3 3 3 3 2 3 2 3 3 3 4 3 3 2 3 3 3 4 3 3 3 2 2 2 3 3 1 3 3 3 3 2 2 4 3 4 4 3 3 4 3 2 3 3 3 2 3 4 0 3 2 3 3 3 3 2 3 2 3 2 3 3 3 3 3 2 3 2 2 3 3 3 2 3 3 2 3 3 3 3 2 2 3 3 3 3 4 3 3 2 2 3 1 3 3 4 3 2 2 3 4 3 2 3 2 3 3 3 2 3 3 3 3 2 3 3 3 1 3 3 3 2 3 3 2 3 3 4 3 3 3 3 3 3 3 3 2 3 2 2 3 3 3 3 2 3 3 3 3 3 3 3 3 3 3 3 2 3 3 3 3 2 2 3 3 2 3 3 3 4 3 3 2 3 3 3 3 3 3 3 3 3 4 3 4 3 3 2 3 2 3 1 3 3 2 2 3 3 2 3 3 2 3 3 3 3 2 3 2 3 3 2 2 3 3 3 3 2 3 3 4 2 3 3 3 3 3 3 3 3 2 3 3 3 3 1 3 4 3 2 2 3 2 3 3 3 1 3 1 3 3 3 3 2 2 2 3 3 2 4 3 3 3 3 1 3 2 3 3 2 3 2 3 3 3 3 2 3 3 2 3 3 3 3 3 2 3 3 3 3 4 3 3 2 2 3 3 2 1 2 3 3 3 3 3 3 3 3 2 3 2 3 3 3 3 3 2 2 4 3 3 3 3 4 3 4 3 3 4 3 3 2 3 2 3 3 2 3 3 2 2 3 3 3 4 3 3 4 2 2 3 3 2 3 2 1 2 3 3 3 3 4 3 2 3 1 3 3 3 2 3 2 3 3 3 3 3 3 2 3 4 2 3 3 2 2 3 3 3 3 3 3 3 2 2 2 4 3 3 3 2 2 2 2 3 2 3 3 3 3 3 3 2 3 2 2 3 3 2 4 3 3 4 3 3 3 2 2 2 3 2 2 3 3 3 3 2 3 3 3 3 3 
Vertex 107: 3 3 3 2 2 3 3 2 3 4 3 3 2 1 1 2 3 4 3 3 3 3 3 2 3 2 3 3 3 3 3 3 2 3 3 2 3 3 3 2 2 3 3 2 2 3 2 3 3 3 3 2 3 3 4 3 3 3 3 2 3 3 2 3 3 3 2 3 3 4 3 3 3 3 3 4 3 1 2 2 3 3 3 2 3 2 3 3 3 3 3 3 3 3 2 3 3 2 3 3 3 3 2 3 3 3 3 0 3 3 2 3 2 2 4 2 3 3 3 3 2 2 3 3 3 3 3 2 3 3 2 3 3 2 3 3 2 2 3 3 3 3 3 3 3 3 4 3 3 2 3 3 2 3 4 3 3 2 3 3 4 3 3 2 4 3 3 3 3 3 2 3 3 3 3 3 3 2 3 3 2 3 3 3 3 3 3 3 2 3 3 4 3 2 3 4 3 3 4 3 3 2 3 3 3 3 3 3 3 3 3 3 3 3 3 2 2 3 3 3 3 4 3 2 1 3 3 3 3 3 3 3 2 3 2 3 3 2 3 3 3 2 3 3 3 3 2 2 3 3 3 2 2 2 1 3 3 3 3 3 4 3 2 3 2 2 3 2 3 2 3 2 3 3 3 3 3 3 3 1 2 3 3 1 3 2 2 4 2 3 3 2 3 3 3 4 3 3 3 1 3 4 1 3 3 3 2 1 1 3 4 3 3 3 2 2 2 4 2 3 3 4 3 3 3 3 3 3 3 3 3 2 3 3 3 3 3 3 3 3 3 3 3 2 3 3 3 2 3 2 3 3 3 3 3 2 3 3 3 3 3 4 3 2 3 2 3 3 3 2 3 3 2 2 3 3 4 3 3 3 3 3 3 2 3 2 3 3 2 3 3 3 3 3 3 3 4 3 3 3 3 3 3 3 3 2 2 3 3 3 3 3 3 2 2 1 3 2 3 3 3 2 2 3 3 3 3 3 2 2 3 2 3 2 3 2 3 3 2 3 3 3 2 3 2 3 3 3 3 3 2 3 3 3 4 3 2 3 3 3 2 3 3 3 3 3 3 3 2 3 3 3 3 4 3 3 3 4 2 3 2 3 3 3 3 2 3 3 2 4 3 2 4 2 3 3 3 2 3 2 
Vertex 108: 3 3 3 3 3 2 3 2 3 3 1 3 3 3 3 3 2 3 3 3 3 3 3 3 2 3 4 3 4 3 3 3 2 3 3 3 3 3 3 3 3 3 3 3 3 3 2 2 3 1 2 3 3 2 3 3 3 3 2 3 3 3 3 3 2 2 3 3 3 3 3 2 3 3 3 3 3 3 3 3 3 3 4 3 2 3 3 3 4 3 2 3 3 4 3 1 3 3 3 3 3 3 3 3 3 3 2 3 0 3 4 3 2 3 3 3 3 2 2 3 2 3 3 3 3 3 3 3 3 4 4 3 2 4 3 2 3 3 3 2 3 3 3 4 2 2 3 3 3 3 2 2 3 3 3 2 3 3 2 3 3 3 3 2 3 2 3 2 2 3 3 4 3 2 2 3 4 3 3 3 3 3 3 3 3 3 3 3 3 3 3 3 4 3 2 3 3 3 3 3 3 4 3 3 3 2 3 3 3 2 3 2 3 3 3 3 3 3 3 2 2 4 3 3 3 2 3 3 2 3 3 3 3 3 3 3 3 2 3 2 4 3 3 3 3 1 3 3 3 3 3 3 2 3 3 3 3 3 3 3 3 2 3 3 3 3 3 3 3 3 2 2 3 3 4 2 3 3 4 3 3 2 4 3 3 3 2 3 1 3 3 3 3 3 3 4 2 3 3 4 3 2 4 3 2 3 3 2 2 2 3 2 3 3 2 3 3 4 3 3 2 3 1 2 2 4 3 3 3 4 4 3 3 3 2 3 3 3 3 2 2 3 3 3 3 3 3 3 3 3 2 3 3 2 3 3 3 3 4 2 3 3 3 4 3 3 2 3 3 3 3 3 4 3 3 2 3 3 3 3 3 4 2 3 4 3 2 4 2 3 3 2 2 4 3 3 3 4 3 2 3 3 3 3 2 4 3 3 4 3 1 3 2 2 3 3 3 2 2 3 3 3 2 3 3 3 3 3 3 3 2 3 3 3 3 4 3 3 4 2 3 3 4 3 3 3 1 3 4 3 3 2 2 3 3 2 3 1 3 2 3 4 2 3 3 3 3 2 3 2 3 2 3 3 3 2 3 3 3 4 3 3 3 3 3 2 3 3 2 3 4 3 3 3 3 2 4 3 2 3 
Vertex 109: 4 2 4 3 2 3 3 2 2 3 2 3 4 3 3 3 2 3 4 2 3 4 3 2 3 3 3 3 3 2 3 2 4 3 3 4 3 2 3 3 3 3 4 3 4 3 3 2 1 3 3 2 3 3 3 4 3 3 3 2 3 3 3 4 3 3 3 4 3 4 3 3 3 2 2 3 3 3 3 3 3 2 4 3 3 3 3 4 3 3 3 4 3 3 3 3 3 2 3 3 4 2 3 2 3 2 3 3 3 0 3 3 3 3 3 3 4 3 3 3 3 3 3 3 4 3 3 3 3 3 3 3 3 3 4 4 3 2 3 2 3 3 3 3 4 3 4 3 3 3 3 3 3 3 4 3 2 2 3 1 3 3 3 2 2 3 3 3 2 3 2 3 3 3 4 3 2 3 3 3 2 2 3 3 3 3 2 2 4 3 3 3 2 2 2 3 3 3 2 3 3 4 3 2 3 3 2 2 3 3 3 3 3 3 3 2 2 3 4 2 3 4 3 3 2 3 4 3 2 3 3 3 3 3 3 2 2 2 2 3 3 3 4 4 3 4 3 3 3 2 3 3 3 4 3 3 2 3 3 3 4 3 4 3 3 3 2 3 2 3 4 3 3 3 2 3 3 3 3 3 3 3 4 3 3 3 3 3 3 3 2 3 3 3 3 4 3 1 3 3 3 3 3 3 3 2 3 3 3 3 4 2 3 3 3 3 3 3 2 2 4 4 2 3 3 3 3 3 4 3 3 3 4 3 1 3 3 3 2 3 3 3 3 3 4 3 3 3 3 4 2 3 4 3 2 3 3 3 2 3 4 3 3 3 3 3 1 4 3 3 3 3 3 3 3 3 3 2 3 4 3 4 2 3 3 2 3 4 3 2 3 3 3 3 3 3 2 3 3 3 3 2 3 4 3 3 3 1 2 3 3 3 3 2 3 3 3 2 3 3 3 2 2 4 3 3 3 3 3 3 3 3 3 4 3 2 3 3 3 3 4 2 3 3 3 2 3 2 2 2 3 3 3 3 3 2 3 3 3 3 3 3 3 3 3 3 3 3 3 3 3 3 3 4 2 2 4 3 3 3 3 3 3 3 3 2 3 2 4 3 3 3 3 3 3 3 3 3 3 1 
Vertex 110: 3 3 3 3 2 3 4 3 3 3 3 3 3 3 3 3 3 3 3 3 4 3 3 3 2 3 3 4 3 3 4 3 4 3 3 3 4 3 2 2 2 3 3 1 3 4 3 3 4 3 3 3 4 3 3 3 4 3 3 3 3 3 3 3 3 3 2 3 3 3 3 3 3 3 3 4 2 3 2 3 3 4 4 3 3 2 3 3 3 3 3 3 3 3 4 4 4 2 4 4 3 3 2 3 3 3 3 2 4 3 0 3 3 4 3 4 4 3 3 3 2 4 2 3 3 3 2 3 3 4 3 2 4 2 3 3 3 2 2 3 2 3 3 3 4 2 3 3 4 4 2 3 3 3 4 3 3 2 4 3 4 4 4 3 3 4 3 4 3 3 3 4 4 2 3 2 3 3 3 3 4 3 3 3 4 3 3 3 3 3 3 4 3 3 3 3 3 3 4 3 3 2 3 3 3 3 3 2 4 3 3 3 3 3 3 3 3 2 3 3 2 4 4 2 1 3 4 3 4 4 3 3 4 2 3 3 3 3 3 3 3 3 2 3 3 3 3 3 2 4 3 3 2 3 3 2 3 3 3 3 4 4 2 4 3 3 3 3 1 3 4 3 3 4 3 3 3 3 2 2 2 4 4 3 3 3 3 4 3 3 3 3 3 2 3 4 3 4 3 3 3 3 3 3 3 2 3 3 3 3 4 4 3 3 3 2 4 4 3 2 3 3 3 3 3 3 3 3 3 4 4 3 4 2 3 3 3 3 3 3 3 4 4 3 2 2 3 2 2 3 3 3 3 3 3 1 4 3 4 2 3 4 4 3 4 3 3 3 3 3 3 3 2 3 4 2 3 3 3 3 3 3 3 3 3 3 3 4 3 3 4 4 2 3 3 3 3 3 3 3 4 4 3 3 4 4 3 3 4 3 3 4 3 3 2 3 3 3 3 3 3 4 4 4 3 3 3 2 2 3 3 3 3 4 4 4 3 3 4 3 3 3 3 3 3 3 4 2 3 3 2 2 3 3 4 4 4 3 3 3 3 2 4 4 1 3 3 4 2 3 3 3 3 3 4 3 1 4 2 3 2 3 3 2 4 3 3 3 3 4 4 2 3 2 3 4 3 3 3 2 
Vertex 111: 2 3 3 3 3 3 3 4 3 3 4 3 3 3 3 3 3 3 3 3 3 3 3 4 3 4 4 2 3 3 3 4 3 3 2 3 3 3 3 3 2 2 3 3 2 3 2 3 3 3 3 3 3 3 3 3 3 1 2 2 2 4 3 1 3 3 3 3 3 2 2 3 3 3 3 4 2 3 3 2 3 3 3 3 3 3 3 3 3 3 3 4 3 4 2 3 2 3 2 3 1 4 3 3 3 3 3 3 3 3 3 0 3 2 3 4 4 4 2 3 3 3 3 3 2 3 2 2 3 4 2 3 3 3 3 4 3 1 3 3 3 3 2 3 2 3 3 3 3 3 3 3 3 3 3 1 4 3 3 2 4 3 4 3 3 4 3 3 3 3 3 3 3 2 2 3 3 2 3 2 3 3 3 3 2 3 3 3 3 3 3 3 3 3 2 1 3 3 2 3 2 2 3 3 3 3 3 3 3 2 4 2 3 3 2 4 3 4 4 4 2 3 3 3 2 3 3 3 3 3 3 3 3 3 3 2 4 3 3 2 2 3 1 3 4 3 4 3 3 2 3 3 3 3 3 3 2 3 3 3 3 3 3 3 3 3 3 2 3 3 3 3 3 3 2 3 3 3 3 3 3 3 2 3 3 3 3 3 3 3 3 4 3 3 3 3 4 3 3 3 3 3 4 3 3 3 2 3 3 2 3 3 3 2 3 3 3 3 3 3 3 3 2 3 2 3 3 3 2 3 2 3 3 3 3 3 2 3 2 3 3 3 2 3 3 3 3 3 3 3 3 2 3 3 2 4 3 3 3 3 2 3 3 3 3 3 3 2 3 3 3 2 3 3 3 3 2 4 3 2 3 3 2 3 3 3 4 1 2 2 4 3 2 2 3 3 3 2 3 3 3 3 2 4 3 1 3 3 2 3 3 2 4 2 3 2 3 3 3 3 2 3 3 3 3 3 3 4 4 3 3 4 3 3 3 3 2 4 2 2 3 3 3 3 3 3 3 3 3 3 3 3 3 2 3 3 4 3 3 3 3 4 3 1 2 3 3 3 3 2 3 3 2 4 3 4 3 3 3 3 3 3 2 3 3 2 3 3 3 2 3 3 3 3 3 3 4 3 3 3 
Vertex 112: 3 3 3 3 2 2 4 3 2 3 3 2 3 3 2 3 2 3 3 2 3 3 2 3 3 3 3 3 2 3 3 3 2 3 3 3 3 3 3 3 2 3 3 4 3 4 3 3 2 3 3 2 3 3 2 2 3 3 2 2 3 3 3 3 3 2 3 3 2 3 2 3 3 3 3 3 3 2 1 3 2 1 2 3 3 3 3 3 3 2 3 3 3 2 3 3 3 3 3 3 2 3 2 4 2 3 3 2 2 3 3 3 0 3 3 3 3 2 3 2 2 3 2 3 3 3 2 3 3 3 3 3 4 3 2 2 3 3 3 3 3 2 3 3 3 3 3 3 3 2 3 4 2 3 4 3 3 3 3 3 3 3 3 2 4 3 3 3 2 3 2 3 3 3 3 3 3 1 2 3 3 3 3 4 3 3 3 3 1 3 3 3 2 3 2 3 2 2 3 3 3 3 3 3 2 2 3 3 1 2 3 2 3 2 2 3 3 3 1 3 3 4 3 3 2 2 3 3 3 2 2 2 3 3 3 3 2 3 3 3 3 3 2 2 3 3 3 3 3 3 3 2 3 2 2 2 3 3 3 3 2 2 3 3 2 2 2 3 3 3 3 2 3 3 3 3 3 3 3 3 1 2 3 1 3 2 3 3 3 3 3 1 2 3 3 4 3 3 3 2 3 4 3 3 3 3 3 3 3 3 3 3 2 3 2 3 3 3 3 3 3 3 3 4 2 3 3 3 3 3 3 3 2 3 3 3 2 2 3 3 3 3 2 3 2 3 3 3 3 3 3 3 3 2 3 3 2 3 3 3 3 3 3 2 3 3 3 3 3 2 3 3 3 3 2 2 3 3 3 2 2 3 3 2 3 2 3 4 3 2 3 2 2 3 2 3 3 3 2 3 3 3 3 3 3 3 4 3 2 3 3 3 4 3 2 2 3 2 4 4 3 3 3 3 3 3 3 4 2 2 3 3 2 3 3 3 2 3 3 3 3 2 3 3 3 3 1 3 3 2 1 3 1 3 3 3 3 3 3 2 3 3 3 3 2 3 3 2 3 3 3 2 3 3 3 3 3 4 3 3 2 2 1 3 2 2 3 3 2 3 3 1 3 2 3 2 3 3 2 3 
Vertex 113: 3 3 2 2 3 3 3 3 3 3 3 1 3 2 3 3 2 2 3 3 3 3 3 3 2 4 4 2 3 3 4 3 1 2 3 2 3 3 3 2 3 2 3 4 3 3 3 3 3 3 2 3 4 3 3 2 3 3 3 3 3 3 2 3 3 3 4 1 3 3 3 4 3 3 3 4 3 3 3 3 3 2 3 3 3 3 2 3 3 2 3 3 3 3 2 2 4 3 2 3 3 3 3 4 3 3 2 2 3 3 4 2 3 0 3 2 3 3 1 4 2 3 3 3 4 3 3 3 3 3 3 2 3 3 3 3 3 3 3 3 3 3 3 4 3 2 4 2 3 3 3 3 3 3 4 3 2 3 3 3 4 3 3 3 3 3 3 3 3 3 2 3 3 2 3 3 3 3 3 3 3 2 2 2 2 2 2 3 3 4 3 3 3 3 3 3 2 3 4 2 3 4 3 3 2 3 3 3 3 3 3 4 4 3 2 2 3 3 4 3 2 4 3 3 3 3 3 3 3 3 3 4 4 4 3 3 3 2 1 3 4 3 2 3 3 3 3 3 4 3 2 2 2 3 3 2 2 3 3 2 3 3 3 2 3 2 3 3 3 1 3 2 2 2 3 2 2 3 4 3 3 3 3 3 3 3 3 2 2 3 3 3 4 3 3 2 3 2 3 2 3 3 3 3 3 3 3 1 3 2 3 3 2 3 3 3 3 2 3 3 3 3 3 2 2 3 3 2 3 2 3 1 3 3 2 2 3 3 2 3 3 3 3 4 3 2 3 3 2 3 3 3 3 2 2 3 2 3 1 3 3 2 4 3 2 3 3 3 3 2 2 3 4 2 3 3 3 3 3 3 3 2 3 3 4 3 3 1 3 2 4 2 3 4 3 3 3 2 3 3 3 3 3 3 3 3 2 3 3 3 2 4 3 3 3 3 3 2 2 3 2 3 3 3 3 3 4 3 3 3 3 2 2 3 3 3 3 2 3 2 3 3 2 3 3 2 3 3 3 4 4 4 2 3 4 3 2 3 4 3 2 3 3 3 3 3 3 3 3 2 3 3 2 4 3 2 3 3 3 3 3 3 3 3 3 3 3 1 3 4 3 2 3 2 2 4 3 3 3 3 
Vertex 114: 3 2 3 2 3 3 4 3 3 3 3 3 3 3 3 3 1 4 3 1 3 3 3 3 3 3 3 2 3 2 3 3 3 2 3 3 4 3 3 3 3 3 3 4 3 3 3 3 2 3 3 3 3 3 3 3 3 3 2 3 3 2 3 3 3 3 3 4 2 3 3 3 3 3 3 4 2 3 4 4 3 3 4 3 3 3 3 3 2 3 3 4 3 4 3 3 3 3 3 4 3 3 3 3 2 2 3 4 3 3 3 3 3 3 0 3 3 3 3 3 4 3 3 2 3 3 3 3 3 4 3 3 3 3 1 3 4 3 3 3 3 3 2 3 3 3 3 2 2 3 3 3 3 3 3 3 3 3 4 3 4 3 1 3 3 2 4 3 3 3 3 3 3 4 3 3 1 3 2 2 3 3 4 4 3 3 4 3 4 2 3 4 3 4 3 3 3 3 3 4 3 3 3 3 3 3 2 3 3 3 4 3 3 2 2 2 2 3 3 3 2 4 3 2 3 3 2 3 3 3 3 3 3 3 3 3 3 2 2 3 4 3 2 3 3 3 3 3 3 4 3 2 3 3 3 3 3 3 3 4 3 3 3 3 3 2 3 3 3 2 4 2 3 4 3 3 3 2 3 3 2 3 3 3 3 3 3 1 3 4 2 3 3 3 3 3 3 3 3 3 3 3 4 2 4 3 3 3 3 3 4 3 3 3 3 2 4 4 2 1 3 3 3 4 3 2 3 3 3 3 3 3 3 2 2 3 2 3 3 3 2 3 3 3 3 3 2 3 3 3 4 3 3 2 3 4 3 3 3 3 3 2 3 4 3 3 3 3 2 3 2 3 3 3 2 4 1 3 3 3 2 3 3 3 4 3 4 4 3 3 3 3 2 2 3 3 3 3 3 4 4 3 3 3 3 4 3 2 3 3 3 3 2 3 3 3 2 4 2 3 3 2 3 3 2 2 3 3 3 2 3 3 2 4 3 3 2 3 4 3 2 2 3 3 3 3 2 3 2 3 3 3 2 2 3 3 3 4 4 2 3 2 4 3 2 3 3 3 3 3 2 3 4 3 3 3 3 3 3 2 4 3 3 3 3 2 3 3 4 4 3 3 2 3 3 3 4 2 2 2 
Vertex 115: 3 3 2 2 2 2 3 2 3 3 3 2 3 3 2 3 2 3 3 3 3 3 2 3 4 3 3 2 3 3 4 3 1 2 3 2 3 3 3 3 4 3 3 4 3 4 2 3 3 2 2 3 4 3 2 3 2 3 3 2 3 2 3 3 3 3 3 3 3 3 3 3 3 3 3 3 4 3 3 2 3 2 3 3 3 3 3 2 3 3 3 4 3 4 2 2 2 3 4 2 3 4 3 3 3 3 2 2 3 3 4 4 3 2 3 0 3 3 2 2 3 3 2 3 3 4 3 3 3 3 3 3 3 3 3 3 3 3 4 3 4 3 3 3 4 3 4 3 3 3 2 3 3 2 4 3 3 3 3 3 4 3 3 3 3 3 2 3 3 3 2 2 3 3 3 3 3 3 3 3 3 3 2 3 2 4 2 3 3 4 2 2 3 1 2 4 2 3 3 3 4 4 3 2 3 3 3 3 3 3 3 2 3 2 3 3 1 3 4 3 3 4 3 3 3 3 3 4 3 2 3 3 3 2 3 4 3 3 3 3 4 3 3 3 3 3 3 3 3 3 3 3 3 2 2 3 3 3 3 3 2 3 3 3 2 3 3 3 3 2 3 3 3 3 3 3 3 3 3 3 4 3 3 2 2 3 3 3 3 1 3 3 2 3 3 3 3 2 2 2 3 4 1 2 3 3 3 2 2 2 3 3 4 2 1 3 2 2 3 3 4 3 3 4 3 4 3 3 2 3 3 3 3 3 3 3 3 3 3 3 3 2 3 3 3 4 3 3 3 3 3 3 2 3 3 3 1 3 3 3 3 3 2 3 3 2 4 3 2 3 3 3 3 3 2 3 3 3 3 3 3 3 3 3 4 2 3 3 2 4 3 3 3 3 2 3 4 3 3 2 3 3 3 3 3 3 3 3 3 3 2 3 3 3 3 2 3 3 3 3 3 3 3 2 3 3 3 4 3 3 1 2 3 2 3 3 3 3 3 2 3 4 3 3 2 3 3 3 3 2 3 2 2 3 3 3 3 4 3 3 2 4 3 3 3 3 3 3 4 2 3 3 3 4 2 2 4 3 3 3 3 3 2 3 3 3 3 3 1 4 2 3 3 4 3 3 3 3 3 2 
Vertex 116: 3 3 3 3 3 3 3 3 3 3 4 3 4 4 4 3 3 3 4 4 4 4 4 3 4 3 4 2 4 2 4 4 3 3 4 3 4 4 3 4 4 2 3 3 3 4 3 3 4 3 3 3 3 3 2 2 3 3 3 3 3 3 4 3 4 2 4 4 4 4 3 3 3 4 3 4 4 3 3 4 4 3 3 3 3 3 3 4 4 3 4 3 3 4 4 2 3 4 4 4 4 3 3 4 4 4 3 3 3 4 4 4 3 3 3 3 0 4 4 3 3 3 2 3 3 3 4 3 3 4 4 3 4 3 3 1 3 3 4 3 3 3 4 4 4 3 3 4 4 4 3 3 3 4 4 4 3 4 3 3 5 4 3 3 4 3 3 4 3 3 3 2 3 4 3 3 3 2 3 3 2 4 4 3 4 3 4 3 4 4 3 4 3 3 3 3 4 3 4 4 4 3 4 3 3 4 3 2 3 3 4 4 3 3 3 4 4 4 4 3 3 4 4 4 3 3 3 2 4 3 4 3 2 3 4 4 3 3 2 3 4 4 3 3 3 3 3 2 3 2 3 3 3 2 3 3 2 4 3 4 4 4 3 4 3 1 4 3 4 3 4 3 3 3 4 3 3 4 4 4 2 3 3 3 2 2 3 3 3 4 2 3 3 3 3 3 4 3 4 2 2 3 3 3 4 4 4 2 3 3 4 3 3 3 2 3 1 4 3 2 4 3 4 4 4 3 4 3 3 4 3 3 4 4 3 4 3 3 3 4 3 4 3 3 4 3 4 4 3 4 2 4 3 3 4 4 3 4 4 3 2 3 1 4 4 4 3 3 3 3 3 3 3 3 3 3 3 3 4 4 3 4 3 4 3 3 4 3 3 3 3 4 3 3 4 3 3 3 4 3 2 3 3 3 3 3 3 3 3 4 3 2 3 4 3 3 2 4 4 3 4 4 3 3 4 3 3 4 4 3 4 3 3 3 3 4 3 4 4 3 3 3 3 3 3 4 3 3 2 3 4 3 3 3 4 3 3 4 3 4 2 4 4 3 3 3 3 3 4 3 3 4 3 3 4 3 4 3 3 2 4 3 3 3 4 3 4 3 2 4 3 3 4 3 2 4 4 4 2 4 
Vertex 117: 3 3 1 2 3 3 4 3 3 3 3 4 3 3 3 3 2 4 4 3 3 3 3 3 3 3 3 4 2 3 3 2 3 3 3 3 4 3 4 3 3 3 2 4 3 3 3 2 3 3 3 3 3 3 2 3 3 4 2 3 3 3 3 3 3 2 3 3 3 2 3 3 4 3 3 2 3 2 3 4 3 3 3 4 1 3 2 3 3 3 2 3 3 3 3 3 3 2 3 3 3 3 3 3 3 3 2 3 2 3 3 4 2 3 3 3 4 0 2 3 3 4 3 3 3 3 3 3 3 3 3 3 3 3 3 3 3 3 3 2 3 2 2 3 3 2 3 4 3 3 3 3 3 3 3 3 2 3 3 3 3 1 3 2 3 2 3 3 3 2 2 2 3 4 3 3 3 3 2 2 3 2 3 4 3 3 3 3 2 2 3 2 3 4 3 3 3 3 3 3 3 3 3 2 3 3 3 3 3 2 3 2 1 1 2 3 3 1 3 3 3 4 3 2 2 2 3 3 3 3 2 3 3 3 4 2 3 3 3 2 3 3 3 3 3 2 3 3 3 3 3 3 2 3 2 3 3 2 3 3 3 3 3 3 3 3 3 3 2 3 3 3 4 3 2 3 3 3 3 3 3 3 2 3 2 3 2 3 3 3 2 3 2 3 2 3 3 3 3 4 3 3 2 3 3 3 2 3 3 3 2 3 3 3 2 2 3 4 2 2 3 3 3 4 2 3 3 2 3 3 3 3 3 2 3 3 3 3 3 3 3 3 2 3 3 3 3 3 2 4 3 3 3 2 3 2 3 3 3 3 3 2 3 2 4 1 3 4 2 3 4 3 2 3 3 3 3 2 3 3 3 4 2 3 2 3 3 3 3 3 4 2 3 3 3 3 3 3 3 3 3 3 4 2 3 4 3 3 3 3 2 3 3 3 3 3 2 3 3 4 3 1 3 3 3 3 3 3 3 3 3 3 3 3 3 2 3 3 4 2 3 2 4 2 3 1 1 3 3 3 3 3 2 3 3 4 3 3 3 2 3 3 3 3 3 2 3 2 3 3 2 3 2 4 3 3 3 3 3 3 3 3 2 3 2 3 3 3 4 4 3 3 3 1 3 1 2 3 3 2 
Vertex 118: 3 3 1 3 3 3 3 3 3 3 2 2 2 2 3 2 3 3 3 2 4 2 2 2 3 3 3 3 3 3 4 3 2 3 3 3 3 2 2 2 2 3 2 3 4 3 3 3 4 3 2 3 4 3 2 3 3 3 2 3 3 3 3 3 3 3 3 2 2 2 3 3 3 3 4 3 2 3 3 3 4 3 3 3 2 3 1 3 3 3 3 2 3 3 2 3 4 3 2 3 3 3 3 3 3 2 3 3 2 3 3 2 3 1 3 2 4 2 0 3 3 4 3 3 3 3 3 2 3 3 3 3 2 3 3 3 3 2 4 3 3 4 3 3 2 2 4 3 3 3 3 3 3 2 3 3 3 3 3 3 4 3 4 2 2 3 2 3 3 3 3 2 3 3 3 2 3 2 3 3 3 3 3 3 2 3 3 3 3 3 3 3 3 3 3 3 3 3 3 3 3 3 3 3 1 3 3 3 3 3 2 3 3 3 1 3 3 3 4 3 3 4 2 2 3 3 2 3 3 2 3 4 3 3 3 3 4 3 2 2 3 3 1 3 2 3 3 2 3 3 1 3 3 3 2 3 3 3 3 3 3 3 3 2 3 3 3 2 3 2 3 2 3 3 3 3 3 3 3 3 3 3 4 2 3 2 2 2 2 3 3 4 3 4 3 2 3 3 3 3 3 3 3 3 2 2 3 2 3 3 3 3 3 2 2 3 3 3 2 3 3 3 3 3 2 2 3 3 2 3 4 2 3 3 3 3 2 3 3 3 3 2 3 4 3 3 2 3 2 3 2 3 3 2 3 3 3 3 2 2 4 3 3 4 3 3 2 3 2 3 3 3 3 3 3 3 2 3 3 2 3 3 3 3 3 3 3 2 3 2 4 1 3 3 2 3 4 3 3 3 2 3 3 2 2 3 3 3 3 3 1 3 3 3 3 3 2 1 1 3 3 3 3 4 2 3 3 4 3 3 2 3 3 3 2 4 3 3 2 2 3 3 3 3 3 3 2 2 3 3 3 3 3 3 3 3 3 2 3 3 3 4 2 3 2 3 3 3 2 2 3 3 2 3 2 3 3 3 3 3 3 3 3 2 3 3 3 2 3 4 4 3 3 2 3 3 2 3 3 4 
Vertex 119: 3 3 4 3 3 3 3 3 2 3 2 4 2 3 2 3 2 4 2 2 3 3 3 3 3 4 2 3 4 3 4 3 3 3 4 3 3 3 2 3 2 4 3 2 3 4 3 4 3 4 3 2 3 4 3 4 4 3 3 3 3 4 3 3 3 3 3 4 3 4 3 3 3 3 3 3 3 3 1 3 3 3 3 3 2 3 3 3 3 2 3 3 3 3 4 3 2 3 4 4 2 4 3 3 3 3 3 3 3 3 3 3 2 4 3 2 3 3 3 0 3 3 2 3 2 3 4 3 3 3 3 3 4 3 3 4 2 3 3 3 3 1 3 3 3 3 3 4 4 3 4 3 3 3 4 3 2 3 3 4 4 2 4 3 4 3 3 4 2 3 2 3 2 3 3 3 2 3 3 2 3 4 3 4 3 4 3 3 3 3 4 3 3 3 3 3 3 3 4 3 3 3 3 3 2 3 3 1 3 3 3 3 3 3 3 3 1 3 3 3 4 4 3 1 2 3 4 3 3 3 3 2 3 4 4 3 4 2 3 3 4 3 3 2 4 4 4 3 3 3 4 3 3 2 2 2 3 3 3 4 4 3 4 3 2 2 4 3 3 3 3 2 3 4 3 3 2 3 3 3 3 3 3 2 3 3 3 4 3 3 3 2 3 4 2 4 3 3 3 3 3 3 3 3 3 4 3 3 3 2 3 3 3 3 3 2 4 4 3 3 3 3 4 3 3 3 3 3 3 3 3 3 3 2 3 3 3 3 3 4 3 4 1 3 4 3 3 3 2 3 3 3 2 3 3 3 3 3 4 3 3 4 3 3 3 3 3 3 3 3 3 2 2 3 3 3 3 3 3 3 3 4 3 3 4 2 3 4 3 4 3 4 4 3 3 3 4 3 3 3 4 3 3 3 4 3 3 2 3 3 3 2 4 3 3 2 3 3 3 2 4 2 3 3 3 3 2 4 4 3 3 4 2 3 4 3 3 4 4 3 4 2 4 3 3 3 3 3 3 3 3 3 2 4 3 3 4 4 3 3 3 2 3 2 2 3 4 4 3 3 3 3 3 3 3 3 3 3 3 2 3 3 3 4 3 3 4 3 3 3 4 3 4 3 3 4 4 3 3 2 
Vertex 120: 3 3 3 2 3 3 3 3 3 3 1 3 3 3 3 3 3 3 2 3 3 3 3 2 3 4 3 3 3 3 3 3 2 3 3 3 2 2 2 3 3 3 3 3 4 3 3 2 3 3 3 3 2 4 3 3 3 3 3 1 3 3 3 3 2 3 3 3 3 2 3 3 3 3 3 3 3 3 3 3 3 3 3 3 3 4 2 3 3 3 2 4 4 3 3 3 4 3 3 3 3 3 3 3 3 3 3 2 2 3 2 3 2 2 4 3 3 3 3 3 0 3 4 3 4 3 3 3 3 3 3 3 3 4 4 4 3 2 2 3 3 3 3 3 3 3 4 3 3 2 2 2 3 4 3 2 3 3 3 3 4 4 3 3 2 2 3 3 2 3 2 3 3 3 2 3 3 2 3 2 2 3 3 2 3 3 2 3 3 4 3 4 3 4 2 3 3 3 3 3 3 3 1 3 2 2 3 3 3 4 3 4 3 3 3 3 4 3 3 2 3 2 3 3 3 1 3 3 2 3 3 2 3 3 3 3 3 2 3 3 3 3 3 4 2 2 4 3 3 4 3 3 2 3 3 3 2 3 4 4 3 4 3 3 4 2 3 3 3 3 4 2 3 2 3 3 3 3 4 2 3 3 4 2 3 3 3 3 2 3 3 3 3 3 3 3 2 3 3 3 3 2 3 2 3 2 3 1 3 2 3 3 3 1 2 3 3 3 3 3 3 3 3 3 3 4 3 3 2 3 2 3 4 3 3 3 3 2 2 3 3 3 4 3 4 2 3 2 3 3 4 3 3 2 4 1 3 3 3 3 4 3 4 3 3 2 2 3 3 3 3 3 4 2 3 3 4 3 3 3 3 4 3 2 3 3 3 3 3 3 3 3 3 2 3 3 3 3 2 3 3 3 3 1 3 3 2 3 3 3 3 3 3 2 3 3 4 2 3 3 3 4 2 3 2 3 4 2 2 4 3 4 3 4 2 2 3 3 2 2 2 3 3 3 3 3 3 2 3 3 3 3 3 3 3 3 2 1 2 3 2 4 3 4 3 3 3 4 2 3 3 2 3 3 3 2 3 3 3 3 3 3 3 3 2 3 3 3 3 4 3 3 3 2 3 3 4 3 3 3 
Vertex 121: 4 3 4 3 3 3 3 3 4 4 2 4 3 2 2 2 3 4 4 2 3 4 3 3 4 3 4 4 3 4 2 3 3 3 3 3 3 4 3 3 2 4 3 3 4 3 3 3 2 4 2 2 2 4 3 3 3 3 3 2 3 3 3 4 4 3 3 3 3 3 2 3 3 3 2 4 4 3 3 3 2 3 3 1 3 3 3 4 2 3 3 3 3 3 3 2 4 3 3 4 3 3 3 2 4 4 3 2 3 3 4 3 3 3 3 3 3 4 4 3 3 0 3 3 3 3 3 3 4 3 3 3 3 2 4 3 3 3 3 3 3 2 3 2 4 4 3 4 3 3 3 3 3 3 3 2 3 4 1 4 4 4 3 3 4 2 3 3 3 4 3 2 3 4 4 3 3 3 3 3 1 2 3 2 3 4 3 3 4 4 2 4 3 2 3 3 3 3 3 3 4 4 4 3 3 3 3 3 3 3 4 3 3 3 3 3 3 4 4 3 3 4 3 3 3 3 3 4 3 3 3 3 3 3 2 4 3 1 2 3 4 3 3 3 2 3 3 4 2 3 4 3 3 2 2 3 3 3 3 3 3 4 3 3 4 3 3 3 3 2 3 3 3 2 4 3 3 4 3 3 3 2 4 3 3 3 3 3 3 3 3 2 4 4 3 4 3 3 3 1 4 3 3 3 4 4 3 2 2 3 4 4 3 3 3 3 2 3 3 2 3 3 3 3 3 4 4 3 2 4 3 3 3 3 2 3 3 3 3 3 3 3 3 1 4 3 3 3 3 3 3 2 3 3 3 4 3 3 4 3 3 3 3 2 4 3 3 2 3 2 3 2 3 3 3 3 4 3 4 2 2 4 3 3 3 4 2 4 3 3 3 3 3 3 3 2 3 3 3 3 4 3 3 4 3 3 3 3 3 3 3 2 3 2 3 3 3 3 4 4 4 3 3 4 3 3 4 3 3 3 3 3 3 3 3 3 2 3 3 2 4 4 4 3 2 4 4 3 3 3 3 3 3 3 4 3 3 3 2 4 3 3 4 3 4 3 3 3 3 2 3 3 4 3 4 3 4 3 2 3 3 3 4 3 4 2 3 3 4 4 3 3 3 4 2 3 4 3 2 3 
Vertex 122: 4 3 2 3 3 3 4 2 2 3 3 3 3 3 4 3 3 4 3 2 3 3 3 3 2 3 3 3 3 3 4 3 2 3 2 1 3 3 3 4 2 3 3 3 3 3 3 2 3 4 3 3 3 3 3 3 3 3 3 3 3 3 4 3 3 3 3 4 3 2 3 3 3 3 4 3 2 3 1 3 2 3 3 3 3 3 3 3 4 2 4 3 3 4 3 3 3 3 3 4 3 3 3 3 2 3 3 3 3 3 2 3 2 3 3 2 2 3 3 2 4 3 0 4 3 3 3 3 3 3 3 3 2 3 3 3 2 2 3 3 3 3 3 3 3 3 3 3 2 3 3 2 3 2 3 3 3 3 3 3 4 3 3 2 3 3 2 3 2 3 3 3 3 3 3 3 3 3 3 3 2 3 3 3 2 3 3 3 3 4 2 4 3 1 3 4 3 3 3 3 2 2 3 3 4 2 3 2 3 3 3 3 3 3 3 3 3 3 3 3 4 3 4 3 3 3 4 4 3 2 3 3 3 3 4 3 3 3 3 1 4 3 2 2 2 3 3 3 2 3 3 2 3 2 3 2 3 3 2 4 3 3 3 3 2 3 3 2 3 3 3 3 3 3 4 4 3 3 2 3 3 3 3 2 3 3 3 3 3 3 3 3 4 4 1 4 3 2 2 2 4 3 2 3 4 2 3 3 3 3 2 3 3 3 3 3 3 4 3 3 3 3 3 4 3 3 2 3 3 3 4 4 2 3 3 3 2 3 3 3 2 2 2 3 4 3 3 3 2 3 3 3 3 2 4 3 3 3 3 3 3 4 3 3 3 3 3 3 3 3 3 3 3 3 2 3 3 1 3 3 3 3 3 3 4 3 2 3 3 4 3 3 3 3 3 3 4 3 3 3 3 3 3 3 3 3 3 3 4 4 2 3 3 3 3 2 3 3 2 3 3 4 3 3 3 3 3 3 2 2 3 3 3 3 3 3 3 3 4 2 3 2 3 3 2 3 2 3 3 3 3 2 1 3 3 4 3 3 3 3 3 3 3 3 1 3 3 2 2 3 2 3 3 4 4 4 3 3 3 2 4 3 3 2 3 3 3 3 3 4 2 3 2 2 3 2 3 3 4 2 
Vertex 123: 3 4 3 2 3 3 4 3 3 3 3 3 3 3 3 3 3 4 3 3 3 3 2 4 3 3 3 3 3 3 3 3 3 2 3 3 2 3 3 3 3 2 3 3 3 2 3 3 3 3 3 3 3 3 2 3 3 3 2 2 3 2 3 3 3 2 2 4 3 3 2 3 3 3 3 4 4 3 4 3 3 3 3 3 3 3 2 3 3 3 3 3 3 3 3 2 3 3 3 3 3 3 3 3 3 3 2 3 3 3 3 3 3 3 2 3 3 3 3 3 3 3 4 0 3 3 3 3 3 3 3 3 3 3 3 3 3 3 3 3 3 3 4 2 3 3 3 2 2 3 3 3 2 4 3 2 2 2 3 4 4 3 3 3 3 2 2 3 3 3 3 3 3 4 3 3 3 2 2 2 3 2 3 3 3 3 3 2 3 3 3 3 3 3 3 3 2 3 3 3 3 4 3 3 3 4 2 2 2 3 3 4 2 2 3 3 3 3 3 3 2 4 3 2 2 3 3 3 4 3 1 3 3 3 3 3 3 2 2 3 3 3 3 3 4 3 3 3 3 3 3 2 3 3 3 3 3 3 3 3 3 3 2 2 3 2 3 3 3 3 3 2 3 3 3 3 1 4 2 3 3 3 3 3 3 3 3 3 4 3 3 3 2 3 3 3 4 2 3 3 2 3 4 2 3 4 2 3 3 3 3 3 3 3 2 3 3 3 2 1 4 3 3 3 2 3 3 4 3 3 1 2 3 3 2 3 3 3 3 3 3 4 4 2 2 3 3 3 3 3 3 2 3 2 2 4 3 2 3 3 4 3 3 3 3 3 4 3 3 3 3 3 1 3 2 2 3 3 3 3 3 3 3 3 3 3 4 3 3 1 4 2 3 2 3 1 3 4 3 3 3 2 2 3 4 2 3 2 3 3 3 3 2 3 3 2 2 3 4 2 4 3 3 1 3 3 3 3 3 2 3 3 3 3 3 1 3 3 3 3 3 3 2 3 2 3 3 3 2 1 3 3 4 3 3 3 3 4 3 2 3 2 2 4 3 3 3 3 2 3 4 3 3 3 3 3 3 3 3 3 3 3 2 3 3 3 4 3 4 4 3 3 2 3 3 3 2 2 3 2 
Vertex 124: 3 4 3 4 3 3 4 4 2 2 4 3 3 4 4 3 4 3 4 2 3 3 3 4 3 4 2 4 3 3 3 3 4 4 4 3 4 3 3 3 3 3 2 3 2 2 3 4 4 3 4 3 4 3 3 3 4 3 3 3 2 4 4 1 3 3 3 4 3 4 3 4 3 3 3 3 2 4 3 4 2 4 3 2 2 3 4 3 4 3 3 4 2 3 4 4 2 3 3 4 2 3 3 4 3 4 3 3 3 4 3 2 3 4 3 3 3 3 3 2 4 3 3 3 0 3 3 3 3 2 2 3 3 3 3 4 3 3 4 4 3 3 3 3 3 3 4 3 3 4 3 3 3 3 3 3 3 3 3 3 4 3 4 4 4 4 3 4 4 3 2 3 3 3 3 2 3 3 3 2 3 4 3 4 4 4 3 4 4 4 3 3 3 4 3 2 3 3 3 4 3 2 3 3 2 4 4 3 2 4 4 4 3 3 3 3 3 3 4 3 2 4 3 1 2 4 3 4 3 3 3 4 3 4 3 4 4 3 3 3 3 3 3 2 4 4 4 3 3 4 4 3 3 1 3 3 3 4 2 3 2 4 3 4 3 3 3 4 4 4 3 3 4 3 4 3 4 4 3 3 3 3 2 4 4 3 3 4 3 3 3 3 3 4 2 3 4 3 3 3 4 3 2 4 4 4 3 3 4 2 3 4 3 3 4 3 3 4 3 3 2 3 3 3 3 3 3 3 4 4 4 4 4 4 4 3 3 3 3 3 3 3 2 3 3 3 3 3 4 4 2 3 3 4 4 4 3 3 4 3 3 4 2 4 3 3 4 2 2 4 3 2 2 3 2 4 4 3 3 3 3 4 4 4 4 3 3 3 3 3 4 4 4 3 3 4 4 2 3 2 3 4 3 4 3 3 3 3 3 3 2 3 4 3 3 4 4 4 4 4 4 4 3 3 3 4 2 4 3 3 3 3 4 3 4 3 3 3 4 3 4 3 4 3 3 4 4 4 3 4 3 4 3 4 3 3 4 4 2 3 3 3 3 3 3 3 4 3 3 3 3 3 4 4 3 4 3 4 4 3 3 3 3 3 3 3 4 4 3 1 4 2 3 3 4 4 4 3 4 3 
Vertex 125: 4 2 2 3 3 3 4 3 3 3 4 4 3 2 3 4 3 3 3 3 3 3 3 4 3 3 3 3 3 3 3 2 3 3 3 3 4 4 3 3 4 4 3 2 3 3 3 3 4 3 3 3 3 4 3 3 3 3 3 3 3 3 2 2 3 3 2 3 3 3 2 3 3 3 4 4 3 2 3 3 3 3 3 3 3 3 2 4 3 2 3 4 3 4 3 3 3 3 3 3 3 3 3 3 4 3 2 3 3 3 3 3 3 3 3 4 3 3 3 3 3 3 3 3 3 0 3 3 2 4 4 4 4 2 2 3 3 3 3 3 3 3 3 4 3 3 3 3 3 3 3 2 2 4 3 2 3 2 4 3 4 3 3 3 4 3 2 3 3 3 3 3 2 4 3 3 4 3 4 3 4 3 3 4 3 4 3 3 3 3 4 4 3 3 3 3 2 3 4 2 2 1 4 3 3 4 3 3 3 2 3 2 3 2 3 3 3 2 3 3 3 2 3 4 3 2 2 3 3 2 3 3 3 4 3 3 3 3 3 3 4 3 3 3 3 3 1 2 2 3 3 3 3 3 3 3 3 2 4 3 4 4 3 4 3 4 3 3 2 2 3 2 3 3 3 2 2 4 3 2 2 3 3 3 4 1 2 3 3 3 3 3 4 3 3 3 3 4 2 3 3 3 3 4 2 4 3 3 3 3 2 3 3 2 3 3 2 3 3 3 4 3 2 3 2 3 3 3 3 2 3 3 4 1 3 3 4 2 3 3 3 3 4 2 4 4 3 3 3 3 3 2 3 3 3 3 3 4 4 3 3 2 4 3 3 3 3 3 3 2 2 3 4 2 4 3 2 4 3 3 2 4 3 3 3 2 3 4 3 3 3 2 3 3 3 3 4 3 3 2 3 2 3 2 3 3 3 2 4 3 3 3 3 1 3 2 3 4 4 4 4 3 3 3 3 4 4 2 3 3 3 3 3 3 3 3 2 3 3 3 3 3 2 3 3 4 3 4 3 2 3 3 3 1 4 4 3 3 2 2 3 3 3 4 2 2 4 3 1 3 3 3 3 3 3 3 4 3 3 3 4 2 3 4 3 3 3 3 4 4 4 3 3 3 2 3 1 3 3 3 
Vertex 126: 4 3 2 3 3 3 3 3 3 3 3 3 3 3 2 2 3 4 2 3 3 3 3 2 2 2 3 4 4 3 3 3 4 3 2 3 3 2 2 3 3 3 2 3 3 4 3 3 3 3 3 4 3 3 2 3 3 3 3 2 3 3 3 3 4 3 3 3 2 3 2 3 3 3 3 4 3 3 3 3 3 3 3 2 3 3 3 4 3 2 3 2 3 2 2 4 4 3 3 3 2 2 2 2 3 3 2 3 3 3 2 2 2 3 3 3 4 3 3 4 3 3 3 3 3 3 0 3 3 3 3 2 3 3 3 4 3 3 2 2 3 3 2 4 2 2 3 3 2 3 3 3 2 3 4 1 3 2 3 3 4 3 3 3 3 3 3 3 3 3 3 3 3 4 2 3 4 3 3 3 3 3 3 4 3 2 3 1 3 3 1 4 3 2 3 3 3 4 4 3 4 3 2 2 3 3 3 3 3 4 3 2 4 3 3 2 3 2 3 3 2 2 3 3 2 3 3 3 4 3 3 4 3 4 4 2 2 3 2 2 3 3 3 4 3 3 3 4 2 3 3 3 3 3 3 3 2 2 3 3 2 2 3 3 3 3 4 3 3 3 3 3 4 3 3 3 3 3 4 3 3 3 4 3 3 3 3 3 2 3 4 3 4 2 4 3 3 3 3 3 3 4 4 3 1 3 2 3 3 3 3 3 4 2 3 3 3 3 3 2 1 3 2 3 3 4 3 2 4 3 3 3 3 4 3 4 2 2 3 3 3 3 3 3 3 3 3 3 3 3 3 3 2 1 3 3 2 3 3 3 3 2 3 3 3 3 3 2 3 3 3 2 3 3 3 3 3 2 3 2 3 3 3 2 1 3 3 3 3 2 3 2 2 1 3 2 4 3 2 3 3 3 3 3 3 3 3 3 3 3 3 3 3 2 2 3 3 3 3 3 3 3 3 3 3 3 3 3 3 3 3 4 3 3 3 3 3 3 3 3 3 3 2 3 3 3 2 3 2 3 1 3 3 2 4 3 3 3 3 3 3 3 3 3 3 3 3 3 3 3 3 3 3 2 4 2 1 3 3 3 3 2 3 2 3 2 1 3 3 2 2 3 3 3 3 3 3 4 3 2 
Vertex 127: 3 3 3 3 3 3 3 3 3 2 3 3 3 3 3 2 3 3 3 3 2 3 3 3 3 3 4 3 3 3 3 3 3 2 3 4 2 3 3 4 2 3 3 3 3 3 3 3 3 2 3 3 3 3 3 4 3 3 3 3 3 2 2 3 3 3 2 2 3 2 3 3 3 3 3 3 2 3 3 2 3 3 3 3 3 3 3 2 3 3 3 2 3 3 3 3 3 2 3 4 2 3 3 4 3 3 3 2 3 3 3 2 3 3 3 3 3 3 2 3 3 3 3 3 3 3 3 0 3 3 1 3 3 4 4 4 1 2 3 3 4 3 3 3 3 3 4 2 2 2 3 3 3 4 4 3 3 3 3 2 4 3 3 4 4 3 3 3 2 2 2 2 3 3 2 2 3 2 3 2 2 3 3 3 4 3 2 4 3 3 2 3 3 3 3 3 4 3 4 1 3 3 3 3 3 3 3 2 3 3 3 4 4 3 3 3 2 3 2 4 2 3 3 3 3 3 3 3 3 3 3 3 3 4 4 3 4 2 3 3 3 3 1 3 3 3 4 3 3 3 3 3 3 3 1 2 1 3 3 3 2 1 2 2 2 3 3 3 3 2 3 3 1 3 3 1 3 3 3 3 3 3 2 3 3 3 3 3 3 3 3 3 3 3 2 3 3 3 3 3 3 2 3 3 4 3 3 3 2 3 3 3 2 2 3 3 3 4 2 2 3 3 3 3 3 3 2 3 2 3 4 3 3 3 3 3 3 3 2 2 3 4 3 3 3 3 3 2 3 3 3 3 4 3 4 3 3 3 3 3 2 3 3 3 3 2 3 3 3 3 3 3 4 3 3 3 2 3 3 2 3 4 2 2 4 3 3 3 2 2 3 3 3 3 2 3 4 3 3 3 3 3 2 3 4 3 3 3 2 3 3 3 2 2 3 3 3 2 3 3 3 4 2 3 3 3 3 3 3 3 3 3 4 3 3 3 3 3 4 3 3 3 3 3 3 3 4 2 3 4 3 3 4 4 3 3 3 3 2 3 2 3 3 3 2 3 3 3 2 3 3 2 3 4 3 3 3 3 2 3 3 2 3 3 3 3 2 3 3 3 4 4 2 3 3 3 4 3 4 3 
Vertex 128: 4 3 3 1 2 3 3 3 1 4 3 3 2 2 3 4 2 2 3 3 3 3 3 3 4 3 4 3 2 3 3 4 3 3 2 3 3 3 2 3 3 2 3 3 3 3 3 3 4 3 3 4 3 3 3 3 3 3 3 3 3 1 1 3 3 2 3 3 3 2 3 3 3 3 4 3 3 3 2 3 3 4 3 3 4 3 2 2 3 2 3 3 3 3 3 4 3 3 2 3 4 2 3 3 3 2 3 3 3 3 3 3 3 3 3 3 3 3 3 3 3 4 3 3 3 2 3 3 0 3 3 3 4 3 3 3 3 3 3 3 3 3 3 4 3 2 3 4 3 3 3 4 2 3 4 3 3 3 3 3 4 3 3 3 3 3 3 1 3 3 2 4 3 2 3 2 3 3 3 3 3 2 3 3 3 3 2 3 3 3 4 3 2 3 2 3 3 1 3 3 2 3 3 3 3 3 2 3 3 3 3 4 3 3 3 4 3 2 3 3 3 3 3 3 3 3 4 3 3 3 3 4 3 3 3 3 3 3 3 3 3 4 3 4 3 3 3 3 3 3 4 3 3 2 2 3 3 3 3 3 3 3 3 3 2 3 3 2 3 3 4 3 2 3 3 3 4 3 3 3 2 3 2 3 3 1 4 3 3 3 3 3 3 3 3 3 3 2 2 3 3 2 3 3 3 2 3 2 3 2 3 3 3 3 2 4 2 4 2 2 4 2 3 3 3 3 3 2 3 3 3 2 3 3 3 3 3 3 3 2 2 2 3 3 3 2 3 3 3 3 3 3 4 3 3 3 3 4 3 3 3 4 3 2 1 3 3 3 3 3 3 3 3 2 3 3 3 3 3 3 3 3 4 3 3 4 3 2 3 3 3 3 3 3 3 4 3 1 2 2 3 2 3 2 3 3 3 3 4 3 3 3 3 2 2 2 3 3 3 4 3 3 3 3 3 3 3 3 3 2 2 3 3 3 3 2 3 2 3 3 2 2 2 3 3 4 3 3 3 3 4 4 4 3 2 4 3 3 3 2 3 4 3 3 4 3 2 3 3 4 3 4 3 4 3 3 2 2 3 3 3 4 3 3 3 3 3 3 4 4 2 3 3 3 2 3 3 3 3 3 
Vertex 129: 4 3 3 3 3 3 3 2 4 3 3 3 3 3 3 4 3 3 3 3 1 4 3 3 4 4 3 4 3 2 3 2 3 3 3 3 3 3 4 3 3 3 3 4 2 3 4 3 3 3 3 2 3 4 3 2 3 3 3 3 4 3 3 3 4 3 3 4 4 3 2 3 1 3 3 3 4 4 4 3 3 3 3 3 3 3 3 4 3 4 3 3 2 3 3 3 3 3 3 3 3 3 4 3 3 4 3 3 4 3 4 4 3 3 4 3 4 3 3 3 3 3 3 3 2 4 3 3 3 0 4 4 2 2 3 4 2 3 2 3 3 3 3 3 3 3 3 3 2 3 3 3 3 3 4 3 4 4 3 3 4 3 3 3 4 2 3 2 3 3 1 3 3 3 3 3 3 3 2 3 3 3 3 3 3 4 3 2 4 3 3 2 2 2 2 3 2 2 3 3 3 3 3 2 3 3 4 3 4 3 2 3 3 4 2 4 3 2 4 2 2 3 4 2 3 3 3 4 2 3 3 4 3 3 3 4 3 2 3 3 4 3 4 3 4 3 3 4 4 4 4 3 3 3 3 3 3 3 3 4 4 4 4 3 3 3 3 3 3 3 3 3 4 4 4 2 4 3 3 4 3 3 3 3 3 3 3 3 3 2 3 2 4 3 3 4 2 3 3 3 3 3 4 4 2 2 3 2 3 3 4 2 3 3 3 3 3 3 3 3 3 3 3 3 3 3 3 3 3 4 2 3 4 3 3 4 2 2 3 3 2 1 3 3 3 3 3 3 4 3 3 2 3 4 3 3 3 3 4 4 4 4 3 3 3 3 3 3 4 3 3 2 3 3 4 3 4 3 3 3 2 4 3 3 3 3 3 4 4 4 2 3 3 3 3 3 4 4 1 4 3 4 4 2 3 3 3 3 4 3 3 4 3 3 3 3 3 3 4 4 3 3 3 3 3 3 3 4 3 3 3 4 3 3 4 4 2 3 4 4 3 3 2 3 3 3 4 2 3 3 4 3 4 3 4 2 3 3 3 3 3 2 4 3 4 4 4 3 3 3 3 3 4 3 4 3 3 3 3 3 4 3 4 3 4 2 4 4 4 3 2 3 4 3 3 3 3 3 2 2 
Vertex 130: 4 3 2 3 2 3 4 3 2 3 4 3 2 3 3 1 3 3 3 3 3 4 3 2 3 3 3 4 3 2 3 3 3 3 3 4 3 4 3 3 1 2 2 2 2 3 3 2 3 3 3 3 3 3 2 3 2 2 2 3 2 3 2 3 4 3 2 3 3 3 2 3 3 3 3 3 3 3 2 3 4 2 3 2 3 3 3 3 3 3 4 3 3 3 3 3 3 2 3 4 1 3 3 3 3 3 2 2 4 3 3 2 3 3 3 3 4 3 3 3 3 3 3 3 2 4 3 1 3 4 0 3 4 3 4 3 2 3 2 3 3 3 2 4 2 2 4 1 2 3 3 3 3 3 3 3 3 3 4 2 3 3 3 3 3 3 4 3 3 1 3 2 3 3 2 1 4 2 3 2 2 3 2 3 3 3 1 3 3 3 3 2 3 3 3 3 3 2 3 2 3 4 3 3 3 3 3 3 3 3 4 4 3 2 2 3 2 4 3 4 3 4 3 2 2 3 3 3 3 3 2 3 3 3 3 2 4 3 3 3 3 3 2 3 3 3 3 4 2 3 4 3 3 2 1 3 2 3 3 3 3 2 1 3 2 3 4 3 3 3 2 3 2 3 3 2 3 3 3 3 3 3 3 3 2 4 3 3 3 3 3 3 2 2 3 3 4 3 2 2 2 3 3 3 3 3 3 3 2 3 3 3 3 3 3 3 3 3 3 3 3 3 3 4 2 3 3 3 3 2 3 3 3 3 3 3 3 3 2 3 2 3 2 3 3 2 3 3 3 3 3 2 3 2 3 3 3 3 2 2 3 3 3 2 4 2 3 3 3 2 3 2 3 2 3 3 3 3 2 2 3 4 3 2 3 3 4 3 3 3 3 3 4 2 3 3 3 3 3 3 3 3 3 3 3 3 4 3 1 3 3 3 3 3 2 3 3 2 3 4 4 3 3 2 3 2 3 3 3 3 2 3 3 3 3 4 3 3 3 3 3 3 3 2 2 3 3 3 3 3 3 3 3 3 3 3 3 3 3 3 2 3 3 3 3 3 3 3 3 2 3 2 2 4 3 3 3 3 2 3 3 3 2 3 3 3 3 4 3 2 3 3 3 3 3 4 3 4 3 3 
Vertex 131: 3 3 3 2 2 2 4 3 3 2 4 3 2 2 3 2 3 4 3 3 3 2 3 2 3 2 4 3 3 3 3 3 3 3 3 3 3 3 2 2 3 3 3 3 2 3 4 1 2 3 3 3 4 3 3 2 3 4 3 2 3 3 3 3 3 3 2 3 2 3 2 3 3 3 2 4 3 3 4 3 2 3 3 3 3 2 2 3 1 3 3 3 3 3 3 2 3 1 3 3 3 3 2 3 3 3 3 3 3 3 2 3 3 2 3 3 3 3 3 3 3 3 3 3 3 4 2 3 3 4 3 0 3 3 4 2 3 2 3 3 3 2 3 3 3 2 4 3 3 3 3 3 2 3 4 3 3 3 3 2 4 2 2 3 2 3 3 3 3 2 3 3 2 4 3 3 3 3 2 3 3 3 2 3 3 2 3 3 4 3 3 3 3 3 3 3 3 3 3 3 2 3 3 3 3 3 3 3 3 3 4 4 2 3 3 3 3 3 3 3 2 3 3 3 2 3 4 3 3 3 3 2 3 3 3 1 4 3 3 3 2 3 4 3 3 3 4 3 3 3 3 3 3 3 2 3 3 2 2 3 4 2 3 2 3 4 3 3 3 3 3 3 2 3 3 4 3 3 3 3 3 4 4 3 1 3 3 3 4 3 3 3 3 2 3 3 2 3 3 3 3 3 3 3 3 2 3 3 3 3 4 3 3 3 2 2 2 3 2 3 3 3 3 2 3 3 4 2 3 2 3 1 4 3 3 2 2 2 3 3 2 4 3 4 3 2 3 2 3 3 1 2 1 2 3 3 2 2 3 3 3 3 2 3 2 2 3 3 3 2 3 2 3 3 3 3 4 2 3 3 3 2 3 3 3 3 3 3 4 2 3 3 3 3 1 3 4 3 3 3 3 3 3 3 4 3 4 2 3 3 2 3 3 3 2 3 2 3 3 4 3 3 3 4 3 3 2 3 3 3 3 2 2 3 3 3 3 3 3 3 3 3 3 3 3 3 3 2 3 3 3 3 3 4 4 3 3 4 3 3 3 3 2 3 3 3 3 3 3 2 3 3 2 4 3 3 1 2 3 4 3 2 2 2 2 2 3 3 3 3 2 3 3 3 3 3 4 3 3 2 
Vertex 132: 4 4 3 3 3 3 2 4 4 3 3 3 3 3 3 4 3 3 3 3 3 3 2 4 4 3 3 3 3 3 3 3 2 3 3 1 3 2 4 3 3 3 3 3 2 3 3 3 2 2 3 3 3 2 3 2 3 3 3 3 3 3 4 3 3 2 3 3 3 3 3 3 1 3 2 3 3 4 3 4 3 3 3 3 2 3 3 3 3 3 3 3 3 4 3 3 3 2 4 2 3 3 3 4 4 3 3 3 2 3 4 3 4 3 3 3 4 3 2 4 3 3 2 3 3 4 3 3 4 2 4 3 0 2 3 4 2 3 2 3 3 3 3 3 4 4 3 3 4 3 2 2 3 3 3 3 3 3 2 3 4 4 3 3 4 3 4 3 3 3 2 2 3 3 3 3 3 3 3 3 3 3 3 4 3 3 3 3 4 4 3 3 2 3 3 3 3 3 3 3 2 4 4 3 3 4 3 3 3 3 3 3 4 3 3 2 4 3 3 2 2 4 3 3 3 2 4 4 1 2 3 3 3 4 3 4 3 3 4 2 3 3 2 2 3 3 3 3 3 2 3 3 3 2 3 3 3 3 1 4 3 3 3 4 3 3 3 3 3 3 3 2 3 3 3 2 3 3 3 3 3 3 3 3 3 4 2 3 3 3 3 3 4 3 3 4 3 3 3 3 3 3 2 3 4 3 3 3 3 3 4 3 3 3 3 3 3 2 3 2 4 3 2 3 3 3 3 4 1 4 4 3 3 3 3 4 2 3 3 3 3 3 3 3 3 3 3 3 3 3 2 2 3 3 3 3 3 2 3 2 3 3 3 3 3 3 3 4 3 3 3 3 4 3 3 3 3 3 3 3 2 4 3 3 2 3 2 4 3 4 3 3 3 3 3 3 4 3 3 3 3 4 2 4 4 3 4 3 3 3 1 3 1 3 4 4 4 3 3 4 4 4 4 4 3 2 3 4 2 3 2 3 3 3 4 4 3 3 4 2 3 3 3 3 3 4 3 3 3 3 4 3 3 3 4 4 4 2 3 3 3 2 2 3 3 3 3 3 3 2 3 3 3 3 3 3 3 4 3 2 3 3 3 3 3 3 3 3 3 4 4 3 3 3 3 4 4 4 2 3 
Vertex 133: 3 3 3 3 3 3 4 3 3 3 3 3 3 3 2 2 3 3 3 3 3 3 3 2 3 3 3 3 1 3 3 3 3 2 3 3 3 3 4 2 2 2 3 3 2 3 3 3 3 3 3 3 4 3 3 2 4 3 2 3 4 3 2 3 3 3 3 3 3 3 3 3 1 3 3 4 3 3 3 3 2 3 3 2 3 2 3 2 3 3 4 3 3 3 3 3 4 2 4 4 3 3 3 2 3 3 2 2 4 3 2 3 3 3 3 3 3 3 3 3 4 2 3 3 3 2 3 4 3 2 3 3 2 0 2 3 3 2 2 3 1 3 3 3 4 2 3 3 3 3 3 4 3 3 3 2 3 3 3 3 3 4 2 3 3 3 2 4 3 3 3 3 3 4 3 3 2 3 3 3 3 3 3 2 3 3 3 2 3 3 3 3 2 2 2 3 3 3 3 4 3 3 3 2 3 3 3 3 3 3 4 2 3 2 3 2 3 3 2 2 2 4 3 2 1 3 3 3 3 3 2 3 4 4 4 3 3 3 3 2 3 3 3 3 3 3 3 3 3 3 3 1 2 3 3 2 3 3 3 3 4 3 3 2 2 3 3 2 3 2 2 3 3 4 3 3 3 3 3 3 2 3 3 3 3 3 3 2 3 3 1 2 3 3 2 3 3 2 3 1 3 3 3 2 3 3 1 3 3 3 3 3 2 3 3 3 2 3 3 3 3 3 3 4 2 3 3 3 3 2 3 3 3 3 3 2 2 3 2 3 3 3 3 3 3 2 3 3 2 2 3 2 3 2 3 3 3 3 3 2 3 3 2 3 2 3 3 3 3 2 2 2 2 3 3 3 2 3 3 3 3 3 3 3 4 3 4 3 3 2 3 3 2 3 3 3 3 3 3 3 3 3 3 4 3 3 2 3 3 3 3 3 3 3 2 2 3 2 3 3 3 2 3 3 3 2 3 3 3 1 3 3 3 3 2 2 3 3 3 3 3 2 3 2 2 3 3 3 1 3 2 3 3 1 3 3 3 3 3 3 2 2 3 3 3 3 2 3 3 3 3 3 4 3 3 3 3 3 2 3 2 3 2 3 3 3 3 2 3 4 3 2 3 2 2 4 3 3 2 2 
Vertex 134: 2 3 2 2 2 3 4 3 3 2 3 3 3 3 3 4 2 3 4 2 3 3 4 3 3 2 4 3 3 3 3 3 3 3 3 4 3 3 4 2 3 3 3 4 2 3 3 4 3 4 3 3 3 3 3 2 2 3 3 3 4 3 4 3 3 3 3 3 2 3 4 3 2 2 3 4 2 3 3 3 3 3 3 3 2 3 3 4 3 3 3 4 2 4 3 3 3 3 3 3 3 3 3 3 3 3 3 3 3 4 3 3 2 3 1 3 3 3 3 3 4 4 3 3 3 2 3 4 3 3 4 4 3 2 0 2 3 3 3 3 3 2 3 2 4 2 2 3 3 3 3 3 2 4 3 2 3 3 4 4 4 4 2 3 3 3 3 3 3 3 3 3 3 4 3 3 2 3 3 3 3 3 3 4 3 3 3 3 3 3 3 4 3 4 3 3 3 2 3 3 2 3 3 3 2 3 3 4 3 3 4 2 3 2 3 2 3 3 3 3 3 3 3 3 2 3 2 3 3 3 2 3 2 4 3 3 3 3 2 3 4 3 3 3 3 3 3 3 3 3 3 3 3 2 3 3 3 2 3 3 2 3 3 3 3 3 3 3 2 3 3 3 3 3 3 3 3 3 3 3 1 3 3 3 3 2 3 2 4 3 3 2 3 3 3 4 4 3 4 3 3 2 3 3 3 3 3 3 3 3 3 3 2 3 3 2 3 3 3 2 3 3 3 4 2 3 2 3 3 3 4 3 3 3 3 3 3 2 3 3 3 3 3 3 3 3 2 2 3 2 3 3 3 3 3 4 2 3 3 3 4 1 3 3 3 2 3 3 1 2 2 3 3 3 3 3 2 3 3 3 3 3 3 4 4 4 3 4 2 3 3 3 3 3 3 3 4 3 3 3 3 3 3 3 4 3 3 3 4 3 3 2 3 3 3 3 3 4 3 4 3 3 3 2 3 3 2 3 3 3 3 3 2 3 4 3 2 4 3 3 3 3 3 2 3 4 2 3 3 4 3 3 3 1 3 3 3 4 3 1 3 1 4 3 3 3 3 3 3 2 1 3 3 3 4 3 3 3 3 3 3 4 3 4 3 2 2 2 3 3 4 3 2 3 2 4 3 3 2 3 
Vertex 135: 4 3 3 3 3 3 3 2 4 4 3 3 3 3 3 2 2 3 3 3 3 3 4 3 4 4 4 3 4 3 3 3 2 3 3 3 3 3 4 3 3 3 4 3 3 3 2 2 3 3 3 3 3 4 3 2 3 3 3 3 2 4 3 3 3 3 3 3 3 4 3 3 3 3 2 3 3 3 3 3 3 3 3 3 3 3 2 4 3 3 3 3 3 4 3 1 4 3 3 3 3 4 3 3 3 3 3 3 2 4 3 4 2 3 3 3 1 3 3 4 4 3 3 3 4 3 4 4 3 4 3 2 4 3 2 0 3 3 3 3 4 3 3 3 4 3 4 4 3 3 2 3 3 4 3 3 2 3 2 3 4 3 4 3 3 2 3 3 2 3 3 3 4 4 3 3 4 3 3 3 3 3 3 4 3 2 3 3 3 3 4 4 3 3 3 3 3 4 3 3 4 2 4 3 3 4 2 3 3 2 3 4 2 3 2 4 3 4 3 2 4 4 3 3 2 3 2 3 3 3 3 4 1 3 3 3 3 3 3 3 3 3 3 2 3 2 3 1 2 3 2 3 3 3 3 3 3 4 3 4 3 4 3 3 3 2 4 3 4 3 3 3 3 4 3 3 3 3 4 3 1 3 4 3 1 2 4 3 3 3 3 3 2 3 4 3 3 3 4 3 3 3 2 3 3 3 4 3 2 3 4 3 2 3 2 2 2 4 3 3 4 3 3 3 3 2 3 3 3 3 4 3 4 3 3 3 3 2 3 3 2 3 4 3 3 3 3 4 3 4 3 3 2 3 3 3 3 3 3 3 3 3 2 3 3 3 3 2 3 3 3 3 3 3 3 3 3 3 3 3 4 4 2 3 3 3 3 4 3 3 3 3 3 3 3 2 3 4 3 3 1 3 2 3 3 3 4 3 4 3 3 3 3 3 2 2 1 3 4 4 3 3 2 4 3 4 4 4 3 3 3 3 2 3 3 3 2 3 3 3 4 4 3 2 3 4 3 2 3 3 3 2 3 3 4 4 3 3 3 3 3 3 4 3 3 3 4 4 3 2 2 3 3 3 3 3 3 3 3 3 3 3 3 3 3 2 3 4 3 4 2 3 3 3 3 3 3 3 2 3 
Vertex 136: 3 3 3 3 3 3 2 2 2 3 3 3 3 3 3 3 3 3 3 3 1 2 2 2 3 3 3 3 3 3 3 2 3 2 3 3 1 3 2 3 3 3 3 2 3 3 2 3 3 2 3 2 3 3 3 3 2 3 3 2 2 3 3 2 3 2 3 3 3 3 4 2 3 2 3 2 3 3 3 3 2 2 3 3 3 3 3 3 3 3 3 1 3 2 3 3 3 2 3 3 3 3 2 3 2 3 3 2 3 3 3 3 3 3 4 3 3 3 3 2 3 3 2 3 3 3 3 1 3 2 2 3 2 3 3 3 0 2 3 2 3 3 3 2 3 3 3 2 3 3 3 3 2 3 3 3 2 3 2 3 3 2 3 3 3 3 2 3 3 3 3 1 3 3 3 3 3 3 3 3 2 3 2 3 3 3 1 3 3 3 3 2 2 3 3 3 3 2 3 2 2 2 3 3 2 4 3 1 2 3 3 4 3 2 3 3 3 4 3 3 3 4 3 3 3 2 3 3 3 2 3 2 2 3 3 3 3 3 3 3 3 2 2 3 3 3 4 3 3 2 2 2 3 2 2 2 2 3 3 3 3 2 2 3 3 2 3 3 3 3 3 2 2 2 3 2 2 2 3 3 3 3 1 3 2 2 3 3 2 3 3 3 3 3 1 4 3 3 2 3 3 3 3 2 3 3 3 3 1 3 2 3 3 3 2 2 3 4 3 3 3 3 3 2 2 4 1 3 1 2 3 3 2 3 3 3 3 3 3 3 3 3 3 2 3 3 3 3 3 3 4 3 3 2 3 2 2 2 3 2 3 3 3 2 4 3 2 3 3 2 3 2 3 3 3 3 3 3 3 2 4 3 1 3 4 3 2 3 3 2 2 3 3 3 3 3 4 3 2 3 3 3 3 3 3 3 3 2 2 2 3 2 3 2 3 3 3 2 3 2 3 4 3 3 3 2 3 3 2 3 2 4 3 3 3 3 2 3 3 2 3 3 2 2 2 3 3 1 3 3 4 2 3 3 3 2 3 3 1 3 2 2 2 3 2 2 3 4 3 2 3 1 2 3 3 3 3 3 2 2 3 1 3 3 3 2 3 3 3 4 3 3 2 2 3 3 3 3 3 3 
Vertex 137: 3 2 2 2 3 3 4 3 3 3 3 3 3 3 3 3 3 4 2 2 3 3 3 3 3 3 3 2 2 3 3 3 2 2 2 3 3 3 3 2 2 2 3 3 3 3 2 3 3 3 3 3 3 3 2 3 3 2 3 2 3 3 3 2 3 3 4 3 2 2 3 3 3 4 4 4 3 3 3 3 4 3 2 3 2 2 3 3 3 3 3 3 3 3 3 3 3 2 3 3 2 3 3 3 3 2 3 2 3 2 2 1 3 3 3 3 3 3 2 3 2 3 2 3 3 3 3 2 3 3 3 2 3 2 3 3 2 0 3 2 3 3 3 3 3 3 3 4 3 3 3 3 3 3 4 2 3 3 3 1 4 2 4 2 2 3 2 3 3 2 3 3 3 3 3 2 3 3 3 2 2 3 3 3 3 3 3 3 3 3 2 3 2 3 3 2 3 3 3 3 3 3 3 2 2 3 3 3 3 3 3 3 3 3 1 3 3 3 3 3 2 3 3 2 1 2 3 3 3 3 2 3 4 3 3 1 3 3 3 1 3 3 2 3 3 3 3 3 2 3 3 3 2 3 3 2 1 2 2 3 3 3 3 2 3 2 2 1 3 2 4 3 3 2 3 3 3 2 3 2 2 2 3 3 3 3 3 3 2 3 3 3 3 3 2 3 3 3 3 3 3 2 3 3 3 2 3 3 3 3 3 3 3 1 3 3 3 4 2 3 3 3 3 3 3 2 3 4 3 3 3 3 2 3 3 4 2 3 2 3 3 2 3 3 4 3 2 2 4 2 2 3 3 2 3 3 3 3 3 3 3 3 3 3 3 3 3 3 3 3 3 3 2 2 3 3 3 3 3 3 3 2 1 3 4 3 3 2 2 3 3 3 2 2 3 3 3 3 3 3 4 3 3 3 2 2 3 2 2 2 2 3 4 2 2 3 2 3 3 3 1 4 2 3 2 3 3 4 3 2 3 3 3 3 2 3 3 3 3 1 3 2 4 3 3 3 3 3 3 3 2 3 3 3 3 2 3 3 3 3 3 3 3 2 3 3 2 3 3 2 3 3 3 3 3 3 3 2 3 3 2 3 3 2 2 3 3 3 4 3 3 2 3 2 4 3 3 3 2 2 
Vertex 138: 3 3 3 2 3 2 4 3 3 3 3 3 3 2 2 3 3 3 3 2 2 3 2 2 3 3 4 3 3 3 2 3 3 3 3 3 3 2 3 2 3 3 2 3 2 4 3 3 3 3 3 3 3 3 3 2 3 3 3 3 3 2 4 3 3 3 3 3 3 3 2 3 1 3 3 3 3 3 4 3 2 3 3 2 3 3 3 3 3 3 3 4 3 2 3 3 4 3 2 3 3 3 2 2 3 3 2 3 3 3 2 3 3 3 3 4 4 3 4 3 2 3 3 3 4 3 2 3 3 2 2 3 2 2 3 3 3 3 0 3 3 2 3 3 3 2 3 1 2 2 2 3 3 3 4 2 3 3 2 4 3 3 2 3 3 2 2 2 3 3 3 3 3 3 3 3 3 3 2 2 3 1 2 4 2 3 3 1 3 4 3 3 2 3 3 3 2 2 4 3 4 3 3 3 3 3 3 3 3 3 2 3 3 2 3 3 3 3 3 2 2 3 3 3 3 2 3 3 3 3 2 3 4 3 3 4 3 3 4 3 3 2 3 4 3 3 3 3 3 3 3 2 2 3 3 1 3 3 3 3 4 2 3 2 3 3 3 3 3 2 2 2 2 3 3 3 4 3 3 2 2 2 3 3 3 2 3 3 3 3 3 2 3 2 3 4 3 2 3 3 2 3 3 3 2 2 1 3 3 3 4 3 3 3 3 3 3 3 3 3 3 3 2 4 3 4 2 3 3 2 2 3 3 3 3 3 2 3 3 3 3 3 3 3 3 2 3 3 3 2 3 3 3 3 3 1 3 3 2 4 2 3 3 3 3 3 2 3 4 3 3 3 3 3 3 3 3 3 3 3 3 3 2 3 3 2 3 3 3 2 3 3 2 3 2 2 4 4 1 3 3 3 2 2 3 3 2 3 3 1 3 3 3 3 4 3 3 3 4 3 4 2 3 2 3 3 4 3 2 2 3 3 3 2 4 3 3 3 3 3 1 3 1 3 4 3 3 2 2 3 3 3 2 3 3 3 3 3 2 3 2 2 3 4 2 3 3 3 3 3 4 2 4 3 3 3 3 3 3 3 3 3 3 3 3 1 3 2 3 4 4 3 3 2 3 3 3 3 2 2 
Vertex 139: 3 4 2 2 3 2 3 3 3 3 2 2 3 3 2 3 3 2 2 2 3 3 2 3 3 3 3 2 2 3 3 3 3 2 2 2 3 3 3 3 4 2 3 3 3 2 2 2 1 1 3 3 3 2 3 3 3 3 3 2 3 2 3 3 3 3 3 2 3 3 3 2 2 2 3 2 3 3 3 3 3 2 2 3 3 3 3 3 3 3 3 3 3 3 3 2 4 3 3 3 3 3 3 3 3 2 2 3 2 2 3 3 3 3 3 3 3 2 3 3 3 3 3 3 4 3 2 3 3 3 3 3 3 3 3 3 2 2 3 0 3 2 2 3 4 3 3 2 3 3 2 1 3 3 2 3 2 3 3 3 3 3 2 3 3 3 2 3 3 3 3 3 3 2 3 3 2 3 3 2 2 3 3 3 3 2 3 3 3 3 3 4 2 3 3 3 3 3 2 3 3 3 3 3 4 3 3 3 2 3 3 4 3 2 2 3 3 3 3 1 3 3 3 3 3 2 3 3 2 2 3 3 3 3 3 3 4 2 3 3 3 3 3 3 3 3 4 3 3 3 3 3 2 3 3 3 3 2 3 3 2 2 3 3 3 4 2 1 3 3 2 3 2 1 3 2 3 2 3 2 3 3 2 3 2 3 1 3 2 3 3 3 3 2 3 3 2 3 3 3 3 2 2 2 1 3 3 3 2 3 4 3 3 3 2 1 3 4 3 3 3 2 3 3 3 3 3 2 3 2 3 3 4 2 3 3 3 2 2 3 3 3 3 3 3 4 2 3 2 2 3 3 3 3 3 3 3 2 3 3 3 3 3 3 3 3 3 4 3 2 3 3 3 2 3 3 3 2 3 2 3 2 3 3 3 3 3 3 2 3 3 2 2 3 3 3 3 3 2 2 4 3 3 3 3 4 4 3 2 3 2 2 2 3 3 3 3 3 3 3 1 3 3 3 2 3 3 2 3 3 3 3 3 3 3 3 3 3 3 2 3 3 3 3 3 1 3 3 2 3 3 3 3 3 3 2 3 2 3 2 1 2 2 2 3 3 3 3 2 2 3 1 2 2 3 3 3 3 3 3 3 2 3 3 2 2 3 4 2 3 3 3 1 3 3 3 3 3 3 2 
Vertex 140: 3 3 3 3 3 3 4 3 3 4 3 2 3 2 3 3 3 3 4 3 3 3 3 1 3 4 3 3 2 3 3 4 3 3 2 3 3 3 3 3 2 3 2 3 3 4 3 2 3 2 3 4 3 3 3 3 3 3 3 3 3 3 3 3 3 3 3 2 3 3 3 3 2 3 3 3 3 3 3 2 3 3 3 3 3 2 2 3 2 3 4 3 4 3 3 3 3 3 3 3 4 3 2 3 3 4 3 3 3 3 2 3 3 3 3 4 3 3 3 3 3 3 3 3 3 3 3 4 3 3 3 3 3 1 3 4 3 3 3 3 0 3 4 3 3 3 4 3 3 3 3 4 3 2 3 2 3 4 3 4 3 4 3 3 4 3 3 3 3 2 3 3 3 3 2 3 3 3 3 3 2 2 3 1 3 3 2 2 4 3 3 3 3 3 3 3 3 2 3 3 3 3 3 3 3 4 4 3 3 3 4 3 3 3 3 3 4 3 3 3 3 3 4 2 2 3 3 2 4 2 3 4 3 4 3 3 3 3 2 3 3 3 3 3 2 3 4 4 4 3 3 2 3 3 3 2 3 3 4 3 3 3 3 3 2 3 3 3 3 3 2 3 3 3 3 3 3 3 3 3 3 3 3 4 3 3 3 2 2 3 2 3 3 3 3 3 2 3 3 2 3 3 3 2 3 3 2 3 2 2 3 3 3 3 3 2 3 4 3 3 2 4 3 3 3 3 3 2 4 2 3 2 3 3 3 1 3 2 3 2 3 4 3 3 3 1 3 3 1 3 4 2 3 3 2 2 3 3 2 3 2 3 2 3 3 3 2 2 4 2 3 1 2 3 3 3 2 3 3 3 3 3 3 3 4 4 4 4 3 3 3 4 1 4 2 3 4 3 4 3 3 4 3 3 4 3 3 4 3 3 3 3 3 4 3 3 4 3 3 4 3 3 3 4 3 3 3 4 3 2 3 3 3 4 3 3 3 4 3 2 3 2 3 2 2 2 4 3 1 3 2 3 4 2 3 2 4 3 3 3 2 3 3 2 2 4 3 4 3 3 3 2 3 3 4 3 3 2 2 3 3 3 3 3 3 3 2 3 3 3 4 3 3 3 3 4 4 3 2 3 
Vertex 141: 3 2 3 3 3 2 2 3 3 2 2 3 3 2 3 3 2 3 3 2 3 3 3 2 3 3 2 3 3 3 3 4 3 3 3 3 3 3 3 3 3 3 3 3 2 4 3 3 2 3 2 3 4 3 3 3 3 3 3 3 3 3 3 2 2 3 3 3 3 3 3 3 2 2 3 3 3 2 2 3 2 3 2 2 3 3 3 2 3 3 2 3 3 4 3 3 2 3 4 3 3 4 2 3 3 3 3 3 3 3 3 3 2 3 3 3 3 2 4 1 3 2 3 3 3 3 3 3 3 3 3 2 3 3 2 3 3 3 2 2 3 0 2 3 3 3 2 3 3 3 3 2 3 3 3 3 2 3 3 3 3 3 3 3 3 3 3 3 3 3 2 2 1 4 3 3 3 3 2 2 3 3 3 3 3 3 3 3 3 3 3 3 3 3 3 2 3 2 3 3 4 3 2 3 3 3 2 2 3 3 3 2 3 2 3 3 2 3 3 2 3 3 3 2 3 3 3 3 3 3 2 2 3 3 3 3 4 1 2 3 3 2 3 3 3 3 3 3 3 3 4 2 2 3 3 1 3 3 3 3 3 4 3 3 3 3 3 3 2 2 2 3 2 3 3 3 3 3 3 3 3 2 3 3 2 3 3 3 2 3 3 1 2 3 3 3 4 3 3 2 4 3 3 3 3 3 2 3 2 1 2 4 3 3 3 1 3 3 3 2 3 3 3 4 3 3 2 3 3 2 4 3 3 3 3 2 3 2 3 4 3 3 2 3 3 3 3 3 2 2 2 2 1 2 3 2 2 3 4 3 2 3 2 3 2 3 3 3 3 2 2 3 3 3 3 3 2 3 3 3 2 3 2 2 4 3 3 3 3 3 2 3 3 3 3 2 4 3 2 2 3 3 2 3 3 4 3 3 2 3 3 1 3 4 2 3 2 3 3 3 3 1 3 3 2 2 3 3 3 3 3 3 3 2 3 3 3 3 3 3 3 3 3 2 2 3 3 3 3 3 3 3 3 3 4 3 3 3 3 3 3 1 3 3 2 3 3 3 3 3 2 2 2 4 3 2 3 2 2 3 4 3 3 3 3 3 3 2 3 3 3 3 3 3 2 3 3 2 3 3 
Vertex 142: 3 3 2 3 3 2 3 3 3 3 3 3 3 3 2 3 3 4 3 1 3 3 3 4 1 4 3 3 3 3 3 3 3 3 3 3 3 3 3 3 3 3 3 3 2 2 3 3 3 3 3 3 3 3 3 2 3 2 2 3 3 2 2 3 3 3 3 3 2 3 2 2 3 2 1 4 3 3 3 3 3 3 2 2 3 3 2 3 3 2 2 3 2 2 3 4 2 3 3 3 1 3 3 3 3 3 3 3 3 3 3 2 3 3 2 3 4 2 3 3 3 3 3 4 3 3 2 3 3 3 2 3 3 3 3 3 3 3 3 2 4 2 0 4 2 3 3 3 3 2 4 3 3 3 3 3 3 3 3 3 3 1 3 3 3 3 3 3 3 3 3 3 1 4 3 3 3 2 2 3 2 3 3 3 2 3 3 3 4 2 3 2 3 3 1 3 3 3 3 3 3 3 2 3 3 2 3 3 3 3 3 3 3 2 2 2 3 3 3 3 3 4 3 2 3 3 3 4 4 2 3 3 3 3 3 2 3 2 3 3 3 4 3 3 3 3 4 3 3 3 3 3 3 3 3 3 3 3 3 3 3 4 3 3 3 3 2 2 3 3 2 2 3 2 2 3 3 3 3 3 3 3 3 3 2 3 1 3 2 3 2 3 4 3 3 3 2 2 3 3 3 4 4 3 3 2 3 3 3 3 2 3 3 2 3 2 3 3 2 3 3 1 3 4 3 3 3 3 2 3 3 3 3 3 2 3 2 2 2 4 2 2 2 3 3 4 3 2 3 3 2 3 3 2 2 3 2 2 3 3 3 3 3 3 4 3 3 3 3 3 2 3 3 3 3 2 2 3 3 2 3 3 2 2 3 3 3 3 3 3 2 3 3 2 3 3 3 4 3 3 3 3 3 3 2 3 3 3 3 3 2 3 4 3 3 3 3 3 3 3 3 3 2 4 2 2 2 4 3 3 3 3 3 4 1 3 3 3 4 3 3 3 3 2 2 3 3 3 3 3 3 3 2 3 3 3 4 3 3 3 3 3 3 3 2 2 3 3 2 2 3 3 4 4 4 2 3 2 2 3 4 3 2 3 3 2 3 2 4 2 3 3 3 3 3 3 3 2 3 2 
Vertex 143: 2 4 2 3 3 4 4 3 3 3 3 3 3 3 3 3 4 4 3 3 3 3 3 3 4 3 3 3 3 3 3 4 3 2 3 2 3 4 4 3 3 3 3 4 3 3 3 3 2 3 3 3 3 3 3 3 3 4 3 3 3 4 4 2 4 4 3 4 3 4 3 3 3 3 3 4 3 2 3 4 3 3 2 3 3 3 3 3 3 4 3 3 3 4 3 4 3 3 4 3 4 4 4 3 4 4 3 3 4 3 3 3 3 4 3 3 4 3 3 3 3 2 3 2 3 4 4 3 4 3 4 3 3 3 2 3 2 3 3 3 3 3 4 0 3 3 1 4 3 4 3 3 2 3 4 3 3 4 3 4 4 4 4 3 3 3 3 3 4 3 3 3 3 4 3 3 3 3 3 3 3 3 4 3 2 4 3 3 3 3 3 4 3 3 3 2 3 4 1 3 2 3 3 4 3 3 3 3 3 3 3 4 2 4 3 2 4 4 2 3 3 4 2 2 2 3 2 3 2 3 3 3 3 3 4 3 3 3 3 2 4 3 4 3 3 3 3 4 3 3 4 3 2 2 3 3 3 3 3 4 4 3 4 4 2 4 4 3 3 3 4 4 4 4 3 4 3 3 2 3 3 3 3 3 2 3 3 3 4 4 4 3 2 3 3 4 4 3 4 3 3 3 3 2 3 3 3 3 3 3 2 4 3 4 3 3 4 4 2 3 4 3 3 3 4 3 3 4 3 3 2 4 1 4 3 3 3 2 3 3 2 4 3 3 4 3 2 2 4 3 4 3 3 3 4 2 2 4 3 3 4 3 3 3 3 4 2 4 1 3 3 3 1 4 3 3 3 3 3 4 3 3 3 4 3 3 2 3 3 3 3 3 3 3 3 3 3 3 2 3 4 4 3 3 3 3 4 3 4 4 3 2 4 4 3 3 3 2 4 3 3 3 3 3 3 3 2 4 3 2 3 4 3 3 3 3 3 3 4 3 3 3 4 3 2 3 3 1 2 3 3 3 2 3 3 3 3 3 3 2 3 2 4 3 3 4 3 4 3 3 3 3 4 4 3 3 4 3 3 3 3 3 3 3 3 2 3 4 2 4 3 3 3 3 4 3 3 2 4 3 
Vertex 144: 3 3 3 4 2 3 4 4 4 3 2 4 1 3 3 3 3 4 3 3 3 3 3 2 3 4 4 3 3 4 4 4 3 3 4 3 3 3 2 3 3 4 2 3 2 4 3 2 3 3 3 2 3 3 2 3 3 3 2 3 3 3 4 3 3 4 3 3 2 3 2 2 3 2 3 4 2 4 4 3 3 4 3 3 4 2 3 3 2 4 4 4 3 2 3 3 4 3 3 3 1 3 3 4 3 2 4 3 2 4 4 2 3 3 3 4 4 3 2 3 3 4 3 3 3 3 2 3 3 3 2 3 4 4 4 4 3 3 3 4 3 3 2 3 0 3 2 3 3 3 4 3 3 2 4 3 4 4 3 3 4 2 3 4 3 3 2 3 3 1 3 3 3 4 3 3 3 3 1 3 3 3 3 4 3 3 3 3 3 3 3 2 3 3 3 3 3 3 4 2 3 4 3 3 2 1 3 3 3 3 3 3 3 2 3 3 4 3 2 3 3 4 3 3 3 3 4 3 4 3 3 3 3 3 3 2 4 3 3 3 3 4 3 3 4 3 4 3 3 4 3 3 3 3 3 3 3 2 4 3 3 2 3 3 3 3 4 3 4 4 4 3 4 3 3 3 3 4 2 3 4 3 3 3 3 4 3 2 2 3 3 2 2 4 2 4 3 3 3 3 2 3 4 3 3 2 3 3 3 2 1 3 3 3 3 3 4 3 3 2 1 3 3 3 3 2 3 3 3 2 3 4 3 3 3 3 3 4 3 4 3 4 2 4 3 3 3 3 3 2 3 2 3 3 2 3 3 3 2 3 4 3 3 3 3 3 3 2 4 3 4 2 3 3 3 3 3 3 2 2 3 4 3 4 3 3 4 3 2 4 4 3 3 2 3 3 4 2 2 4 3 4 3 3 3 3 3 3 3 2 3 3 3 4 3 3 4 3 1 4 4 3 3 4 2 3 3 4 4 3 3 4 3 3 2 4 3 3 2 3 4 3 4 3 3 4 3 3 3 3 3 3 2 4 3 3 3 3 3 3 3 3 3 3 3 3 3 3 3 2 3 3 3 4 3 3 3 3 3 3 3 4 2 2 3 3 3 4 3 2 3 3 3 2 4 2 2 3 3 3 
Vertex 145: 2 3 1 3 3 3 3 3 1 3 3 3 3 4 3 2 3 2 2 3 3 2 3 2 3 3 4 3 3 3 3 3 3 2 3 3 3 2 2 2 3 2 2 3 3 3 4 3 4 3 2 3 3 2 2 2 2 3 2 3 3 3 3 3 3 3 3 1 3 1 3 2 3 3 4 3 3 3 2 2 3 4 3 3 3 3 3 4 3 3 3 4 3 2 3 2 3 3 3 3 3 3 2 2 3 3 3 3 2 3 2 3 3 2 3 3 3 2 2 3 3 4 3 3 3 3 2 3 2 3 2 2 4 2 2 3 3 3 2 3 3 3 3 3 3 0 4 3 3 3 2 3 3 3 3 3 3 3 3 4 4 3 2 3 3 3 3 3 1 2 2 3 4 2 2 3 4 3 2 3 3 3 3 2 3 3 2 1 3 3 3 3 3 3 3 3 4 2 3 2 3 4 3 3 3 3 3 3 3 3 3 4 3 2 2 2 3 3 2 3 2 3 3 3 2 2 3 1 3 3 2 3 3 3 3 3 3 3 3 2 3 3 2 3 3 1 3 3 2 3 3 1 3 3 3 2 3 3 3 3 3 3 1 3 2 2 3 3 3 3 3 2 3 2 3 3 3 3 4 3 3 2 3 3 3 3 2 3 3 3 3 3 3 2 2 2 2 2 2 3 1 2 3 3 3 3 3 3 2 3 3 2 3 2 2 3 3 3 2 3 3 3 3 3 2 3 3 3 3 3 2 3 3 3 3 4 2 3 3 3 2 3 4 3 3 3 3 3 4 2 3 3 3 2 3 3 3 3 3 3 3 3 3 3 3 3 3 3 2 3 3 3 3 2 3 3 3 3 2 3 3 3 2 3 2 2 3 3 2 3 3 3 2 3 3 2 3 3 3 3 3 3 3 3 2 3 4 3 3 1 3 3 3 2 2 2 3 3 3 3 3 3 3 3 3 2 3 3 3 3 3 2 3 3 3 2 3 4 3 3 3 3 2 2 3 3 3 3 2 3 3 3 3 3 2 3 3 2 2 3 3 3 2 3 3 3 3 3 3 2 3 3 2 3 3 3 1 3 3 3 1 3 2 2 3 3 3 2 3 4 4 3 3 3 3 2 2 3 3 2 
Vertex 146: 3 3 3 2 2 3 3 4 3 2 4 3 3 3 4 4 3 4 3 3 3 3 4 3 4 2 4 3 3 3 3 4 4 3 3 3 3 4 4 3 3 3 3 4 2 3 3 4 3 4 4 2 3 3 3 3 3 4 3 4 2 3 3 3 3 3 3 4 3 4 3 3 2 2 3 4 3 3 3 3 3 3 1 2 3 3 3 3 4 3 3 2 3 4 4 4 2 3 4 4 3 4 3 4 3 3 3 4 3 4 3 3 3 4 3 4 3 3 4 3 4 3 3 3 4 3 3 4 3 3 4 4 3 3 2 4 3 3 3 3 4 2 3 1 2 4 0 3 3 3 4 2 3 2 3 3 3 3 3 4 4 4 3 3 3 3 3 3 4 3 3 2 2 4 3 3 4 3 3 3 3 4 3 3 2 3 3 3 3 4 3 4 2 3 3 2 3 3 2 4 2 3 3 4 3 3 2 3 4 3 4 3 3 3 3 3 3 3 3 3 3 3 3 3 3 3 3 4 3 3 2 3 3 3 3 3 4 3 3 3 4 3 4 3 3 3 4 3 3 3 3 3 3 3 4 2 4 2 3 3 3 3 3 3 2 3 3 2 2 3 3 3 3 3 3 4 4 3 3 3 3 3 3 3 3 4 3 4 3 4 3 3 3 3 2 3 4 3 3 3 4 3 3 3 3 4 3 3 3 2 1 3 3 3 3 2 4 4 3 3 3 3 3 2 4 3 2 4 3 3 3 3 2 3 4 3 3 2 3 3 3 4 3 4 3 4 3 3 3 2 3 3 3 3 3 3 3 3 4 3 3 3 2 2 2 3 3 4 2 2 2 3 2 3 3 3 4 3 3 3 4 2 3 3 4 4 3 3 3 4 3 3 3 2 3 4 4 3 3 3 3 3 3 4 3 3 4 3 3 3 4 1 4 4 3 3 3 3 3 3 4 3 4 2 3 2 3 3 3 3 3 3 3 2 2 3 4 3 3 3 3 4 3 2 3 4 2 2 3 3 4 3 3 3 4 3 3 3 3 1 2 1 3 3 3 3 3 3 3 3 2 3 3 4 4 3 3 2 3 3 4 3 2 3 3 3 4 3 3 3 2 4 2 2 4 2 2 2 3 3 
Vertex 147: 3 3 3 3 3 3 4 2 3 3 3 3 3 3 3 2 3 4 4 3 3 3 2 3 4 3 4 3 3 3 3 2 3 3 4 4 3 3 3 3 2 3 3 3 3 3 3 3 3 2 2 3 3 3 3 2 3 3 3 3 3 3 3 4 3 3 3 3 3 3 3 3 2 2 3 2 4 3 3 3 3 3 3 3 3 3 3 3 3 4 3 3 2 3 3 4 3 2 2 3 2 3 3 3 2 3 2 3 3 3 3 3 3 2 2 3 4 4 3 4 3 4 3 2 3 3 3 2 4 3 1 3 3 3 3 4 2 4 1 2 3 3 3 4 3 3 3 0 1 3 3 3 3 4 4 3 3 3 3 3 4 4 3 3 3 3 3 3 3 2 4 3 4 3 3 2 3 3 3 2 3 2 2 3 3 3 2 2 3 4 2 3 3 3 3 4 2 3 3 3 3 4 4 3 4 3 3 3 2 3 3 4 4 3 3 2 3 4 2 3 3 3 3 3 3 2 4 4 4 3 3 3 4 4 3 3 3 3 3 3 3 3 3 3 3 3 3 4 3 3 4 3 2 3 2 2 3 3 3 3 3 1 2 2 2 3 3 3 3 3 3 3 3 2 3 3 3 2 3 3 3 3 3 4 3 3 3 2 4 3 3 3 3 1 3 4 3 2 3 3 2 3 3 4 3 3 2 3 3 3 3 4 2 3 3 2 3 4 3 3 3 3 3 3 2 3 3 4 3 3 3 3 3 2 3 4 3 3 3 3 3 3 3 4 3 3 3 3 3 3 4 3 4 3 2 2 3 2 1 3 3 3 4 3 4 3 3 3 3 3 4 3 3 3 3 2 3 2 3 2 3 4 3 3 4 3 3 3 3 3 3 3 3 3 2 3 3 4 2 3 3 4 3 3 4 3 3 3 2 2 3 4 3 3 3 4 3 3 3 4 3 3 3 1 3 3 3 2 3 3 3 4 3 3 4 3 3 3 4 3 2 4 2 3 3 3 3 3 3 3 3 4 3 3 3 4 2 3 3 2 2 3 2 4 3 3 3 4 3 3 3 1 3 4 3 3 2 4 3 4 3 3 3 3 3 2 2 3 3 3 4 3 3 3 4 3 4 3 3 3 
Vertex 148: 4 2 3 3 3 3 4 2 3 3 3 3 3 3 3 3 3 3 3 3 3 3 3 3 3 2 4 2 2 3 3 3 3 2 3 3 3 3 3 3 3 3 3 3 3 3 3 2 3 3 3 3 3 3 3 3 2 3 3 3 4 3 3 3 2 2 4 4 3 3 3 3 3 3 2 3 3 3 3 3 4 3 3 2 3 3 3 2 3 3 3 3 1 4 3 3 2 3 1 3 3 2 3 3 1 3 2 3 3 3 4 3 3 3 2 3 4 3 3 4 3 3 2 2 3 3 2 2 3 2 2 3 4 3 3 3 3 3 2 3 3 3 3 3 3 3 3 1 0 2 3 3 3 3 3 3 3 3 4 2 3 3 2 2 3 2 2 2 3 3 3 3 3 3 3 2 3 3 2 2 3 3 2 4 3 3 3 3 2 3 1 3 3 2 3 4 2 3 3 3 3 4 3 3 4 3 3 3 3 2 2 3 3 3 3 3 3 4 3 3 3 3 3 3 3 3 3 4 4 3 3 3 3 3 4 3 3 3 2 2 3 4 3 3 2 2 3 3 3 3 3 3 3 3 3 3 2 2 3 2 3 2 3 3 3 3 3 3 3 2 3 3 3 3 3 3 3 2 2 3 3 3 2 3 2 3 3 1 3 4 3 2 3 2 2 3 3 2 3 3 3 3 3 3 2 2 3 2 3 3 2 3 3 3 3 3 4 4 3 3 3 4 3 3 1 2 3 3 3 3 3 3 3 3 3 3 2 3 2 3 2 2 4 4 3 3 3 3 3 2 3 3 3 2 2 3 3 3 2 3 4 3 3 2 4 2 3 2 3 3 3 3 3 3 2 3 3 1 3 3 3 4 4 2 3 3 2 4 3 2 3 2 3 3 3 3 4 3 1 3 3 3 3 2 3 2 3 3 3 3 3 3 4 3 3 3 3 3 2 3 3 4 2 1 3 3 4 3 3 3 3 3 2 3 3 3 2 3 3 3 2 3 2 3 3 3 2 2 2 3 2 3 3 2 2 3 1 3 3 2 3 3 3 3 3 3 4 3 3 3 2 2 3 3 4 3 3 3 3 3 4 3 2 4 2 2 2 4 3 4 3 3 2 3 3 2 3 4 3 2 
Vertex 149: 3 3 3 2 3 2 4 3 3 3 3 3 3 3 3 3 3 3 3 2 2 2 2 2 3 3 4 2 4 3 4 4 3 3 3 4 3 3 3 3 3 4 3 3 3 3 3 3 3 2 3 2 3 3 3 3 2 3 2 2 4 2 3 3 3 3 4 4 1 2 3 4 3 3 1 3 4 3 2 3 4 2 3 2 3 4 3 3 3 3 3 3 2 3 3 3 3 3 2 3 3 3 3 3 3 3 3 2 3 3 4 3 2 3 3 3 4 3 3 3 2 3 3 3 4 3 3 2 3 3 3 3 3 3 3 3 3 3 2 3 3 3 2 4 3 3 3 3 2 0 3 3 3 4 3 3 3 3 3 3 4 3 2 3 2 3 3 3 3 3 2 3 3 3 2 2 4 3 3 3 3 2 4 4 2 3 3 3 2 4 3 3 3 3 3 3 4 3 3 3 3 3 3 3 4 3 3 3 3 3 3 3 3 3 3 2 3 3 3 4 3 3 2 3 3 2 3 3 3 3 3 3 4 3 4 2 3 3 3 2 4 3 3 3 2 2 4 3 3 3 2 3 3 3 3 3 3 3 3 2 3 3 3 2 3 3 3 3 3 2 3 2 3 3 3 1 3 3 3 3 3 1 3 1 2 4 3 3 2 2 3 2 3 3 2 3 3 3 1 3 3 3 3 3 3 2 3 3 3 3 3 4 2 3 3 3 3 3 3 3 2 2 3 2 1 3 3 2 3 3 3 3 3 3 2 3 3 3 2 3 3 3 3 3 3 3 2 3 3 3 4 2 4 3 2 3 3 4 3 2 2 2 3 3 2 2 3 3 3 3 1 3 4 3 3 3 3 3 3 3 3 3 3 3 3 2 4 3 2 2 3 2 3 3 3 3 3 3 3 3 3 3 2 3 3 3 4 3 3 2 3 3 2 2 3 3 3 2 3 3 2 4 2 3 3 3 2 3 4 3 3 3 3 3 3 3 3 3 3 2 1 3 3 2 3 4 3 3 3 3 3 3 3 2 3 1 3 3 2 3 3 2 3 3 4 3 3 4 3 3 3 3 3 4 3 3 4 3 2 3 4 3 2 3 3 3 3 3 2 3 3 3 3 3 3 3 2 3 3 3 
Vertex 150: 3 3 3 3 3 3 3 4 3 2 2 3 3 3 3 3 3 2 3 3 4 1 4 3 4 3 3 3 3 3 3 3 3 3 2 3 4 2 4 3 3 1 3 3 3 3 2 3 2 2 3 3 4 3 3 3 2 3 3 3 3 3 3 3 3 2 3 3 3 2 3 2 2 3 3 3 4 3 3 3 1 3 3 3 2 4 3 4 4 3 3 3 3 4 3 2 3 3 3 3 4 3 3 3 3 3 1 3 2 3 2 3 3 3 3 2 3 3 3 4 2 3 3 3 3 3 3 3 3 3 3 3 2 3 3 2 3 3 2 2 3 3 4 3 4 2 4 3 3 3 0 3 3 4 4 3 2 3 3 3 3 4 3 3 3 2 3 3 3 3 3 3 3 3 3 2 3 4 3 3 3 3 3 3 2 3 3 3 3 4 4 3 3 3 3 4 3 2 3 4 4 2 3 2 3 3 3 3 3 3 3 3 4 3 3 3 3 4 3 1 2 3 3 3 3 3 3 3 3 2 3 3 3 3 4 4 3 2 3 3 4 3 3 3 3 1 2 1 3 2 2 2 3 3 4 3 3 3 3 3 4 2 2 3 3 3 3 2 3 3 3 3 3 3 3 2 3 2 4 2 3 2 3 2 3 3 3 4 3 3 3 3 3 2 3 4 2 3 3 3 3 3 3 3 2 2 2 3 3 3 3 3 3 3 3 2 2 4 3 2 4 3 2 3 2 2 3 3 2 3 2 2 3 4 3 3 3 3 3 4 2 4 3 3 4 2 4 4 3 3 3 3 3 3 2 1 2 3 3 3 3 4 2 3 3 3 3 3 3 3 2 3 4 3 3 3 3 3 3 3 3 3 4 3 3 3 3 2 2 3 3 2 3 3 2 3 2 3 3 3 3 3 3 3 2 3 3 3 4 3 3 3 1 2 3 2 3 3 4 3 3 3 2 2 3 3 2 3 2 3 3 3 3 2 4 3 3 2 3 3 3 3 3 3 3 3 3 2 3 3 4 3 2 2 4 3 4 2 3 3 3 3 3 3 3 3 4 2 3 3 3 3 3 3 4 3 3 3 3 3 3 2 3 3 3 3 3 3 1 3 3 3 3 2 1 2 3 3 3 3 
Vertex 151: 2 3 3 3 2 2 3 4 3 3 3 3 3 3 2 3 4 3 1 3 3 3 2 3 4 3 3 3 3 3 3 3 3 3 3 1 4 3 3 2 3 3 3 3 3 3 3 3 2 2 3 3 3 3 3 4 3 3 3 3 2 3 3 3 2 3 3 2 3 3 3 3 3 3 3 3 3 4 3 3 4 3 3 2 2 3 2 4 3 3 2 4 3 4 2 3 4 3 3 2 2 3 2 2 3 3 3 3 2 3 3 3 4 3 3 3 3 3 3 3 2 3 2 3 3 2 3 3 4 3 3 3 2 4 3 3 3 3 3 1 4 2 3 3 3 3 2 3 3 3 3 0 3 3 1 3 3 3 3 3 4 2 3 3 2 3 2 3 3 3 2 2 3 3 2 2 3 3 3 1 2 3 3 3 3 3 3 3 4 3 3 3 3 3 3 2 3 3 3 3 2 3 3 3 3 3 2 3 3 2 3 3 3 2 3 3 3 3 3 2 3 3 2 2 3 2 3 3 1 2 4 3 3 3 2 3 3 3 3 3 4 2 3 2 3 2 3 3 2 3 3 3 3 3 3 2 2 3 3 3 2 3 3 3 3 3 3 2 4 3 3 2 3 2 3 3 4 3 3 3 3 3 3 3 2 3 2 3 3 2 3 3 3 3 3 3 3 2 3 3 3 2 2 3 2 3 3 3 3 3 3 4 3 2 3 2 4 3 3 3 4 3 3 2 3 3 3 3 2 3 4 3 4 1 3 3 2 3 3 3 2 3 3 3 3 3 1 3 3 3 3 2 3 3 3 3 3 3 3 2 3 2 2 3 3 3 3 3 2 2 3 3 3 2 3 3 2 3 3 3 2 3 2 3 4 2 2 3 3 3 2 3 3 3 3 3 4 3 3 3 3 4 3 3 3 3 4 3 3 3 2 1 3 3 3 4 3 2 4 4 2 3 3 2 2 2 3 3 2 3 3 3 3 2 3 3 3 3 3 2 3 3 3 2 4 2 3 3 3 3 3 3 3 3 3 2 4 1 3 2 2 3 3 3 3 3 3 4 3 1 2 2 3 2 3 3 3 2 4 2 2 3 3 3 3 2 3 3 3 3 3 3 2 3 3 3 3 4 3 3 
Vertex 152: 2 3 2 3 2 3 4 3 3 3 3 3 2 3 1 2 3 3 3 3 2 2 2 2 4 4 4 3 3 3 3 3 3 3 2 2 2 3 3 3 3 3 3 2 3 3 3 2 3 3 2 3 2 3 3 3 3 2 3 2 3 3 3 4 3 3 2 2 2 3 3 3 3 2 3 3 3 3 3 3 3 3 2 3 2 2 2 3 1 2 3 3 3 3 3 3 3 3 2 3 2 3 2 3 2 3 3 2 3 3 3 3 2 3 3 3 3 3 3 3 3 3 3 2 3 2 2 3 2 3 3 2 3 3 2 3 2 3 3 3 3 3 3 2 3 3 3 3 3 3 3 3 0 3 3 2 3 2 4 3 3 3 2 3 3 3 3 3 3 3 2 3 3 3 2 3 3 2 3 3 3 3 2 3 3 3 2 3 3 3 3 3 2 3 3 3 3 3 3 3 3 3 2 3 3 2 2 3 2 3 2 3 3 2 3 2 2 3 1 3 3 3 3 3 3 3 2 3 3 3 2 2 3 2 3 3 3 3 2 3 4 2 3 2 3 3 3 3 3 3 3 2 3 2 3 3 3 2 3 3 2 2 3 2 3 3 2 2 3 2 3 3 3 3 1 2 3 2 3 2 2 3 3 3 3 1 2 2 3 3 2 3 3 3 3 3 2 3 2 3 4 3 2 3 3 3 2 3 2 3 3 3 2 2 2 3 2 4 3 2 3 3 3 3 2 3 3 2 3 2 3 2 2 3 2 3 2 3 1 2 2 4 3 2 2 3 2 2 3 3 3 2 3 3 2 2 2 2 3 1 3 3 3 1 3 3 3 3 1 3 2 2 3 3 3 3 3 3 3 2 3 3 3 2 3 2 3 3 2 1 3 3 3 1 3 3 2 3 3 2 3 2 3 3 3 3 3 2 3 2 2 2 3 2 2 2 3 3 3 3 3 3 2 3 3 2 2 4 1 2 3 3 3 1 2 3 1 3 3 3 3 3 2 2 3 3 3 3 3 3 2 3 3 3 2 3 3 3 1 3 3 3 2 3 3 3 3 3 3 2 3 3 3 3 3 2 3 3 3 3 2 3 1 3 1 3 3 3 4 3 2 2 3 3 3 4 3 3 3 2 
Vertex 153: 3 3 2 3 3 4 4 2 3 3 4 3 3 4 4 3 3 3 4 3 4 4 3 3 3 3 3 3 3 3 3 3 3 3 3 3 3 3 2 3 3 3 1 4 2 4 3 3 3 4 3 4 4 3 2 3 3 3 3 3 2 2 4 3 3 3 3 3 3 3 4 4 2 3 3 4 3 3 3 3 4 4 1 3 3 3 2 3 4 3 3 3 3 4 4 3 3 3 3 4 3 4 3 3 3 2 4 3 3 3 3 3 3 3 3 2 4 3 2 3 4 3 2 4 3 4 3 4 3 3 3 3 3 3 4 4 3 3 3 3 2 3 3 3 2 3 2 4 3 4 4 3 3 0 3 4 3 4 4 3 4 3 3 3 3 3 3 4 3 3 3 3 2 4 3 3 3 2 3 2 3 3 2 2 2 2 3 3 3 2 2 4 1 1 3 3 4 3 4 4 3 3 4 3 3 3 3 3 3 3 4 4 4 3 3 3 3 4 4 3 3 4 3 3 3 3 4 3 3 2 3 3 4 2 3 2 3 3 2 3 2 3 3 3 3 4 4 3 3 3 3 3 3 2 3 3 3 2 3 2 3 4 2 3 3 3 2 2 3 3 3 3 3 3 4 4 3 3 2 3 3 3 4 3 3 3 3 2 2 3 3 3 3 3 3 3 3 2 3 2 4 3 3 3 3 3 4 3 3 3 3 3 4 3 3 2 3 4 3 3 2 3 3 3 4 2 3 3 4 4 3 3 4 3 3 3 3 4 3 3 3 2 3 3 3 2 3 3 1 3 3 3 3 3 3 3 3 3 3 4 4 3 3 2 3 3 4 3 3 3 4 3 3 3 3 3 3 3 3 3 2 2 3 3 4 3 4 3 3 3 3 3 3 3 3 4 4 3 3 3 3 4 3 3 3 2 4 3 3 2 3 2 4 3 3 2 3 3 1 3 3 4 3 3 3 3 3 4 4 3 3 3 2 3 3 3 3 4 3 3 3 3 3 3 2 2 4 4 3 3 4 2 3 4 3 3 3 3 2 3 2 3 3 3 2 3 2 3 3 3 3 3 3 4 4 3 3 1 2 4 4 3 2 3 3 3 3 3 3 3 2 3 3 3 3 4 3 3 3 2 
Vertex 154: 3 3 4 3 3 3 3 3 3 3 4 4 3 3 3 4 4 3 2 3 4 4 3 4 4 4 4 4 3 4 2 3 4 3 4 2 4 3 4 3 3 3 4 3 3 4 4 4 3 3 4 4 4 4 3 3 3 3 3 3 1 4 3 2 3 3 3 3 3 3 3 3 3 3 3 4 3 3 3 4 4 4 2 2 3 4 3 4 3 2 3 3 4 4 3 4 3 4 4 3 3 3 3 3 4 4 3 4 3 4 4 3 4 4 3 4 4 3 3 4 3 3 3 3 3 3 4 4 4 4 3 4 3 3 3 3 3 4 4 2 3 3 3 4 4 3 3 4 3 3 4 1 3 3 0 4 3 3 3 4 4 3 3 3 3 3 3 4 4 3 3 3 3 4 3 2 4 3 3 2 3 3 4 4 3 3 2 4 3 4 3 4 3 4 2 3 3 3 4 4 3 3 3 4 4 4 3 4 4 3 4 4 4 2 3 3 4 4 4 3 3 4 3 3 4 3 3 3 2 3 3 4 3 3 2 4 4 4 4 4 4 3 3 3 4 3 2 3 3 4 2 2 4 3 4 3 3 3 4 3 3 4 4 4 4 4 3 3 3 3 4 3 3 3 2 4 3 4 4 4 4 2 3 4 3 3 3 4 4 3 3 3 2 4 3 4 4 3 3 3 3 3 3 4 3 4 4 4 4 3 3 4 3 3 3 3 4 4 2 3 3 4 4 3 2 3 3 4 2 3 4 4 3 2 3 4 3 3 4 2 3 3 4 3 3 4 2 3 4 3 4 3 3 3 3 3 3 4 4 3 3 3 3 3 4 3 3 3 3 3 3 2 3 3 4 4 3 3 4 3 3 3 3 3 4 3 3 4 3 3 3 3 3 4 3 3 3 4 4 2 2 4 2 4 3 3 3 3 4 3 3 2 4 3 4 3 4 3 4 4 3 3 3 3 3 3 4 3 3 3 3 4 4 3 3 3 3 3 2 3 4 4 4 1 3 3 4 4 4 4 4 4 4 3 3 3 3 2 2 3 3 2 3 3 4 2 4 4 4 2 3 3 3 3 3 4 4 3 3 3 3 4 3 3 4 3 4 3 4 4 3 4 3 4 3 2 4 3 4 4 
Vertex 155: 3 3 3 3 3 3 4 3 3 3 3 3 2 2 2 3 3 3 2 2 4 3 3 3 3 3 3 3 3 3 2 3 3 3 1 3 2 3 2 3 3 3 3 3 3 3 3 2 3 2 4 3 3 3 3 3 3 2 3 1 3 3 3 2 4 3 3 2 3 3 3 2 3 3 3 4 3 3 2 2 2 3 3 2 3 3 2 3 3 3 4 3 3 3 3 3 3 3 2 3 2 3 3 2 3 3 2 3 2 3 3 1 3 3 3 3 4 3 3 3 2 2 3 2 3 2 1 3 3 3 3 3 3 2 2 3 3 2 2 3 2 3 3 3 3 3 3 3 3 3 3 3 2 4 4 0 3 2 3 3 3 3 3 3 3 3 3 3 3 3 3 3 3 3 3 3 3 2 3 2 2 2 2 3 3 3 3 2 3 3 2 3 3 3 3 2 2 3 3 3 3 3 3 3 3 4 3 3 2 3 3 2 3 3 3 3 3 3 3 3 2 2 3 3 3 3 4 4 3 3 2 3 3 3 3 3 3 3 3 2 3 3 2 4 3 3 3 4 3 3 3 3 3 3 3 3 3 3 3 3 3 3 3 3 3 3 3 2 3 3 2 3 3 2 3 3 3 3 3 3 2 3 3 2 3 3 3 3 2 3 3 3 3 3 3 3 3 2 3 3 3 3 3 2 2 3 1 3 3 3 3 2 3 3 2 3 3 3 3 3 2 3 1 3 2 3 3 3 3 2 2 2 3 3 2 3 2 2 3 2 3 3 3 3 3 3 3 3 3 3 4 3 3 2 2 3 3 3 3 2 2 3 3 3 2 3 2 1 3 3 2 2 3 3 2 2 3 3 3 3 3 3 3 2 2 3 3 2 3 1 3 3 1 2 2 3 3 3 2 3 3 3 3 3 4 2 2 3 3 3 3 2 3 2 3 3 3 3 3 4 3 2 3 3 3 3 4 3 3 2 3 3 3 3 3 2 3 3 2 2 2 3 3 3 3 4 3 2 3 3 2 2 3 1 3 3 3 3 2 3 2 3 3 2 3 2 3 3 3 3 3 3 3 3 4 3 2 3 4 4 3 3 3 3 3 1 2 3 3 3 3 3 3 3 2 4 3 3 3 3 
Vertex 156: 3 2 3 3 3 3 3 2 2 3 3 3 3 3 2 2 2 2 3 2 3 3 3 3 3 3 3 3 3 3 3 2 2 3 3 3 2 3 2 2 3 3 3 2 2 2 2 3 3 2 2 2 3 3 2 3 3 3 2 3 2 3 3 3 3 3 2 3 3 3 3 2 3 3 2 3 3 2 2 2 3 3 3 3 1 3 2 3 2 2 2 3 3 3 3 3 4 3 3 3 3 2 3 3 2 2 2 3 3 2 3 4 3 2 3 3 3 2 3 2 3 3 3 2 3 3 3 3 3 4 3 3 3 3 3 2 2 3 3 2 3 2 3 3 4 3 3 3 3 3 2 3 3 3 3 3 0 2 3 2 4 3 3 2 3 2 2 3 3 3 3 3 3 3 3 3 3 3 3 2 2 3 1 3 3 3 3 2 3 3 3 3 2 3 2 3 3 2 4 3 3 2 3 3 3 3 3 1 3 2 2 3 3 2 3 2 3 3 3 2 3 3 3 2 3 3 3 2 4 2 3 2 3 3 3 3 3 2 2 3 4 3 3 3 3 3 2 1 3 2 2 3 3 2 3 2 3 3 2 2 2 2 3 3 1 2 2 3 3 1 3 2 2 3 3 2 1 2 3 3 2 3 3 3 2 2 3 3 3 3 3 3 3 2 2 3 3 3 3 2 3 3 3 3 3 3 3 3 2 3 3 3 3 3 3 1 2 3 2 2 4 3 2 3 2 2 3 2 3 4 3 2 2 3 1 3 3 3 3 3 3 3 3 3 3 3 3 3 2 3 3 3 3 3 2 3 2 1 3 3 3 3 3 3 3 3 3 2 3 2 3 3 3 2 3 2 3 4 4 3 3 3 3 3 3 3 2 3 3 2 2 2 3 3 2 1 2 3 3 1 3 2 2 3 2 3 3 2 3 3 2 3 3 3 3 2 2 4 3 2 3 3 1 3 2 3 3 3 3 3 2 2 1 2 3 3 3 2 3 2 4 3 3 3 3 3 3 3 2 2 3 3 3 2 3 2 2 3 3 3 3 2 2 3 2 3 3 2 2 2 2 2 3 4 3 2 3 3 3 2 3 3 3 3 2 3 3 2 3 4 3 3 3 3 1 3 3 3 3 3 
Vertex 157: 3 3 2 3 2 3 3 3 3 3 3 3 3 3 2 2 3 2 3 3 3 4 1 3 2 4 4 3 3 3 3 3 3 3 3 3 2 3 3 2 3 3 3 2 3 3 3 3 3 2 3 2 3 3 2 3 3 3 3 3 2 3 3 3 3 3 3 2 3 3 3 3 3 2 3 3 2 3 2 2 3 2 3 3 3 3 2 3 3 2 2 3 4 3 2 4 4 3 3 2 3 3 2 3 4 2 3 2 3 2 2 3 3 3 3 3 4 3 3 3 3 4 3 2 3 2 2 3 3 4 3 3 3 3 3 3 3 3 3 3 4 3 3 4 4 3 3 3 3 3 3 3 2 4 3 2 2 0 3 3 4 3 3 2 2 3 3 4 3 3 3 3 3 3 2 3 3 2 3 3 3 3 3 3 3 2 3 3 3 4 3 3 3 4 3 3 4 2 3 3 3 2 2 3 3 4 3 3 2 3 3 3 3 3 3 2 3 2 3 3 3 4 3 3 3 3 3 3 3 3 3 3 4 3 3 2 4 3 2 3 4 3 3 3 3 3 3 3 3 4 3 3 2 2 3 3 4 2 2 2 3 3 3 3 3 3 3 2 1 3 3 3 3 3 2 3 3 3 4 1 3 3 3 3 2 2 3 3 3 2 4 3 3 3 3 3 4 3 3 3 4 3 3 2 3 3 2 2 3 3 4 3 3 3 3 3 3 3 3 2 3 3 3 3 2 4 3 3 3 3 3 2 4 3 2 3 3 3 3 3 3 4 3 3 3 3 3 3 3 2 3 3 2 1 3 2 3 3 3 3 4 3 3 3 2 3 3 3 3 2 3 4 3 2 3 2 4 2 3 2 3 3 3 3 3 3 2 3 3 1 3 3 3 3 3 3 3 3 4 1 3 3 3 3 2 3 1 2 3 3 3 4 3 2 3 3 3 2 3 4 4 3 2 3 3 4 3 2 3 3 2 3 3 3 3 3 3 2 3 3 2 3 3 3 3 3 2 3 3 2 3 3 3 3 3 3 3 3 2 3 3 2 3 3 3 2 3 3 2 2 3 2 3 4 3 3 3 3 2 3 4 2 3 4 3 3 3 3 3 4 3 3 3 3 3 3 3 4 3 2 
Vertex 158: 3 2 3 3 3 3 2 3 4 3 3 3 3 3 3 3 3 3 3 3 2 3 4 4 3 4 3 3 3 3 3 4 2 3 2 3 3 4 3 2 3 3 3 3 4 4 3 2 3 3 3 1 3 3 3 3 4 4 3 3 4 3 4 4 3 2 3 3 4 3 2 2 3 4 3 4 3 4 3 3 3 3 3 2 3 3 4 3 3 3 4 3 3 4 3 1 3 3 3 4 3 3 3 3 4 4 4 3 2 3 4 3 3 3 4 3 3 3 3 3 3 1 3 3 3 4 3 3 3 3 4 3 2 3 4 2 2 3 2 3 3 3 3 3 3 3 3 3 4 3 3 3 4 4 3 3 3 3 0 3 5 3 3 3 4 3 2 2 2 3 3 3 4 4 3 4 4 3 2 3 2 1 3 3 4 4 3 3 4 4 3 3 3 3 3 4 3 3 4 3 3 4 4 4 3 3 3 2 4 2 3 2 3 2 3 3 4 3 3 2 3 3 3 2 3 2 3 4 3 4 3 3 3 4 3 3 3 2 3 3 3 3 2 3 3 2 3 3 3 4 3 3 2 3 3 3 4 3 3 3 3 3 3 3 3 3 4 2 3 3 4 2 3 3 3 4 3 3 4 3 3 2 3 2 3 3 4 4 3 3 4 3 4 3 3 4 3 4 3 2 3 4 4 3 3 3 3 3 3 4 4 3 3 3 3 3 3 2 3 3 4 3 3 2 3 4 3 4 1 3 2 3 3 3 3 3 3 3 3 3 3 4 2 2 3 2 4 3 3 3 3 3 3 3 3 3 3 3 4 3 3 3 4 3 3 4 4 3 4 3 4 3 3 3 4 2 3 3 3 3 3 3 3 3 3 3 3 4 3 4 3 2 2 4 2 3 3 4 3 3 3 2 4 4 3 2 4 2 4 3 3 3 3 3 3 3 3 3 4 3 4 3 3 4 2 2 3 3 3 3 2 3 3 4 4 4 3 3 3 3 3 3 3 3 3 3 3 3 4 4 2 4 2 3 4 3 3 3 3 3 3 4 3 3 3 4 4 3 3 2 4 3 3 3 3 3 4 3 3 2 2 3 3 3 3 3 4 2 3 4 4 3 3 3 3 3 3 4 2 3 
Vertex 159: 3 1 3 3 2 3 4 3 3 4 3 3 3 4 2 3 2 3 3 3 3 4 2 3 3 3 4 3 3 3 2 3 3 3 3 4 4 3 2 2 3 3 3 3 3 2 3 3 2 3 3 2 3 3 3 3 3 2 3 3 3 3 3 3 3 3 4 4 3 3 2 3 3 3 3 4 3 3 3 4 4 2 3 3 3 3 3 3 3 2 3 3 3 4 3 2 2 3 3 3 3 3 3 3 3 1 3 3 3 1 3 2 3 3 3 3 3 3 3 4 3 4 3 4 3 3 3 2 3 3 2 2 3 3 4 3 3 1 4 3 4 3 3 4 3 4 4 3 2 3 3 3 3 3 4 3 2 3 3 0 4 3 3 3 3 3 3 4 3 3 2 2 2 4 3 2 2 3 3 2 3 3 3 4 3 3 3 3 3 3 2 3 3 3 2 3 2 3 3 3 3 3 3 1 2 3 3 3 4 3 2 4 3 3 2 3 3 3 4 3 2 4 3 3 2 3 3 3 3 3 3 4 3 3 3 2 2 3 3 2 4 3 3 4 2 3 2 2 3 3 3 4 3 3 3 3 1 3 3 3 4 3 3 3 3 3 3 2 3 3 3 3 2 3 3 3 3 2 3 3 3 3 3 3 3 3 3 3 3 3 3 3 2 3 3 3 4 2 3 3 3 3 3 3 4 2 3 3 3 3 4 3 3 2 2 3 2 3 2 3 4 3 3 2 2 3 4 3 4 3 3 3 3 3 2 3 3 3 3 3 3 3 3 3 4 3 3 3 3 3 1 3 3 3 3 3 3 3 3 3 3 4 3 4 2 2 2 3 4 4 3 4 3 3 4 3 2 3 4 4 2 3 2 3 3 3 3 3 2 3 2 3 3 3 3 3 3 3 3 2 4 2 3 3 2 3 3 2 1 3 2 3 4 3 3 3 2 3 2 4 2 3 1 3 3 3 4 3 3 3 3 2 3 3 3 3 3 3 4 2 3 3 4 3 3 3 3 3 3 3 3 3 4 3 4 3 2 4 3 3 2 4 3 3 4 3 3 2 3 3 3 3 3 4 3 3 3 3 2 3 3 3 3 3 3 3 3 3 4 4 3 3 2 3 3 3 4 3 3 2 
Vertex 160: 4 3 4 4 3 4 4 4 4 3 4 3 4 4 3 2 4 4 3 4 3 4 4 3 4 5 3 4 4 4 2 3 4 4 3 4 4 4 4 4 4 4 4 3 4 4 3 3 2 2 4 4 4 3 3 4 4 4 4 4 3 4 4 4 4 3 4 5 3 4 4 4 4 4 3 2 4 4 4 4 3 3 3 4 3 4 4 4 4 3 3 3 3 5 4 4 3 4 2 4 3 4 4 3 3 4 2 4 3 3 4 4 3 4 4 4 5 3 4 4 4 4 4 4 4 4 4 4 4 4 3 4 4 3 4 4 3 4 3 3 3 3 3 4 4 4 4 4 3 4 3 4 3 4 4 3 4 4 5 4 0 2 4 4 4 4 4 5 3 4 4 4 2 3 4 2 3 4 3 3 4 4 3 4 4 4 3 4 4 3 4 3 4 4 3 4 4 3 3 4 4 4 4 4 4 4 3 4 4 3 4 4 4 3 3 4 4 4 4 3 4 2 4 4 4 4 4 4 3 4 3 3 4 4 4 3 4 3 4 4 4 5 4 3 4 4 3 4 4 3 4 3 4 3 3 4 3 4 4 3 4 3 3 4 3 4 4 4 3 3 1 4 4 4 4 3 4 4 4 3 4 4 4 4 3 4 4 4 4 4 4 3 3 3 4 4 4 4 3 3 4 3 3 3 3 4 2 4 4 3 4 4 4 4 3 3 4 5 4 4 4 4 3 4 3 4 4 3 4 3 4 3 4 3 4 2 4 4 3 4 4 4 3 3 3 4 4 3 3 3 3 3 4 3 4 4 3 4 3 4 4 4 4 4 4 3 4 3 4 2 4 4 4 4 4 4 4 4 4 4 4 4 3 3 5 4 4 5 4 3 2 3 3 4 4 4 5 4 4 3 3 3 4 4 4 3 3 3 4 4 4 4 3 3 4 4 4 3 5 4 4 3 3 3 4 4 4 4 4 3 3 2 4 4 4 3 4 4 3 4 3 4 3 3 3 4 4 4 3 4 4 4 3 4 4 4 4 4 4 4 4 3 4 4 4 3 4 3 4 4 4 3 4 4 2 3 4 3 2 4 3 4 2 4 3 3 3 4 3 4 4 4 4 4 4 4 4 4 3 4 
Vertex 161: 3 3 2 3 2 3 4 4 3 3 4 4 2 4 3 3 3 4 3 2 2 3 4 3 2 4 4 3 3 3 4 3 3 3 3 3 3 4 4 3 3 4 3 3 3 3 3 2 3 4 3 2 4 3 2 3 3 3 3 3 4 3 3 3 4 3 4 3 2 3 2 2 3 3 2 3 3 3 2 3 3 4 3 3 2 2 3 3 3 3 3 3 3 3 3 3 3 3 4 3 2 4 3 2 3 4 3 3 3 3 4 3 3 3 3 3 4 1 3 2 4 4 3 3 3 3 3 3 3 3 3 2 4 4 4 3 2 2 3 3 4 3 1 4 2 3 4 4 3 3 4 2 3 3 3 3 3 3 3 3 2 0 4 3 2 3 3 3 3 2 3 2 2 4 3 3 4 3 1 3 3 3 4 3 3 3 3 3 3 1 3 1 4 3 2 3 3 4 4 3 4 2 3 3 3 3 3 3 3 3 3 3 2 2 2 3 3 2 4 3 3 4 3 3 3 3 3 4 3 3 3 3 4 4 3 1 4 3 2 3 4 3 3 3 2 3 4 3 3 3 3 3 3 2 3 2 3 3 3 4 3 3 3 3 3 3 3 3 3 3 3 3 3 3 3 3 3 3 3 3 3 3 3 2 3 2 2 3 2 3 3 2 3 3 3 4 3 3 4 3 3 4 3 3 3 3 3 3 3 3 3 2 2 3 3 3 3 3 3 2 3 2 3 3 3 3 3 3 3 4 3 3 3 3 3 3 3 3 3 4 3 3 1 4 3 3 3 2 3 3 3 3 3 2 2 3 3 3 3 3 3 3 3 3 4 2 3 3 3 3 3 3 3 3 3 3 2 3 2 3 4 4 1 3 3 3 3 4 3 4 3 3 3 3 3 4 4 3 2 3 3 3 3 3 2 3 2 2 3 2 3 3 3 3 2 3 3 3 3 4 3 2 3 4 3 3 2 3 3 3 2 4 3 3 2 3 3 3 4 3 4 2 3 3 3 2 2 3 3 4 4 3 2 4 4 3 3 3 3 3 4 3 3 2 3 1 3 3 3 2 3 3 3 3 3 3 3 2 3 3 4 3 3 3 3 3 4 3 3 3 4 3 3 2 4 2 3 3 3 3 
Vertex 162: 3 3 3 2 3 2 3 3 3 3 3 4 2 3 3 3 2 3 4 2 4 4 2 2 3 3 4 3 3 1 3 4 3 2 4 3 4 4 4 3 2 2 2 4 3 3 3 3 3 3 3 3 3 2 3 2 2 3 2 3 3 3 3 3 2 3 2 3 2 3 4 3 3 3 3 3 3 3 3 3 3 3 3 3 3 3 3 3 1 3 3 4 3 3 3 4 3 3 2 3 3 3 3 3 1 2 2 3 3 3 4 4 3 3 1 3 3 3 4 4 3 3 3 3 4 3 3 3 3 3 3 2 3 2 2 4 3 4 2 2 3 3 3 4 3 2 3 3 2 2 3 3 2 3 3 3 3 3 3 3 4 4 0 3 3 3 3 3 3 3 3 2 3 4 3 3 2 2 3 3 3 3 3 4 2 4 3 3 3 3 2 3 3 3 2 3 3 2 4 3 3 3 3 2 3 3 3 3 4 3 3 3 3 2 3 2 3 3 3 3 3 3 3 3 3 2 3 3 2 3 3 3 3 2 2 3 4 2 2 3 3 3 3 3 3 3 4 3 3 3 3 1 2 3 3 2 3 3 3 3 3 3 2 2 3 3 3 3 3 3 4 3 2 3 3 3 3 3 2 3 3 3 2 3 3 3 3 2 3 3 3 3 3 3 2 4 3 3 3 3 3 3 3 3 3 2 3 3 3 3 3 3 3 3 3 3 3 3 3 2 2 3 3 3 3 3 3 2 2 2 3 3 3 2 3 4 2 2 2 3 3 2 3 3 3 3 3 2 3 3 3 2 3 3 3 3 3 2 3 3 2 1 2 3 3 3 3 3 3 3 3 3 3 3 3 3 2 2 3 3 1 4 3 2 4 3 3 3 3 3 4 3 3 3 3 3 3 3 3 3 3 3 3 4 3 3 4 2 3 3 3 2 3 3 3 2 3 3 3 3 3 3 3 3 3 1 3 2 2 2 2 4 2 3 3 2 3 3 4 3 1 3 3 2 3 3 2 3 3 3 3 2 3 3 3 3 3 3 3 2 3 3 3 3 3 3 3 3 3 2 3 3 3 4 3 3 3 3 3 3 3 4 2 2 3 3 2 2 3 3 3 3 1 3 3 3 4 3 3 3 
Vertex 163: 3 2 2 3 2 3 2 2 2 3 2 3 3 3 2 3 2 3 3 2 3 3 3 3 3 3 3 3 3 2 3 3 2 2 2 3 3 3 2 3 3 2 3 2 3 3 3 3 3 3 3 2 3 2 2 3 3 3 2 2 3 3 2 3 3 1 3 3 2 3 4 3 3 2 3 3 2 3 3 2 2 3 2 3 2 3 2 3 3 3 3 2 2 3 3 3 2 3 3 3 3 2 1 3 2 3 3 2 2 2 3 3 2 3 3 3 3 2 2 3 3 3 2 3 4 3 3 4 3 3 3 3 3 3 3 3 3 2 3 3 3 3 3 3 4 3 3 3 2 3 3 3 3 3 3 3 2 2 3 3 4 3 3 0 2 2 2 4 3 3 3 3 3 3 3 2 3 2 3 3 2 3 2 3 1 3 3 4 3 3 2 3 2 2 2 3 3 2 2 3 3 2 3 3 3 3 2 2 3 2 3 2 3 3 1 2 3 3 3 3 3 3 3 3 3 2 3 4 2 3 3 3 3 3 3 2 3 3 3 1 3 3 3 3 3 3 3 2 2 4 1 3 3 3 3 2 3 2 2 2 3 3 3 2 3 3 3 2 3 3 3 3 3 2 2 3 3 2 3 1 2 2 3 3 3 3 3 3 3 3 3 3 3 3 2 3 3 3 3 3 4 3 3 3 3 2 3 2 3 3 3 2 3 3 3 3 4 4 3 2 3 2 3 3 3 2 3 2 2 3 3 2 2 3 3 3 2 3 3 3 3 2 3 3 4 2 2 3 3 2 3 3 3 2 2 2 3 3 3 3 3 3 3 3 3 3 3 3 3 2 3 3 3 2 3 3 3 3 3 3 3 2 2 2 4 3 2 2 3 3 3 2 2 3 3 3 3 3 3 2 3 2 3 3 2 3 3 1 4 3 2 3 3 2 3 3 2 3 3 2 3 3 3 3 2 3 3 2 3 2 3 3 1 3 3 3 2 1 2 1 2 2 4 3 3 3 1 3 3 4 3 3 2 3 3 3 1 3 2 2 3 3 2 3 3 3 2 2 3 2 3 3 3 4 2 3 2 2 2 3 3 3 3 2 3 3 3 3 4 3 3 3 3 3 3 3 3 3 3 3 
Vertex 164: 2 3 3 2 2 3 3 3 2 3 3 4 3 3 3 3 2 3 3 3 3 3 3 3 3 4 4 3 3 3 3 4 3 3 3 3 4 2 4 3 4 3 4 3 3 3 3 3 3 3 3 3 4 3 3 4 3 3 3 3 4 3 2 4 2 2 4 3 2 2 4 3 3 3 3 3 3 4 3 3 3 4 3 3 3 2 2 4 3 3 3 2 3 4 3 3 3 3 3 2 4 3 3 2 3 3 3 4 3 2 3 3 4 3 3 3 4 3 2 4 2 4 3 3 4 4 3 4 3 4 3 2 4 3 3 3 3 2 3 3 4 3 3 3 3 3 3 3 3 2 3 2 3 3 3 3 3 2 4 3 4 2 3 2 0 3 2 3 4 2 4 3 3 3 2 3 3 3 3 2 3 3 4 3 2 3 3 3 4 3 3 3 4 2 2 3 3 3 3 3 4 3 3 4 3 4 1 3 3 3 3 3 3 3 3 3 3 3 4 2 3 4 3 3 3 3 3 3 3 3 4 4 2 4 4 1 2 3 3 3 4 2 3 3 2 4 4 2 3 2 1 3 3 3 3 3 3 3 3 4 4 3 3 4 3 3 3 3 3 2 3 3 3 3 3 3 4 1 3 3 3 3 4 3 3 3 3 4 3 4 2 3 3 4 3 2 4 1 3 3 3 3 3 3 4 3 3 3 3 3 4 3 3 3 3 3 3 4 3 2 3 3 2 3 3 3 2 4 3 4 4 3 4 3 3 4 3 3 3 3 3 3 3 4 4 3 1 2 3 3 3 3 3 2 3 3 3 3 2 2 4 3 3 3 4 3 3 3 2 3 3 3 3 3 3 3 2 3 2 3 4 3 3 3 3 3 3 3 3 3 3 3 3 3 3 3 4 4 3 3 3 3 3 3 3 3 3 2 4 4 3 2 3 3 3 3 2 3 3 3 2 3 2 3 3 3 3 3 3 4 3 2 3 3 3 2 4 2 2 2 3 4 3 3 2 4 3 3 3 3 3 1 3 4 3 2 3 3 3 3 3 3 3 3 2 3 3 3 3 3 3 2 3 4 3 3 3 2 3 3 3 3 3 4 2 2 4 4 4 4 3 4 4 3 4 4 3 4 3 3 
Vertex 165: 2 2 3 2 2 3 3 2 3 3 1 3 4 3 3 3 1 3 3 3 3 3 2 3 3 4 3 3 3 3 3 3 3 3 3 3 3 3 3 3 3 3 3 4 3 3 4 2 3 3 3 3 2 3 3 3 3 4 2 2 3 3 2 4 2 3 3 3 3 3 4 3 2 3 3 4 3 3 4 3 3 2 2 3 2 3 3 4 3 3 1 4 3 4 2 2 3 3 3 3 3 2 3 3 2 3 3 3 2 3 4 4 3 3 2 3 3 2 3 3 2 2 3 2 4 3 3 3 3 2 3 3 3 3 3 2 3 3 2 3 3 3 3 3 3 3 3 3 2 3 2 3 3 3 3 3 2 3 3 3 4 3 3 2 3 0 4 2 3 3 3 2 2 3 3 3 3 3 2 3 1 3 3 2 3 3 3 3 2 4 3 3 2 3 3 3 2 2 4 3 4 3 3 3 3 2 3 3 3 2 2 3 2 3 2 3 2 3 3 2 3 3 3 3 3 3 3 3 3 2 1 2 3 4 3 4 1 2 3 3 4 3 4 3 2 2 2 3 3 3 3 3 2 3 2 3 3 3 3 3 3 2 2 1 3 2 3 3 3 2 3 3 3 2 3 3 3 2 3 3 2 3 3 3 3 3 3 3 3 3 3 2 3 3 3 4 3 2 3 3 3 2 3 3 2 3 2 3 2 3 2 3 2 3 3 3 2 3 2 3 3 3 3 3 3 3 3 2 3 3 3 2 4 3 2 3 3 3 3 3 3 3 3 2 3 2 3 3 4 3 3 3 3 3 2 3 3 3 3 3 3 3 4 3 3 3 2 3 3 3 3 2 3 2 2 3 3 2 3 4 3 3 3 3 4 3 3 3 3 3 2 3 3 4 3 3 3 3 1 3 3 2 3 2 3 3 3 3 3 2 3 3 3 3 3 3 2 3 4 3 3 2 3 3 3 3 3 4 3 3 3 3 1 2 3 3 3 3 3 2 2 3 3 3 3 3 2 2 4 3 2 3 3 2 3 3 3 2 3 3 3 2 3 3 4 3 2 2 4 2 3 3 3 2 4 2 4 3 3 3 4 3 2 3 3 2 3 2 3 4 3 3 3 3 1 1 3 3 1 2 
Vertex 166: 3 3 2 2 3 1 4 3 3 1 3 4 3 3 3 3 3 3 1 3 3 4 3 3 3 3 4 2 2 3 4 3 3 2 2 3 3 3 3 3 3 2 3 3 3 3 3 3 3 2 3 3 4 3 2 3 3 3 3 2 3 3 3 2 2 2 2 3 2 3 2 3 3 3 2 4 3 3 3 3 3 3 2 2 3 1 3 3 3 2 3 2 1 3 3 3 2 2 2 3 3 2 3 3 2 4 2 3 3 3 3 3 3 3 4 2 3 3 2 3 3 3 2 2 3 2 3 3 3 3 4 3 4 2 3 3 2 2 2 2 3 3 3 3 2 3 3 3 2 3 3 2 3 3 3 3 2 3 2 3 4 3 3 2 2 4 0 2 4 3 3 3 3 3 3 3 4 3 2 3 3 1 3 4 3 3 3 2 3 2 3 3 2 3 3 3 2 3 3 4 2 3 4 2 3 3 3 2 3 3 3 4 3 2 2 3 3 2 3 3 3 3 3 3 2 3 3 3 3 3 3 3 3 2 3 3 3 2 3 3 3 3 2 3 2 3 3 2 3 3 1 2 2 2 3 2 3 3 3 3 3 3 3 3 3 3 2 1 3 3 3 3 3 3 3 3 3 3 2 2 3 2 3 3 2 3 2 3 3 3 3 2 2 3 1 3 3 3 2 3 3 3 3 3 3 3 3 3 2 3 2 3 3 2 1 3 2 3 3 3 3 3 3 2 3 2 2 3 3 3 2 3 3 3 3 4 3 3 3 3 2 2 3 4 3 2 3 3 3 2 3 3 3 3 2 3 3 2 3 3 3 3 3 2 3 3 3 3 3 3 3 3 2 2 3 2 3 3 3 3 3 2 3 3 3 2 3 3 3 3 2 3 2 3 4 1 3 3 3 3 3 3 2 3 3 3 3 3 3 3 3 3 3 3 3 3 2 3 3 3 3 3 3 3 2 4 3 3 3 3 3 3 3 3 3 3 3 3 2 2 2 3 3 3 3 3 3 3 2 2 3 2 3 3 4 3 3 3 3 3 3 2 4 2 3 3 3 3 3 2 2 3 4 2 3 2 2 3 3 3 2 3 2 3 2 3 3 2 3 2 3 3 3 2 3 3 1 3 3 3 
Vertex 167: 3 3 3 1 3 3 4 3 2 3 3 4 3 2 2 3 2 3 2 2 3 4 3 4 3 3 3 3 3 3 3 4 3 3 3 2 4 4 3 4 2 3 3 4 3 2 3 3 3 3 4 3 3 4 3 3 3 3 3 3 3 2 2 4 4 3 4 4 2 3 2 3 3 4 3 4 3 3 3 4 4 3 3 3 4 3 3 3 4 3 3 4 3 4 3 3 4 3 3 4 3 3 3 2 3 3 3 3 2 3 4 3 3 3 3 3 4 3 3 4 3 3 3 3 4 3 3 3 1 2 3 3 3 4 3 3 3 3 2 3 3 3 3 3 3 3 3 3 2 3 3 3 3 4 4 3 3 4 2 4 5 3 3 4 3 2 2 0 4 3 2 4 4 3 3 3 3 2 2 3 3 1 4 4 3 4 3 3 4 4 3 3 3 3 3 3 2 2 2 4 3 4 4 3 3 4 3 4 3 3 2 4 3 2 3 3 3 2 3 4 4 4 3 3 3 3 3 4 3 2 3 4 4 3 3 2 3 3 4 4 2 3 2 3 3 2 3 4 3 3 3 3 2 3 3 3 4 4 3 3 3 3 4 3 2 3 4 2 3 3 4 3 3 3 3 3 4 3 4 3 3 2 3 4 2 2 3 3 3 3 4 2 3 3 3 3 3 3 3 3 3 3 3 3 2 3 3 2 3 3 3 4 3 3 2 3 3 3 3 3 3 3 3 3 3 4 3 3 3 4 2 3 3 3 3 4 3 3 4 2 1 3 4 2 3 2 3 3 4 3 3 3 4 3 3 3 3 3 4 4 3 3 4 3 2 3 3 4 4 3 3 3 4 3 3 3 3 2 3 3 3 3 4 4 3 3 3 3 3 3 3 3 2 4 3 3 4 2 1 3 3 3 4 2 3 3 3 3 4 3 3 4 4 3 3 3 3 3 4 4 4 3 3 3 3 3 4 3 3 3 2 4 3 4 4 2 2 3 3 3 2 3 3 3 4 3 3 2 3 3 3 4 3 4 3 4 3 3 3 2 3 4 3 3 3 3 3 4 3 3 4 4 4 3 3 3 3 3 3 3 3 4 3 4 3 2 4 2 4 4 3 3 3 3 3 3 3 3 3 3 
Vertex 168: 2 3 2 3 2 3 3 3 2 3 3 3 3 3 3 3 2 3 3 2 3 3 3 3 4 3 3 3 4 3 3 2 2 3 2 3 3 3 3 3 2 3 3 3 3 3 3 2 3 3 3 2 2 3 2 3 2 3 3 3 3 3 3 4 3 3 3 2 3 2 3 1 3 3 3 3 3 3 1 1 2 3 3 3 3 3 3 4 3 2 3 4 3 3 3 1 3 2 3 3 3 3 3 2 3 4 3 3 2 2 3 3 2 3 3 3 3 3 3 2 2 3 2 3 4 3 3 2 3 3 3 3 3 3 3 2 3 3 3 3 3 3 3 4 3 1 4 3 3 3 3 3 3 3 4 3 3 3 2 3 3 3 3 3 4 3 4 4 0 3 2 3 4 3 3 3 4 2 2 2 3 3 2 2 3 4 2 2 3 2 4 4 2 3 2 4 3 3 4 1 2 3 3 2 2 4 3 2 3 2 3 3 3 3 3 3 2 3 3 2 3 3 3 3 2 1 3 2 3 3 3 2 3 3 3 3 3 3 3 3 3 2 3 3 2 2 4 3 3 2 4 2 3 4 3 3 3 2 3 3 4 3 2 3 2 3 2 3 2 3 4 1 3 3 3 3 3 3 3 2 3 2 3 2 3 3 2 4 3 2 3 3 3 3 3 3 1 3 3 3 2 2 3 3 3 3 3 2 2 3 3 1 2 3 3 3 3 3 3 2 3 3 2 4 3 4 2 4 2 3 2 3 3 3 2 3 3 2 2 3 3 2 3 3 3 3 3 2 3 3 3 3 2 3 4 3 3 3 3 3 3 4 3 3 3 3 3 3 3 3 3 3 3 2 3 2 3 2 3 2 3 2 3 3 3 2 3 2 3 3 3 2 3 3 2 3 3 3 3 4 3 3 3 2 3 3 3 2 3 2 2 4 3 3 2 3 3 3 3 3 3 3 3 3 3 3 3 3 2 3 3 3 3 3 4 3 3 3 4 2 2 2 3 3 3 2 3 4 3 2 3 3 3 4 3 3 3 2 3 3 2 3 2 2 3 3 3 3 2 3 3 2 1 3 3 3 2 3 3 2 2 3 3 2 3 3 4 3 3 4 4 3 3 2 4 3 3 3 2 1 
Vertex 169: 3 4 3 3 1 3 3 3 3 2 3 3 1 4 3 2 3 3 4 3 2 3 3 1 3 3 3 4 2 3 3 3 3 3 4 3 3 3 3 3 2 3 3 3 1 3 3 1 2 2 3 3 3 2 3 2 2 3 3 2 2 2 3 2 3 4 2 2 2 2 3 3 2 3 3 3 2 3 3 3 4 3 2 3 3 3 3 3 2 3 3 3 3 2 3 2 3 2 3 3 2 3 3 3 3 3 3 3 3 3 3 3 3 3 3 3 3 2 3 3 3 4 3 3 3 3 3 2 3 3 1 2 3 3 3 3 3 2 3 3 2 3 3 3 1 2 3 2 3 3 3 3 3 3 3 3 3 3 3 3 4 2 3 3 2 3 3 3 3 0 3 3 3 3 3 2 3 3 2 3 3 2 2 3 3 3 2 3 2 2 3 1 3 4 3 3 3 3 3 3 3 3 3 3 2 2 3 3 4 3 3 3 2 1 3 3 3 3 2 3 3 3 3 3 3 4 3 2 3 3 3 3 2 2 3 1 3 3 3 3 3 3 3 3 3 3 3 3 2 3 3 3 3 3 2 2 3 2 3 4 3 1 2 2 2 3 3 3 3 3 3 2 3 3 2 3 3 3 2 2 3 3 2 3 3 4 2 3 3 3 4 3 1 3 3 3 3 3 3 3 1 3 4 3 3 2 3 3 2 3 2 3 3 3 2 2 3 4 2 2 2 2 3 3 3 2 4 2 3 3 2 3 2 2 3 2 2 3 3 3 3 4 2 3 2 3 2 2 3 2 2 2 2 2 2 3 3 2 3 3 3 2 4 3 3 3 2 2 3 3 3 3 2 3 3 3 3 2 2 3 3 3 3 3 3 3 3 3 3 4 3 3 3 3 2 3 3 2 3 3 3 3 2 4 2 3 3 2 2 3 3 3 3 3 3 3 3 3 2 3 3 2 4 3 3 3 3 4 3 2 2 3 3 3 3 3 3 3 3 3 3 3 3 2 3 3 3 3 3 3 3 3 3 4 3 2 3 4 3 2 3 3 3 3 3 2 3 2 3 3 3 3 2 3 2 3 2 2 3 3 3 3 2 3 2 3 2 3 3 3 3 2 3 3 3 3 3 3 2 2 
Vertex 170: 3 3 3 2 2 2 3 3 3 4 3 3 2 3 3 3 2 2 2 2 2 3 2 3 3 3 2 3 3 2 3 2 2 3 3 2 4 3 4 3 2 2 3 3 2 2 3 2 2 2 3 3 2 3 3 3 3 2 3 3 3 3 3 3 3 2 3 3 3 2 1 3 2 3 3 3 3 3 3 2 3 2 3 2 2 3 3 3 2 3 3 3 3 3 3 3 3 2 3 2 2 3 3 2 3 3 3 2 3 2 3 3 2 2 3 2 3 2 3 2 2 3 3 3 2 3 3 2 2 1 3 3 2 3 3 3 3 3 3 3 3 2 3 3 3 2 3 4 3 2 3 2 2 3 3 3 3 3 3 2 4 3 3 3 4 3 3 2 2 3 0 3 3 3 2 2 3 3 2 2 3 2 3 3 3 4 3 2 3 4 3 2 2 3 2 2 2 1 2 3 2 2 3 1 2 3 3 3 3 2 3 2 3 3 2 3 2 1 3 3 2 4 3 1 2 2 3 3 1 2 4 3 2 2 3 4 4 2 3 3 3 3 3 2 3 2 3 3 3 3 4 2 2 3 3 2 3 3 3 3 3 3 3 3 4 2 3 3 2 2 3 2 3 3 3 1 3 3 3 3 2 2 2 3 2 3 3 2 2 1 3 1 3 3 3 3 3 3 2 2 3 2 3 3 2 2 3 1 3 2 3 3 2 3 2 3 3 2 3 3 3 3 3 3 3 3 3 3 3 3 2 3 4 2 3 3 1 1 2 2 1 2 3 3 3 2 3 3 3 3 2 1 2 3 3 3 3 3 3 3 3 3 3 2 3 2 3 3 3 2 3 2 2 2 3 3 3 2 2 2 2 4 3 2 2 2 3 3 3 3 3 3 2 2 3 3 3 3 2 3 3 3 3 3 2 3 2 3 3 3 3 3 2 2 3 2 3 3 3 3 3 3 3 3 3 3 2 3 3 2 3 3 3 3 3 3 1 3 3 3 3 2 3 3 3 2 3 3 3 2 3 3 3 3 3 3 2 2 3 2 3 3 3 3 3 3 3 3 2 2 3 3 3 3 3 3 3 4 3 3 3 3 3 3 3 2 4 3 3 3 3 2 3 3 2 3 2 3 3 1 
Vertex 171: 3 3 3 3 2 3 3 3 3 3 3 2 2 4 4 3 3 3 2 3 2 3 3 3 3 2 3 4 3 2 4 3 3 3 3 3 2 2 3 2 2 2 3 3 3 3 3 3 3 3 3 3 2 2 2 3 1 2 3 2 3 3 3 3 3 3 3 3 2 3 3 3 3 3 3 3 3 3 3 2 3 2 3 2 3 4 3 3 3 3 3 2 3 3 3 3 4 3 3 2 3 3 3 2 2 3 2 3 4 3 4 3 3 3 3 2 2 2 2 3 3 2 3 3 3 3 3 2 4 3 2 3 2 3 3 3 1 3 3 3 3 2 3 3 3 3 2 3 3 3 3 2 3 3 3 3 3 3 3 2 4 2 2 3 3 2 3 4 3 3 3 0 3 3 3 3 3 2 3 3 1 4 3 2 3 3 2 3 3 3 3 3 3 3 2 2 4 3 3 3 3 2 3 3 1 3 2 2 3 3 3 4 3 3 3 3 3 3 3 4 3 3 3 2 3 3 2 2 3 2 3 3 3 3 3 3 3 3 2 3 4 3 3 3 2 4 3 3 3 3 3 3 3 3 2 3 3 3 3 4 3 3 2 3 2 1 3 3 4 2 4 3 3 2 4 3 3 3 3 3 3 3 2 3 3 3 3 3 3 3 3 3 2 3 2 3 3 3 3 3 2 3 3 3 3 3 3 2 2 3 3 3 2 2 3 3 3 3 3 2 3 2 3 3 3 3 2 3 2 3 3 3 3 3 2 3 3 3 2 4 3 3 3 3 3 3 3 3 3 3 3 3 2 3 3 3 1 3 3 3 2 3 2 3 3 3 3 3 2 3 3 2 3 3 2 3 3 3 3 3 3 4 2 3 3 3 3 3 3 3 3 2 3 3 2 3 3 3 3 3 4 4 3 3 3 4 2 3 1 3 3 1 3 3 3 3 3 3 3 3 3 3 3 3 3 1 3 3 2 2 3 3 3 2 3 3 3 3 3 2 3 3 3 3 3 3 3 2 3 4 4 3 4 4 4 2 3 3 2 3 2 3 3 3 3 1 3 4 3 2 2 2 3 3 3 3 3 2 3 3 3 2 3 2 3 3 3 3 2 4 4 3 3 3 3 3 4 3 2 3 
Vertex 172: 2 3 3 3 2 3 3 3 3 3 2 3 3 3 3 2 3 4 2 2 2 4 2 3 2 4 3 3 3 3 3 3 3 3 3 3 3 3 2 3 3 3 3 3 2 3 4 3 3 2 2 3 4 3 4 3 3 3 2 2 2 2 3 2 2 2 3 3 3 3 2 3 3 3 2 4 3 3 3 3 2 3 1 3 2 3 3 3 3 3 1 3 2 3 4 3 1 3 3 3 2 3 3 3 2 3 3 3 3 3 4 3 3 3 3 3 3 3 3 2 3 3 3 3 3 2 3 3 3 3 3 2 3 3 3 4 3 3 3 3 3 1 1 3 3 4 2 4 3 3 3 3 3 2 3 3 3 3 4 2 2 2 3 3 3 2 3 4 4 3 3 3 0 3 3 3 3 3 3 3 3 3 3 2 2 3 2 4 3 3 3 3 3 2 2 3 2 3 3 3 4 3 3 3 4 3 3 3 4 3 3 3 3 3 3 2 2 4 4 3 3 3 3 3 3 3 4 3 3 3 3 2 4 3 3 2 3 2 3 2 2 3 4 3 3 3 3 3 3 3 4 3 3 4 2 2 2 2 3 3 4 3 3 3 2 3 3 2 3 2 1 3 3 3 3 3 3 3 3 3 3 3 3 3 3 3 2 3 3 3 3 2 3 3 3 3 3 3 3 2 3 3 3 2 4 3 2 4 3 2 3 3 4 3 2 2 2 3 2 3 4 2 3 3 3 2 3 4 3 3 3 3 3 3 3 2 2 3 3 3 3 3 3 3 3 3 3 3 3 3 1 3 2 3 3 3 3 3 3 2 3 3 3 2 3 3 3 4 3 2 3 3 2 3 3 2 3 4 3 3 3 2 3 1 3 3 3 3 2 3 1 3 3 3 3 3 3 3 3 3 3 3 2 4 3 3 3 3 3 4 2 2 3 3 2 2 3 3 3 2 4 2 2 3 3 3 3 3 3 3 3 2 3 3 2 3 3 2 3 3 3 3 3 3 1 3 3 4 3 3 2 2 3 3 3 3 3 2 3 3 2 2 3 3 3 3 2 3 3 3 3 3 3 3 4 1 3 1 3 4 3 3 2 3 3 3 2 3 3 3 2 3 4 3 3 3 3 3 2 3 
Vertex 173: 3 4 3 3 3 3 2 4 1 3 3 1 4 4 4 3 4 1 4 3 4 3 3 3 4 4 4 3 4 4 3 3 2 3 3 4 4 3 4 3 3 3 3 3 4 4 3 3 3 1 3 4 4 2 3 4 3 3 3 3 3 3 3 3 4 2 4 2 3 3 4 2 3 3 4 3 4 3 2 4 4 2 3 4 4 4 4 4 4 3 3 3 3 4 3 3 3 4 3 3 3 3 3 4 3 4 3 3 2 3 2 2 3 2 4 3 4 4 3 3 3 4 3 4 3 4 4 3 2 3 3 4 3 4 4 4 3 3 3 2 3 4 4 4 4 2 4 3 3 3 3 3 3 4 4 3 3 3 4 4 3 4 4 3 3 3 3 3 3 3 3 3 3 0 3 3 3 4 3 4 3 3 3 3 3 3 2 3 4 4 4 4 3 3 3 3 3 2 4 3 4 4 3 3 3 4 3 4 3 3 3 4 4 3 4 4 4 3 3 2 2 4 3 4 3 3 4 2 4 4 3 3 4 3 3 4 3 4 3 4 4 3 3 3 3 3 4 4 4 3 3 3 3 3 4 4 3 4 3 2 3 2 3 3 2 3 2 3 3 3 2 3 3 3 3 2 4 3 4 4 4 3 3 3 3 3 3 4 3 4 3 3 3 3 4 3 3 2 4 4 3 3 3 3 3 3 3 2 3 3 4 4 3 4 2 3 3 4 4 3 4 3 3 3 4 4 3 4 3 3 4 3 3 3 3 2 4 3 3 3 4 4 4 4 3 2 4 3 4 4 4 3 3 4 3 3 2 3 3 3 3 4 3 3 3 4 4 4 3 3 2 3 4 2 3 3 4 4 4 3 4 4 4 3 4 4 3 3 4 4 3 4 2 4 3 4 4 3 2 2 4 4 3 3 3 3 3 4 3 3 3 4 2 3 3 4 4 4 4 3 3 3 3 4 3 3 4 4 4 4 3 3 3 4 4 3 4 3 4 3 4 4 3 4 3 3 3 3 3 3 3 4 3 3 2 4 3 3 4 4 2 3 3 3 3 4 4 4 4 3 4 2 3 4 4 3 3 3 3 3 3 3 2 4 3 3 3 3 2 4 4 3 3 4 3 4 4 4 3 4 
Vertex 174: 3 3 2 3 3 3 3 3 3 2 2 3 3 3 3 2 2 3 3 2 4 2 3 3 2 3 3 2 3 2 3 3 3 2 2 3 4 3 3 2 2 2 2 2 3 3 3 3 3 2 3 3 3 2 1 2 2 3 2 3 3 3 3 2 2 3 4 3 3 3 3 3 3 3 3 3 3 3 3 3 3 3 3 3 2 3 3 3 3 2 2 3 4 3 2 3 3 3 3 2 3 3 2 3 3 3 3 3 2 4 3 2 3 3 3 3 3 3 3 3 2 4 3 3 3 3 2 2 3 3 2 3 3 3 3 3 3 3 3 3 2 3 3 3 3 2 3 3 3 2 3 2 2 3 3 3 3 2 3 3 4 3 3 3 2 3 3 3 3 3 2 3 3 3 0 2 3 3 2 1 3 2 3 3 2 2 2 3 4 3 3 3 3 3 3 1 3 2 2 3 3 3 2 3 3 3 3 3 2 3 3 3 3 3 3 3 3 3 3 2 3 3 2 2 2 2 1 3 2 2 2 2 2 3 3 2 3 3 2 3 3 2 3 3 2 2 2 3 2 3 3 3 1 2 3 2 2 2 3 3 3 2 1 3 3 3 2 2 3 2 3 2 3 3 3 1 2 1 3 2 3 3 3 3 3 3 3 3 3 3 2 3 3 2 3 3 3 3 3 3 3 2 3 3 3 3 3 2 2 3 3 2 2 2 3 3 3 4 3 2 3 2 3 3 3 3 2 3 3 3 3 2 4 3 3 3 2 3 2 3 3 3 3 3 3 1 2 3 3 1 3 2 2 1 3 2 2 3 3 1 3 3 2 3 3 3 3 2 2 3 1 3 3 2 1 3 2 2 2 2 2 3 3 2 3 2 3 3 3 3 3 2 3 3 3 3 3 3 3 3 3 3 2 3 3 3 3 3 3 2 2 2 2 2 2 4 3 2 4 3 2 3 2 2 3 2 2 3 3 3 2 3 3 3 3 4 3 3 3 2 3 3 3 3 3 2 2 3 3 3 3 3 3 2 3 3 3 1 3 3 2 2 3 3 3 3 3 3 3 2 3 2 2 3 3 2 3 3 2 3 3 2 3 3 3 2 3 3 3 3 3 3 3 3 3 3 2 3 2 3 
Vertex 175: 3 3 2 3 3 3 3 3 3 2 3 3 2 3 3 2 3 2 3 2 4 3 3 3 3 3 3 3 3 3 3 3 3 3 3 3 3 3 3 3 2 2 2 1 3 3 3 2 3 3 3 3 4 2 1 3 2 3 2 3 3 2 3 3 3 2 3 3 3 2 3 3 3 3 3 4 3 3 3 3 3 3 3 2 2 3 3 3 2 3 3 3 3 3 3 3 3 3 3 3 2 3 3 3 3 3 1 3 3 3 2 3 3 3 3 3 3 3 2 3 3 3 3 3 2 3 3 2 2 3 1 3 3 3 3 3 3 2 3 3 3 3 3 3 3 3 3 2 2 2 2 2 3 3 2 3 3 3 4 2 2 3 3 2 3 3 3 3 3 2 2 3 3 3 2 0 3 3 2 1 3 3 3 4 2 3 2 4 2 3 2 3 3 3 2 2 3 1 3 2 3 3 3 3 3 3 3 2 2 2 3 3 3 2 1 3 3 3 3 3 2 4 2 2 3 3 3 3 2 3 3 3 4 2 3 3 4 2 3 3 3 3 3 3 3 2 3 3 2 2 3 2 3 1 2 2 1 3 2 3 3 3 2 2 3 3 3 2 3 2 3 2 3 3 2 3 2 3 3 2 3 2 2 3 3 3 3 3 2 2 3 3 3 2 2 4 3 3 1 3 3 2 2 3 2 2 2 3 3 2 3 2 3 2 3 3 3 3 2 3 3 3 2 3 1 2 3 2 3 3 3 2 4 2 3 2 2 3 2 3 3 2 2 3 4 2 2 3 4 3 3 1 3 2 2 3 2 3 3 2 3 3 2 2 3 2 3 3 2 3 3 2 3 2 2 3 3 3 3 3 3 3 3 3 3 3 3 3 2 2 3 2 3 3 3 3 3 2 3 2 2 3 3 3 2 3 3 3 2 3 3 3 3 2 3 3 2 3 3 3 3 3 2 2 3 3 2 3 3 2 3 3 3 3 3 3 3 3 3 2 3 3 3 1 3 4 3 3 3 2 4 3 3 2 3 3 3 3 2 3 3 2 3 3 3 4 3 3 2 2 3 3 3 3 4 3 3 3 3 3 3 3 3 2 3 2 3 3 3 3 4 2 3 3 2 3 2 3 3 3 
Vertex 176: 3 3 3 3 3 4 4 4 3 4 3 2 2 3 3 4 2 3 4 2 4 4 2 4 3 3 4 3 2 3 3 4 3 3 3 2 3 3 3 3 3 4 4 3 2 3 3 2 1 3 3 4 3 3 3 3 3 2 3 2 3 3 3 2 4 4 3 4 3 3 4 3 3 3 4 3 1 3 3 3 3 2 3 4 3 3 3 2 3 3 3 4 3 3 3 3 3 2 3 3 3 4 2 3 3 1 3 3 4 2 3 3 3 3 1 3 3 3 3 2 3 3 3 3 3 4 4 3 3 3 4 3 3 2 2 4 3 3 3 2 3 3 3 3 3 4 4 3 3 4 3 3 3 3 4 3 3 3 4 2 3 4 2 3 3 3 4 3 4 3 3 3 3 3 3 3 0 3 3 3 3 4 3 3 3 3 3 4 3 3 3 3 4 3 2 3 3 4 2 3 3 3 2 3 3 3 3 3 4 3 3 4 3 3 3 3 3 4 2 2 3 4 3 3 3 3 3 3 2 3 3 4 3 4 4 3 3 2 3 2 3 4 2 2 4 4 4 3 3 3 4 3 4 3 3 3 3 3 3 3 3 3 3 3 2 3 4 3 4 3 3 3 3 3 3 3 4 3 3 3 3 3 3 3 3 3 3 2 3 3 1 3 3 4 3 3 3 2 3 3 4 2 3 1 3 3 2 3 3 3 3 3 2 3 3 3 3 4 3 2 4 4 4 3 3 3 2 4 3 2 3 2 3 3 3 2 3 3 3 4 3 3 3 4 3 3 3 3 3 4 3 2 3 3 4 3 3 3 3 2 3 3 2 3 2 3 3 3 3 3 3 3 2 3 3 3 2 3 3 3 3 2 4 3 4 4 3 4 3 3 3 4 3 3 4 3 4 3 2 3 4 3 4 3 4 3 2 3 3 4 3 3 3 3 4 2 3 3 2 3 3 3 2 4 3 2 3 3 3 1 2 3 3 4 2 3 3 4 3 3 3 3 3 3 3 3 3 3 3 3 4 3 3 3 2 4 3 3 3 3 3 3 4 4 2 3 2 2 3 3 2 3 4 4 3 2 3 3 3 3 3 3 3 3 3 3 3 4 3 4 3 3 2 2 3 4 4 3 3 3 
Vertex 177: 2 3 3 3 3 2 3 2 3 3 3 3 2 3 3 3 3 3 3 3 3 3 3 3 3 2 3 3 3 3 4 3 3 3 3 3 2 2 2 2 2 3 2 3 3 3 2 3 3 3 3 2 2 3 3 3 2 2 3 3 3 2 2 2 3 3 2 3 3 2 3 2 2 2 3 3 2 1 2 2 3 2 3 3 3 3 2 3 3 3 3 3 3 3 3 3 3 2 3 3 3 3 1 3 3 3 3 2 3 3 3 2 1 3 3 3 2 3 2 3 2 3 3 2 3 3 3 2 3 3 2 3 3 3 3 3 3 3 3 3 3 3 2 3 3 3 3 3 3 3 4 3 2 2 3 2 3 2 3 3 4 3 2 2 3 3 3 2 2 3 3 2 3 4 3 3 3 0 3 3 2 3 2 3 2 3 3 3 2 2 3 4 1 3 1 3 3 3 3 3 3 3 2 2 1 3 3 2 2 2 2 3 3 3 3 3 2 2 2 3 3 4 2 2 2 1 3 2 2 3 3 2 3 3 2 3 3 2 2 2 3 3 1 3 2 3 2 3 3 3 3 3 2 3 1 2 3 3 3 2 3 3 2 2 2 1 2 2 2 3 3 2 3 3 3 3 3 3 2 2 2 3 3 2 2 3 3 3 3 3 2 2 3 3 3 3 2 2 3 3 3 3 2 3 3 3 2 2 3 2 3 3 3 2 3 2 3 4 3 2 3 2 2 3 2 3 3 3 2 3 3 2 3 2 2 3 3 2 3 3 3 2 2 3 2 2 3 2 3 3 4 3 3 3 3 3 2 3 3 3 3 3 3 3 3 2 2 3 3 3 3 3 3 3 3 1 2 3 3 2 1 2 3 2 3 1 3 3 2 1 3 3 3 2 3 2 2 2 3 3 3 3 3 3 3 3 3 3 3 2 3 3 3 3 1 3 2 2 3 3 3 2 2 3 3 2 3 3 3 3 3 3 2 3 3 3 3 3 4 2 2 1 3 2 2 3 2 2 2 3 2 3 2 3 3 3 3 2 2 3 2 3 3 3 2 3 3 3 2 2 3 2 3 3 3 2 2 3 2 3 3 3 2 3 2 3 3 3 3 3 3 2 3 2 3 3 3 3 2 2 
Vertex 178: 2 2 2 3 3 2 3 3 3 2 3 3 2 3 3 3 3 3 3 3 2 3 3 3 3 3 4 3 3 3 3 4 3 2 3 3 3 3 3 2 3 3 2 3 3 3 3 1 2 3 3 1 3 2 1 3 2 3 3 2 3 2 3 3 3 3 3 3 3 2 3 1 3 3 3 4 3 3 3 3 3 3 3 3 3 1 2 4 3 3 3 3 3 3 3 2 4 2 3 3 2 3 3 3 3 3 3 3 3 3 3 3 2 3 2 3 3 2 3 3 3 3 3 2 3 4 3 3 3 2 3 2 3 3 3 3 3 3 2 3 3 2 2 3 1 2 3 3 2 3 3 3 3 3 3 3 3 3 2 3 3 1 3 3 3 2 2 2 2 2 2 3 3 3 2 2 3 3 0 3 3 3 4 4 3 3 3 3 2 2 3 2 3 2 2 3 2 3 3 3 3 3 3 3 3 2 2 2 2 3 2 2 2 2 3 3 3 3 3 2 2 4 3 3 2 2 3 3 3 3 3 2 3 3 4 2 3 2 3 2 3 3 3 4 3 3 3 3 3 3 3 3 2 2 3 2 3 3 3 3 3 3 2 2 2 2 3 3 3 3 3 2 3 3 3 3 2 3 3 3 3 2 3 2 3 3 3 3 3 3 2 1 3 3 2 3 3 3 3 2 3 3 3 2 2 2 3 3 3 3 2 2 3 3 3 3 3 4 2 1 2 3 2 2 3 3 2 3 3 3 3 3 3 3 2 2 2 3 3 3 3 3 2 3 3 3 3 3 3 2 3 2 3 2 3 2 2 3 3 3 3 3 2 2 4 3 3 3 3 2 3 3 3 3 3 2 3 2 1 3 3 3 2 3 4 2 3 4 3 3 3 3 3 2 3 3 3 3 1 3 2 3 3 2 3 4 3 2 4 1 3 3 2 3 2 3 3 3 2 3 4 3 3 3 2 3 2 3 3 3 3 3 3 3 3 3 3 3 3 2 3 3 3 2 3 3 3 2 2 3 3 2 3 3 3 3 3 3 2 4 3 2 2 3 3 2 3 4 3 3 3 3 3 3 3 3 3 3 3 2 3 3 3 3 2 2 4 3 3 3 3 3 3 1 3 3 3 3 3 3 
Vertex 179: 2 3 3 3 2 2 3 3 3 3 2 3 3 2 3 3 3 3 2 2 3 3 3 2 3 2 2 3 4 3 2 2 3 3 3 2 3 3 3 2 3 3 3 2 3 3 3 3 3 3 3 2 3 3 2 3 2 3 3 3 3 3 3 3 3 3 3 2 3 2 3 3 3 3 3 3 2 3 3 3 3 4 3 2 1 3 2 3 3 3 2 4 3 3 2 3 4 3 3 3 2 3 2 2 3 3 2 3 3 3 3 2 3 3 2 3 3 2 3 2 2 3 3 2 2 3 3 2 3 3 2 3 3 3 3 3 3 2 2 2 3 2 3 3 3 3 3 2 2 3 3 1 3 2 2 2 2 3 3 2 3 3 3 3 2 3 3 3 2 3 2 3 3 4 1 1 3 3 3 0 2 3 3 3 3 3 3 3 3 3 2 3 3 3 3 2 2 2 2 2 3 3 3 3 2 3 3 2 3 3 3 3 3 3 2 3 3 3 4 3 2 4 1 1 2 3 2 2 2 3 3 3 3 3 2 3 3 3 3 2 4 2 3 2 3 3 2 3 1 3 3 2 2 2 2 1 1 3 3 3 3 3 2 3 3 3 3 3 3 2 3 1 2 3 2 2 3 2 3 3 2 2 3 3 2 3 3 3 3 2 3 2 3 3 3 3 3 2 2 3 2 1 3 3 3 3 3 2 2 3 3 3 2 1 3 3 3 3 2 2 3 3 2 3 2 3 3 3 2 3 3 3 3 2 3 3 2 3 2 3 3 3 3 2 3 2 1 3 3 2 3 2 3 2 3 3 3 3 3 2 2 2 3 3 2 3 2 3 2 3 2 2 2 2 2 3 2 3 3 3 3 2 2 3 4 3 3 3 2 3 3 2 3 2 2 3 3 3 2 3 3 4 2 3 3 3 3 3 3 2 2 2 3 2 3 3 2 3 3 3 2 3 3 1 2 3 2 3 3 3 3 3 3 3 2 3 3 3 3 2 3 2 2 2 3 3 2 2 3 3 3 3 3 3 2 2 3 2 3 2 2 2 3 3 2 3 3 3 3 1 2 3 3 3 3 3 3 3 3 3 3 3 3 3 2 1 3 2 3 3 3 3 2 3 3 3 3 3 3 3 
Vertex 180: 3 2 3 3 3 2 3 2 3 3 2 3 3 3 3 3 2 3 3 3 3 3 2 2 3 3 3 3 2 3 3 3 2 3 3 3 2 3 2 2 3 3 3 3 3 2 3 2 3 3 3 3 1 3 2 3 2 3 3 1 3 3 2 4 3 3 2 2 3 3 3 3 3 3 2 3 3 3 3 2 3 3 3 2 2 3 3 3 3 3 2 3 3 3 2 3 3 2 3 3 2 2 2 3 3 3 3 2 3 2 4 3 3 3 3 3 2 3 3 3 2 1 2 3 3 4 3 2 3 3 2 3 3 3 3 3 2 2 3 2 2 3 2 3 3 3 3 3 3 3 3 2 3 3 3 2 2 3 2 3 4 3 3 2 3 1 3 3 3 3 3 1 3 3 3 3 3 2 3 2 0 3 3 1 3 4 2 4 3 3 3 3 3 3 3 3 3 3 3 3 3 3 3 3 2 3 3 3 3 3 3 3 3 3 3 2 2 4 4 3 3 4 2 2 3 2 3 3 2 2 2 3 2 3 2 3 2 2 2 3 3 2 3 2 1 3 3 3 3 3 3 3 3 3 1 3 3 2 3 3 2 3 2 2 3 2 2 3 3 3 3 2 3 1 3 3 3 3 4 3 3 2 3 2 2 4 3 3 2 2 3 3 3 4 2 3 2 3 2 2 3 3 3 2 3 3 3 3 1 3 3 3 3 3 2 2 3 3 2 2 2 2 2 3 3 3 3 3 2 3 2 3 3 3 1 3 2 3 3 3 2 2 3 2 4 2 2 3 3 3 3 2 3 3 3 3 2 3 3 2 3 2 3 2 3 2 3 2 3 3 2 1 3 3 3 3 3 2 3 3 3 3 2 2 4 3 3 3 3 2 3 3 2 3 2 3 2 3 2 3 3 3 3 3 3 3 3 3 2 3 2 2 3 3 3 3 3 2 3 4 3 3 3 3 3 2 3 3 2 3 3 4 2 3 3 2 2 3 2 1 3 3 3 2 2 3 3 3 3 3 3 2 3 3 3 2 3 3 2 3 3 3 3 2 3 2 2 3 3 1 3 2 3 3 3 3 3 2 2 4 3 3 3 3 3 3 3 2 3 3 3 3 2 3 2 2 3 4 2 3 
Vertex 181: 3 3 2 2 3 2 3 3 3 2 2 3 3 3 3 3 3 3 2 3 3 3 3 3 2 3 3 3 2 2 3 3 3 3 2 3 3 3 3 3 2 2 2 3 3 3 3 3 3 2 3 2 4 3 3 2 3 3 3 2 3 3 3 3 3 3 3 3 3 2 1 3 2 3 3 3 3 4 3 3 3 2 3 2 3 2 3 3 4 2 4 3 2 3 3 2 3 3 3 3 2 3 2 3 3 4 3 3 3 2 3 3 3 2 3 3 4 2 3 4 3 2 3 2 4 3 3 3 2 3 3 3 3 3 3 3 3 3 1 3 2 3 3 3 3 3 4 2 3 2 3 3 3 3 3 2 3 3 1 3 4 3 3 3 3 3 1 1 3 2 2 4 3 3 2 3 4 3 3 3 3 0 3 3 3 3 4 2 4 3 3 3 3 4 3 3 3 2 3 3 3 3 3 3 4 3 3 3 4 2 3 3 3 1 3 3 3 2 4 3 3 3 2 3 2 3 3 4 3 3 3 3 3 3 4 3 3 3 3 3 3 2 3 3 2 2 3 3 2 3 2 2 1 3 4 2 3 3 4 2 3 3 3 2 3 3 3 2 2 3 3 2 2 3 2 3 3 3 3 3 3 1 2 3 3 3 3 3 2 3 3 2 3 2 2 3 3 3 2 3 2 3 3 3 3 3 2 2 3 3 3 3 2 3 2 2 3 2 3 2 3 3 3 3 3 3 3 3 2 3 1 2 4 2 2 3 2 2 3 2 2 3 3 3 3 1 3 3 3 3 2 3 3 2 2 2 3 3 3 3 2 2 3 3 3 3 3 3 3 3 3 3 3 3 3 3 3 3 2 3 3 3 3 3 2 2 4 3 2 3 3 3 1 3 3 2 3 3 2 3 3 3 3 3 3 2 3 3 3 2 3 3 3 4 3 3 3 3 3 4 4 3 3 3 3 3 4 3 3 3 3 3 3 3 3 3 3 4 3 2 2 3 2 2 3 2 3 3 3 3 2 3 3 3 3 3 3 3 3 3 2 3 3 3 3 3 3 4 2 3 3 3 3 3 4 3 3 4 3 3 3 3 2 4 3 2 3 1 3 3 4 2 3 3 3 3 2 3 2 3 
Vertex 182: 3 2 3 3 3 3 4 2 3 3 3 2 2 3 3 1 3 3 3 3 3 2 3 3 3 3 3 2 3 2 3 2 1 2 2 3 1 3 3 3 3 3 3 3 1 3 3 3 4 3 2 3 4 4 3 2 2 3 3 2 3 2 4 2 4 3 2 2 3 3 3 3 2 3 3 4 3 3 3 1 3 3 2 3 2 3 3 3 3 3 3 3 3 2 3 2 3 3 2 3 2 3 3 3 3 3 2 3 3 3 3 3 3 2 4 2 4 3 3 3 3 3 3 3 3 3 3 3 3 3 2 2 3 3 3 3 2 3 2 3 3 3 3 4 3 3 3 2 2 4 3 3 2 2 4 2 1 3 3 3 3 4 3 2 4 3 3 4 2 2 3 3 3 3 3 3 3 2 4 3 3 3 0 2 3 3 3 3 4 3 3 3 1 3 3 3 2 3 3 2 3 2 3 3 3 3 3 2 3 3 3 3 3 3 3 2 3 3 3 3 3 3 3 3 3 3 4 3 4 3 3 3 4 3 3 3 4 3 3 3 4 2 3 4 3 3 3 2 3 3 3 3 2 3 3 3 3 2 3 3 3 2 2 2 2 3 2 2 3 2 2 3 2 3 3 3 2 3 2 2 3 3 3 3 2 3 3 3 3 2 4 3 3 1 3 3 2 3 3 2 3 3 2 3 3 4 3 2 3 3 4 3 3 3 3 2 3 3 2 3 3 2 3 3 3 3 3 3 3 3 3 3 3 4 2 3 3 3 2 3 3 3 3 3 2 4 3 3 3 3 3 3 2 2 3 3 2 2 3 3 3 3 3 3 3 3 3 1 3 3 3 2 3 3 2 2 3 3 3 3 3 3 3 3 2 3 3 3 3 2 3 3 3 3 1 2 3 3 3 2 3 3 3 3 3 3 3 3 3 3 3 2 4 3 3 3 3 4 3 3 3 4 2 3 3 3 3 2 3 2 3 3 2 1 3 3 3 3 3 2 3 3 2 3 2 3 3 3 3 3 4 3 2 3 3 3 1 4 2 2 2 3 2 2 3 3 3 2 3 3 3 3 3 3 4 3 2 3 3 3 4 3 3 3 3 2 2 2 3 3 3 3 3 4 2 3 4 3 3 2 
Vertex 183: 3 3 3 4 3 3 3 3 3 3 3 3 3 3 3 2 3 2 3 3 4 3 3 2 4 3 3 3 2 4 4 3 3 4 2 3 2 4 3 3 3 4 3 3 2 3 3 3 3 3 2 3 2 4 3 3 2 3 2 2 3 2 3 3 3 4 3 1 3 3 4 3 3 3 3 4 4 4 3 1 4 4 3 3 3 3 3 3 3 4 3 4 3 3 3 3 3 3 3 4 3 3 3 4 3 3 3 3 3 3 3 3 4 2 4 3 3 4 3 4 2 2 3 3 4 4 4 3 3 3 3 3 4 2 4 4 3 3 4 3 1 3 3 3 4 2 3 3 4 4 3 3 3 2 4 3 3 3 3 4 4 3 4 3 3 2 4 4 2 3 3 2 2 3 3 4 3 3 4 3 1 3 2 0 3 4 2 3 3 3 3 4 3 2 4 3 4 3 4 2 4 3 3 4 3 3 3 4 4 3 3 3 3 3 3 2 3 3 3 3 3 3 3 3 3 3 4 3 3 3 3 4 3 3 3 2 3 3 3 3 4 2 4 3 2 2 4 3 3 3 4 3 3 4 2 3 3 3 3 2 3 2 3 3 3 3 2 3 3 3 3 3 3 2 3 4 3 3 3 2 4 3 3 3 3 3 2 3 3 2 3 3 3 3 3 2 1 3 3 2 3 3 4 3 4 4 3 3 2 3 3 3 3 2 3 3 3 3 3 3 3 3 3 3 3 2 3 3 3 3 3 3 4 4 2 2 3 3 3 3 3 3 3 3 3 2 3 3 2 3 3 3 3 3 3 3 3 3 3 3 3 3 3 3 3 3 3 3 3 3 3 2 2 4 3 2 3 3 3 3 4 3 3 3 4 4 4 3 2 3 3 3 2 3 2 3 3 3 3 3 4 4 4 2 3 3 4 3 3 3 3 2 4 3 2 2 3 3 3 4 3 3 4 4 3 3 4 4 2 2 3 4 3 3 2 3 3 4 3 2 4 2 3 3 1 3 3 4 2 4 3 2 4 3 3 3 3 3 3 3 3 4 4 2 3 3 2 3 3 2 3 3 3 4 4 3 3 1 3 4 3 4 4 2 3 3 3 3 3 4 3 3 3 4 3 3 4 3 3 3 
Vertex 184: 3 3 3 2 2 2 2 2 3 3 3 2 3 3 3 3 2 3 3 3 3 3 2 3 3 3 3 3 3 3 3 3 3 2 3 3 3 3 3 3 3 2 3 3 2 2 3 3 3 2 3 3 3 1 2 2 3 2 2 3 2 2 2 3 3 2 3 3 3 3 3 2 3 1 3 3 3 3 3 3 3 3 1 3 3 3 1 3 3 3 3 3 3 2 2 3 3 3 2 3 3 3 2 2 3 3 3 3 3 3 4 2 3 2 3 2 4 3 2 3 3 3 2 3 4 3 3 4 3 3 3 3 3 3 3 3 3 3 2 3 3 3 2 2 3 3 2 3 3 2 2 3 3 2 3 3 3 3 4 3 4 3 2 1 2 3 3 3 3 3 3 3 2 3 2 2 3 2 3 3 3 3 3 3 0 2 3 3 3 4 2 2 3 1 1 3 3 3 3 3 3 3 2 2 3 3 3 2 3 3 3 3 4 3 2 3 3 3 3 2 3 3 3 3 3 2 3 4 3 2 3 3 3 3 3 3 3 3 3 2 3 3 3 3 3 2 4 2 3 3 2 3 3 3 3 3 3 2 2 3 3 3 3 2 3 3 3 2 3 3 3 3 3 2 3 3 3 1 3 2 3 3 4 3 3 2 2 3 3 3 2 3 3 3 3 2 3 2 3 2 4 3 3 3 3 3 3 3 3 2 3 3 3 3 3 3 3 4 3 3 3 1 3 4 3 3 3 3 3 3 3 3 3 3 3 3 3 2 3 3 3 2 3 3 3 3 2 2 2 3 3 3 3 3 3 3 2 3 3 2 3 3 3 2 3 3 4 3 3 3 2 3 3 2 3 2 3 3 3 2 3 2 3 3 4 3 3 1 2 2 3 3 3 3 3 3 3 2 3 2 2 3 3 2 1 3 4 2 3 3 3 3 3 3 3 2 3 3 3 1 2 3 2 3 3 2 2 3 3 3 3 3 2 3 2 3 3 2 3 2 1 3 3 2 2 3 2 3 3 3 4 2 3 3 3 3 2 3 2 3 2 2 3 3 3 3 3 3 2 3 2 2 2 4 3 2 3 3 2 3 2 3 2 2 3 3 3 3 3 4 2 3 3 2 3 3 4 3 3 3 
Vertex 185: 3 2 2 3 2 3 3 3 4 3 4 2 3 2 3 2 3 4 3 3 4 3 3 3 2 4 4 3 4 4 3 4 3 3 3 4 3 2 3 2 3 4 3 2 3 3 2 3 3 3 3 3 3 3 2 2 3 4 3 3 3 3 4 3 3 3 3 3 3 4 4 4 3 1 4 3 3 3 3 3 3 3 3 3 4 4 3 3 3 2 3 4 4 4 2 3 4 3 4 3 3 4 2 4 3 3 4 3 3 3 3 3 3 2 3 4 3 3 3 4 3 4 3 3 4 4 2 3 3 4 3 2 3 3 3 2 3 3 3 2 3 3 3 4 3 3 3 3 3 3 3 3 3 2 3 3 3 2 4 3 4 3 4 3 3 3 3 4 4 3 4 3 3 3 2 3 3 3 3 3 4 3 3 4 2 0 3 3 4 4 3 4 3 3 3 2 4 3 3 3 4 3 2 4 2 4 3 3 3 3 4 3 4 3 3 3 4 4 3 3 3 4 3 3 3 3 3 4 4 3 3 4 3 4 3 2 4 3 2 3 4 3 3 4 3 3 3 3 3 4 3 3 3 3 3 2 4 2 4 3 4 3 3 3 4 3 3 3 3 3 3 3 2 3 4 3 3 3 4 3 3 4 4 4 3 3 2 3 3 4 4 3 4 3 4 3 3 3 3 3 4 3 4 3 3 4 3 3 4 2 3 3 4 3 3 3 3 4 3 2 3 3 4 2 3 4 3 3 4 3 4 1 4 3 3 3 3 3 3 4 3 4 4 3 4 2 3 3 3 3 3 3 2 1 3 3 3 3 3 3 3 3 3 4 2 3 4 4 3 2 2 4 4 3 3 3 3 2 4 2 4 2 3 2 3 3 4 3 4 2 4 3 4 3 3 2 4 4 4 3 2 3 1 4 3 4 3 3 3 3 3 3 3 3 3 4 3 3 2 3 3 4 3 3 3 4 3 3 3 3 3 4 2 4 4 4 3 3 3 3 3 4 3 3 3 3 2 4 4 3 3 4 3 3 4 3 3 3 2 3 3 2 3 3 3 3 3 3 3 3 4 2 3 4 4 4 3 3 3 4 4 2 3 4 4 3 3 3 4 4 3 4 3 4 4 3 3 3 3 3 
Vertex 186: 3 3 3 2 2 3 3 3 1 3 3 3 3 3 3 2 3 3 3 3 2 3 3 3 4 2 3 3 3 3 2 3 3 2 2 3 2 3 3 3 2 3 3 2 3 4 2 3 3 3 2 3 3 3 2 3 1 3 2 3 1 2 3 2 3 3 3 3 2 3 3 3 3 3 3 3 3 3 2 2 3 3 2 3 3 2 3 2 3 2 3 2 3 3 2 3 3 3 3 3 2 3 3 2 2 3 3 3 3 2 3 3 3 2 4 2 4 3 3 3 2 3 3 3 3 3 3 2 2 3 1 3 3 3 3 3 1 3 3 3 2 3 3 3 3 2 3 2 3 3 3 3 2 3 2 3 3 3 3 3 3 3 3 3 3 3 3 3 2 2 3 2 2 2 2 2 3 3 3 3 2 4 3 2 3 3 0 3 3 3 3 2 3 2 3 3 3 3 3 3 3 3 3 4 3 3 3 2 3 3 3 3 3 3 3 2 3 3 3 3 2 3 3 2 3 3 3 3 4 2 3 3 3 2 2 3 3 3 3 3 4 3 3 3 3 3 3 3 2 2 3 3 3 3 2 3 3 3 3 3 2 3 2 3 2 3 3 3 3 3 2 3 3 3 3 3 3 2 3 2 4 3 2 3 3 3 3 3 3 3 2 2 2 3 2 3 3 2 2 2 2 3 3 2 3 3 2 3 2 3 3 3 3 3 3 2 3 3 2 3 2 3 3 3 3 3 2 3 2 1 3 2 3 2 3 2 3 3 2 2 3 3 3 3 3 3 3 3 3 3 3 2 2 3 2 3 3 3 3 1 4 3 3 1 3 3 3 2 3 1 2 1 2 2 3 3 3 3 3 3 3 3 2 2 4 3 3 2 2 3 3 2 3 3 2 3 4 3 3 2 2 4 3 3 3 3 3 3 2 3 2 3 4 3 2 2 3 3 4 3 3 3 3 3 3 3 3 3 3 2 1 3 3 3 2 3 3 3 2 3 3 4 3 2 1 2 3 2 3 2 3 2 4 3 2 2 3 3 2 3 3 2 3 2 3 3 3 4 3 2 2 2 1 3 2 2 3 3 3 3 2 2 3 3 3 3 3 3 2 3 3 3 2 3 3 3 3 3 3 3 
Vertex 187: 3 3 2 3 2 3 4 3 2 3 3 3 2 3 3 3 2 3 3 3 2 3 3 3 3 3 4 3 3 3 3 2 4 3 3 3 2 1 3 3 3 3 3 4 3 3 3 3 3 3 3 3 4 3 3 2 3 3 3 3 4 2 4 4 3 3 2 2 3 2 3 3 2 3 3 3 3 3 3 3 3 4 3 3 3 2 3 4 3 3 4 3 3 1 3 3 3 2 2 4 3 3 3 1 2 4 3 3 3 2 3 3 3 3 3 3 3 3 3 3 3 3 3 2 4 3 1 4 3 2 3 3 3 2 3 3 3 3 1 3 2 3 3 3 3 1 3 2 3 3 3 3 3 3 4 2 2 3 3 3 4 3 3 4 3 3 2 3 2 3 2 3 4 3 3 4 4 3 3 3 4 2 3 3 3 3 3 0 4 3 2 3 2 3 3 3 3 3 3 3 3 3 2 2 2 4 3 3 3 3 3 3 3 3 3 3 2 3 3 3 3 3 3 3 2 3 3 2 3 3 3 4 4 4 3 3 3 2 3 3 3 3 3 4 3 2 4 3 3 3 3 2 3 3 3 2 3 3 3 3 3 3 2 3 2 3 3 3 2 3 3 3 3 3 3 3 3 3 3 3 3 3 3 3 3 2 3 2 3 3 3 3 3 3 3 3 3 2 3 3 2 3 3 3 2 3 2 3 3 3 4 3 3 3 3 3 3 3 3 3 2 2 3 3 3 3 2 3 4 3 3 3 3 3 3 3 3 3 2 3 2 3 3 4 3 3 2 3 3 3 3 3 3 2 4 2 3 2 3 3 3 3 2 3 4 3 3 3 3 3 3 3 2 3 3 2 2 2 3 3 3 4 3 3 2 2 3 3 3 3 3 3 3 2 3 1 3 3 2 3 3 3 2 3 3 3 3 3 3 2 3 3 2 3 3 3 2 3 3 4 4 3 3 2 4 3 3 2 3 3 3 3 3 2 4 3 3 3 4 3 2 2 1 3 3 2 3 2 1 2 2 3 3 3 3 3 4 3 3 3 2 2 2 4 3 2 4 4 3 3 4 2 3 3 4 3 2 3 2 2 2 3 3 3 3 2 2 2 3 3 3 2 3 3 3 3 3 3 3 1 
Vertex 188: 4 3 3 3 3 3 4 3 3 4 3 3 2 3 3 3 3 4 4 3 4 3 3 3 4 3 3 4 3 3 3 4 3 3 4 3 3 3 4 3 3 3 4 3 3 3 3 3 3 3 3 3 3 4 3 3 2 3 3 3 2 3 4 3 3 3 4 3 3 4 3 3 4 4 3 3 3 3 2 3 3 2 3 4 3 3 2 3 3 3 3 4 3 3 3 3 3 3 3 3 3 4 3 3 3 3 3 2 3 4 3 3 1 3 4 3 4 2 3 3 3 4 3 3 4 3 3 3 3 4 3 4 4 3 3 3 3 3 3 3 4 3 4 3 3 3 3 3 2 2 3 4 3 3 3 3 3 3 4 3 4 3 3 3 4 2 3 4 3 2 3 3 3 4 4 2 3 2 2 3 3 4 4 3 3 4 3 4 0 4 3 3 3 2 3 4 3 3 4 4 3 3 4 3 2 3 3 3 2 2 3 3 3 3 3 3 2 3 2 3 3 4 3 3 2 2 3 4 4 3 3 3 2 2 3 3 3 4 4 3 3 4 3 3 3 2 4 2 4 4 3 2 3 3 3 3 2 3 4 4 3 3 4 3 3 3 3 4 4 2 4 3 3 4 4 3 3 3 3 3 2 3 3 2 3 2 4 3 4 3 2 2 1 4 2 3 3 3 3 3 3 4 3 4 3 3 3 3 3 3 2 4 3 3 2 4 3 4 2 3 4 4 4 4 1 3 3 3 3 3 3 3 3 3 3 4 3 3 3 3 3 3 3 4 3 3 3 4 3 4 4 3 4 3 2 2 3 4 3 3 2 4 3 2 3 2 3 3 4 3 3 3 2 4 3 3 3 2 3 3 3 4 3 3 4 3 4 4 2 2 3 2 3 4 3 4 4 3 3 3 3 3 4 3 3 2 3 3 3 3 4 4 4 4 3 1 4 2 4 3 4 2 2 3 3 3 4 3 3 2 3 3 3 3 3 2 3 4 3 3 3 3 3 3 2 3 2 3 3 3 2 3 2 2 4 3 3 3 4 3 3 4 4 4 3 2 3 3 3 3 3 3 3 4 2 3 4 4 4 4 3 3 2 3 3 3 3 3 3 4 3 2 2 1 3 1 3 2 3 3 
Vertex 189: 3 2 3 4 3 3 4 3 4 3 3 4 3 4 3 3 3 4 3 3 3 3 4 3 3 3 4 2 3 3 3 4 3 3 2 3 4 4 3 3 3 3 3 4 3 3 3 3 4 4 3 3 4 3 2 4 3 4 3 4 4 4 2 3 3 3 4 3 3 3 3 2 4 3 3 4 3 3 3 3 4 4 3 4 3 1 3 3 4 4 4 4 2 4 3 3 2 2 3 4 3 3 3 3 3 4 3 3 3 3 3 3 3 4 2 4 4 2 3 3 4 4 4 3 4 3 3 3 3 3 3 3 4 3 3 3 3 3 4 3 3 3 2 3 3 3 4 4 3 4 4 3 3 2 4 3 3 4 4 3 3 1 3 3 3 4 2 4 2 2 4 3 3 4 3 3 3 2 2 3 3 3 3 3 4 4 3 3 4 0 4 2 3 3 3 4 2 3 4 3 3 3 3 3 3 3 3 3 3 3 4 4 3 3 3 3 3 3 4 3 3 3 3 3 2 3 2 4 3 3 3 3 3 3 3 2 3 4 3 3 3 3 2 3 3 3 3 3 3 3 3 4 3 3 3 3 4 2 3 4 3 3 2 3 3 3 3 3 4 3 4 3 4 3 3 4 3 4 3 4 3 4 3 3 2 3 2 2 3 3 2 3 3 4 3 3 3 3 4 3 3 4 3 4 4 4 4 4 3 2 3 1 3 3 3 3 4 4 3 3 4 3 2 4 4 2 3 4 3 4 3 4 3 2 2 3 3 4 3 3 3 2 2 4 2 4 2 3 3 4 4 3 3 3 3 4 3 4 4 3 4 3 3 2 3 3 3 4 3 3 3 3 2 3 4 3 1 4 3 3 3 4 2 4 4 3 4 4 3 3 4 3 3 2 3 3 3 4 3 4 4 3 4 4 3 4 3 2 4 3 3 3 4 3 1 3 2 4 3 4 4 3 3 3 4 3 3 4 4 3 3 4 4 2 3 4 3 3 4 3 4 3 3 4 2 3 3 3 2 4 3 2 3 4 4 3 3 4 4 4 3 4 3 2 3 2 3 4 3 2 3 4 3 3 3 3 4 3 3 2 3 3 3 4 4 3 4 3 3 4 3 3 3 3 4 3 3 3 4 3 
Vertex 190: 4 2 2 3 3 4 4 2 3 4 3 3 4 3 3 3 3 4 3 3 4 4 3 2 3 1 3 3 3 3 3 3 3 3 2 3 4 3 3 3 2 3 3 3 3 4 2 3 4 3 3 3 4 3 3 3 2 3 3 3 3 4 3 3 3 3 4 4 3 3 2 3 3 3 2 4 3 2 3 3 4 4 3 1 3 3 3 3 3 3 3 3 2 3 3 4 3 2 2 3 3 2 2 3 2 3 3 3 3 3 3 3 3 3 3 2 3 3 3 4 3 2 2 3 3 4 1 2 4 3 3 3 3 3 3 4 3 2 3 3 3 3 3 3 3 3 3 2 1 3 4 3 3 2 3 2 3 3 3 2 4 3 2 2 3 3 3 3 4 3 3 3 3 4 3 2 3 3 3 2 3 3 3 3 2 3 3 2 3 4 0 4 3 1 3 3 3 3 3 3 3 3 3 3 3 3 3 4 3 3 3 2 4 3 3 2 3 3 3 4 2 2 2 3 3 4 4 3 4 2 4 4 4 3 3 3 3 3 3 1 3 3 3 4 3 3 3 3 2 3 3 3 3 2 3 3 1 3 2 3 3 2 3 3 2 3 4 3 4 3 4 3 3 3 4 3 4 3 3 3 3 2 3 4 3 3 3 2 3 3 3 3 3 2 3 4 3 2 3 2 3 3 3 3 2 2 3 3 3 4 3 3 3 2 3 3 3 3 2 3 2 3 3 4 2 3 3 3 4 2 3 4 2 4 3 4 3 3 3 3 3 2 3 3 4 3 3 4 2 3 3 3 3 2 3 3 3 3 3 3 3 2 3 3 3 3 2 3 3 3 4 3 3 3 3 3 3 2 3 2 3 3 3 3 2 4 3 3 2 3 3 3 3 2 3 3 4 3 2 3 3 4 4 3 3 3 3 3 3 3 2 2 4 3 3 2 3 3 3 3 3 3 3 2 3 3 3 3 4 2 3 4 3 3 3 3 3 3 4 3 3 2 3 3 2 3 2 3 3 4 2 2 3 3 3 3 2 3 3 2 3 4 3 3 3 2 4 3 3 3 3 3 4 3 4 2 2 3 3 4 4 3 3 3 3 2 1 4 3 3 2 3 3 4 3 3 3 3 4 3 
Vertex 191: 4 3 3 2 2 2 3 3 3 3 3 4 2 3 3 3 3 3 3 3 1 3 3 2 3 4 3 3 3 3 4 3 3 3 3 3 3 4 4 3 3 3 3 4 2 3 2 2 3 3 2 2 3 3 3 3 3 3 3 3 3 2 4 3 4 3 3 3 3 2 3 3 3 3 2 3 3 3 3 4 3 4 3 3 3 3 3 2 3 3 4 2 3 3 2 3 3 3 3 2 3 3 4 3 3 4 3 4 3 3 4 3 3 3 4 2 4 2 3 3 4 4 4 3 3 4 4 3 3 2 2 3 3 3 4 4 2 3 3 4 3 3 2 4 2 3 4 3 3 3 3 3 3 4 4 3 3 3 3 3 3 1 3 3 3 3 3 3 4 1 2 3 3 4 3 3 3 4 2 3 3 3 3 4 2 4 2 3 3 2 4 0 3 3 3 4 3 3 3 3 3 3 3 2 3 3 4 3 3 3 3 4 3 2 2 3 2 3 3 4 4 3 3 2 3 3 2 3 3 3 3 3 3 3 4 2 4 3 3 3 3 3 3 3 3 2 3 3 3 3 3 2 2 3 3 3 3 3 4 3 2 2 2 3 2 4 4 3 4 3 3 3 3 3 3 3 2 3 3 3 3 3 3 3 3 3 3 3 3 3 3 2 2 2 3 4 3 3 3 3 2 4 3 2 4 3 2 3 3 3 3 3 3 3 3 3 3 3 3 3 3 2 3 3 2 3 3 3 2 3 3 3 3 3 3 3 2 3 3 3 3 3 2 3 3 4 3 3 4 2 3 3 3 3 1 3 3 3 2 3 3 3 4 2 4 3 3 3 3 3 3 3 3 2 4 3 3 3 1 3 3 4 2 3 4 3 3 3 2 3 2 3 2 3 3 4 4 3 3 2 4 4 3 4 1 2 3 3 3 3 2 4 4 3 3 3 3 3 3 3 3 3 3 3 3 3 3 3 2 3 1 4 2 3 3 3 2 3 3 2 3 3 2 3 3 3 3 3 3 4 3 2 3 3 3 2 4 3 3 3 3 3 3 3 3 2 3 3 3 3 3 3 3 4 2 3 3 3 3 3 4 3 2 3 3 3 3 3 3 2 3 3 4 3 4 3 3 3 3 3 
Vertex 192: 3 3 3 2 2 3 4 2 3 2 3 3 2 3 3 2 2 3 3 3 3 3 2 3 3 3 4 2 2 3 3 2 2 2 2 3 2 3 3 3 3 2 2 3 2 3 3 3 3 3 3 3 3 3 3 2 3 3 3 2 3 1 3 3 3 3 3 3 4 3 3 3 1 2 3 4 3 2 3 2 3 3 2 3 3 3 3 2 3 4 3 3 2 3 3 3 3 2 3 3 3 3 2 2 2 3 3 3 4 2 3 3 2 3 3 3 3 3 3 3 3 3 3 3 3 3 3 3 2 2 3 3 2 2 3 3 2 2 2 2 3 3 3 3 3 3 2 3 3 3 3 3 2 1 3 3 2 3 3 3 4 4 3 2 4 2 2 3 2 3 2 3 3 3 3 3 4 1 3 3 3 3 1 3 3 3 3 2 3 3 3 3 0 2 2 4 3 3 4 3 3 3 3 2 2 4 3 3 3 2 3 4 3 3 2 3 2 3 3 2 2 3 3 3 2 2 4 2 3 3 3 3 4 2 2 3 3 3 3 3 3 2 2 3 3 3 3 3 3 3 3 3 3 2 2 3 3 3 3 3 3 3 3 3 3 2 1 1 2 3 3 3 2 3 3 3 3 3 1 2 2 3 3 3 3 3 2 3 3 3 3 3 3 2 3 3 2 3 2 3 3 3 2 3 3 3 3 3 3 3 3 3 3 3 3 3 3 4 2 2 3 2 3 2 3 3 3 2 3 3 3 2 4 3 2 4 3 3 2 3 3 3 3 2 3 3 3 3 2 2 3 3 3 3 2 3 3 3 3 3 3 4 3 3 3 3 3 2 3 3 3 3 2 2 2 2 3 2 3 3 2 2 3 3 3 2 4 3 3 2 3 3 3 3 2 3 3 3 3 3 3 3 3 3 3 3 4 3 4 2 3 3 3 2 2 3 3 3 2 3 2 3 3 3 3 3 3 3 3 3 2 2 1 2 3 2 3 3 3 3 3 2 2 2 3 2 3 3 3 2 3 3 3 3 2 3 2 3 1 3 3 2 3 2 2 3 3 3 3 3 3 3 3 3 3 3 3 2 3 3 3 3 3 3 2 3 3 3 4 3 3 3 3 3 3 3 3 3 2 1 
Vertex 193: 3 3 3 3 3 3 3 1 2 4 4 3 3 3 3 2 3 4 3 3 3 4 3 3 3 2 2 3 3 3 3 2 2 3 3 2 4 2 3 3 3 3 2 4 3 3 3 3 3 3 2 3 4 2 3 3 2 3 2 3 3 3 3 3 3 3 3 3 3 3 3 3 2 2 3 3 3 3 2 3 3 3 2 2 3 2 2 3 4 2 3 4 2 3 3 3 2 3 3 3 3 3 3 3 3 3 3 2 3 2 3 3 3 3 4 1 3 4 3 3 4 2 1 3 4 3 2 3 3 2 3 3 3 2 4 3 3 3 3 3 3 3 3 3 3 3 3 3 2 3 3 3 3 1 4 3 3 4 3 3 4 3 3 2 2 3 3 3 3 4 3 3 2 3 3 3 3 3 2 3 3 4 3 2 1 3 2 3 2 3 1 3 2 0 2 3 3 3 3 4 3 3 3 3 3 3 2 3 2 3 4 3 3 3 2 2 2 3 3 3 3 3 3 3 3 3 4 4 3 1 3 3 3 3 3 3 2 3 3 2 3 3 3 3 2 3 3 2 3 2 3 2 3 3 3 3 2 3 3 3 3 3 3 3 3 4 3 3 3 2 3 3 3 3 3 3 3 2 3 3 3 3 4 3 2 2 2 3 3 2 2 2 3 3 2 3 3 1 3 1 3 3 2 3 3 3 3 3 2 3 3 2 3 3 2 3 2 3 2 3 3 2 2 4 3 3 2 3 3 3 3 3 3 3 2 3 3 3 3 3 2 1 3 3 3 3 3 3 2 2 3 3 3 3 3 4 2 3 2 3 3 3 3 2 2 3 3 3 3 2 3 2 2 3 3 2 3 2 2 3 2 3 3 3 3 3 3 2 2 3 3 3 4 2 3 3 3 3 3 3 2 3 3 3 2 2 3 3 4 3 3 3 3 3 2 1 2 3 2 2 3 3 3 3 4 3 3 4 3 2 2 3 2 3 2 2 3 3 3 3 2 3 3 3 1 3 3 3 3 3 3 1 2 3 3 3 2 4 3 3 3 3 2 3 2 2 3 3 3 3 3 3 3 4 3 3 3 2 3 3 3 4 3 3 3 2 2 3 2 4 1 4 3 3 2 3 3 2 3 2 
Vertex 194: 2 2 3 3 3 3 3 2 2 3 3 2 3 3 2 3 3 3 3 2 3 3 3 3 2 3 3 3 2 3 3 3 3 3 3 3 3 2 3 3 2 3 3 3 3 2 2 3 3 3 3 3 3 2 2 3 3 1 2 3 3 3 1 3 3 2 3 3 2 3 3 1 3 2 2 3 2 2 3 3 3 2 2 3 3 3 2 2 2 2 3 2 2 3 3 3 3 3 3 2 2 2 2 3 3 2 2 3 2 2 3 2 2 3 3 2 3 3 3 3 2 3 3 3 3 3 3 3 2 2 3 3 3 2 3 3 3 3 3 3 3 3 1 3 3 3 3 3 3 3 3 3 3 3 2 3 2 3 3 2 3 2 2 2 2 3 3 3 2 3 2 2 2 3 3 2 2 1 2 3 3 3 3 4 1 3 3 3 3 3 3 3 2 2 0 3 3 3 3 2 3 2 1 3 2 3 2 3 3 3 2 4 3 2 2 3 3 3 3 2 3 3 3 2 3 2 3 3 3 3 3 2 2 3 2 2 2 2 3 3 2 3 2 3 3 3 3 2 3 2 3 2 3 3 2 3 3 3 3 3 4 3 2 3 2 2 3 3 2 2 3 3 2 3 2 3 3 2 3 3 3 2 3 3 3 3 2 3 3 3 1 3 3 3 3 3 3 1 3 2 4 3 3 2 2 3 3 3 3 2 2 2 3 3 3 3 3 4 3 3 3 2 2 3 2 3 2 2 2 3 4 3 3 3 3 2 3 1 2 3 3 1 3 3 3 3 3 1 2 2 3 3 2 2 3 3 1 3 2 2 2 3 2 3 3 3 3 3 2 3 3 2 3 3 2 2 2 3 3 3 2 3 3 3 3 2 2 2 2 2 2 3 2 3 2 3 3 3 3 2 2 2 3 3 2 3 3 3 2 3 3 2 3 2 2 3 3 3 3 2 3 3 1 3 3 1 2 3 2 2 3 3 3 3 2 2 2 2 3 3 2 2 2 1 3 3 3 3 2 3 3 3 3 3 3 3 3 3 2 2 3 2 2 2 3 3 2 2 3 3 3 3 3 3 4 3 3 3 1 3 3 3 3 2 3 2 3 3 3 3 3 3 3 2 3 3 3 3 3 3 
Vertex 195: 3 3 3 3 2 3 4 3 3 3 3 3 2 3 3 3 2 4 3 3 4 3 3 3 3 3 4 3 3 3 3 4 3 2 3 3 4 2 4 3 3 3 3 3 2 3 2 2 2 3 3 4 4 3 2 3 3 2 1 3 2 3 2 1 3 3 3 3 4 2 3 4 3 3 3 4 2 3 4 3 3 3 3 2 3 3 2 3 2 3 3 4 3 3 3 3 2 3 3 3 2 3 3 3 3 3 3 4 3 3 3 1 3 3 3 4 3 3 3 3 3 3 4 3 2 3 3 3 3 3 3 3 3 3 3 3 3 2 3 3 3 2 3 2 3 3 2 4 4 3 4 2 3 3 3 2 3 3 4 3 4 3 3 3 3 3 3 3 4 3 2 2 3 3 1 2 3 3 3 2 3 3 3 3 3 2 3 3 4 4 3 4 4 3 3 0 4 3 1 3 3 2 3 3 3 4 2 3 3 2 4 3 3 3 3 3 3 3 3 3 2 2 2 3 3 3 2 3 3 3 3 3 3 3 3 3 3 2 3 3 3 3 2 4 3 3 3 3 3 3 3 2 2 3 3 2 3 3 4 4 3 3 2 3 3 3 3 3 2 3 4 3 2 2 3 2 2 2 3 3 3 3 2 4 3 3 4 4 3 3 3 3 3 3 3 3 4 3 2 3 4 2 3 2 3 3 3 3 3 2 3 3 3 3 3 3 3 4 3 3 3 3 3 3 3 3 3 3 3 3 3 3 3 2 4 3 3 3 3 3 2 4 3 3 3 2 3 2 3 2 3 1 3 2 3 3 3 3 4 2 2 4 2 2 2 3 4 3 3 3 2 2 3 3 2 3 3 3 3 3 3 3 2 2 3 3 3 2 3 3 3 3 3 3 3 2 4 3 4 3 2 4 1 3 4 2 3 3 3 3 3 1 3 3 3 3 3 3 4 3 3 3 3 3 3 2 3 3 3 2 3 3 3 2 3 3 3 3 3 3 4 4 3 3 2 3 2 3 3 2 3 2 3 3 2 4 3 2 3 3 3 3 3 2 3 3 2 3 3 3 2 3 3 3 3 3 3 2 3 3 4 3 3 3 3 3 3 3 3 3 3 4 3 3 3 3 3 3 2 3 
Vertex 196: 3 2 3 3 3 3 4 3 3 3 2 2 3 2 2 3 3 4 3 2 3 3 3 3 3 3 4 2 2 3 2 3 1 2 3 3 3 3 3 3 3 4 3 3 3 3 3 3 4 3 2 3 4 3 3 3 4 4 4 3 3 3 3 4 4 4 3 3 3 3 2 3 3 3 3 4 4 2 2 3 3 3 3 2 3 1 3 3 4 3 3 4 3 2 3 2 3 2 3 3 3 3 4 3 3 3 2 3 3 3 3 3 2 2 3 2 4 3 3 3 3 3 3 2 3 2 3 4 3 2 3 3 3 3 3 3 3 3 2 3 3 3 3 3 3 4 3 2 2 4 3 3 3 4 3 2 3 4 3 2 4 3 3 3 3 2 2 2 3 3 2 4 2 3 3 3 3 3 2 2 3 3 2 4 3 4 3 3 3 2 3 3 3 3 3 4 0 3 3 4 3 3 3 1 4 3 3 3 3 3 2 4 3 3 3 3 3 3 3 3 3 3 3 3 2 3 2 4 3 3 3 4 3 3 3 3 3 3 3 3 3 3 4 4 3 3 1 3 2 3 3 3 3 2 3 3 3 3 2 3 3 3 3 3 3 3 3 3 3 2 3 3 3 2 3 3 3 3 3 3 2 3 4 3 3 3 3 3 3 3 3 2 3 3 3 3 3 2 4 3 4 3 3 2 2 2 3 2 3 4 4 3 3 3 2 3 3 3 3 3 4 3 2 4 3 3 3 3 3 3 3 3 3 3 3 3 2 3 3 4 3 3 3 3 3 4 3 3 3 3 3 3 4 4 3 3 3 3 3 2 4 3 3 2 4 2 2 3 3 3 3 3 2 3 3 2 3 3 3 3 2 4 4 3 3 3 3 3 3 3 3 2 3 3 2 3 3 3 1 3 4 3 4 2 2 4 3 4 3 3 3 3 4 3 3 3 3 3 4 2 4 3 3 1 3 3 3 4 2 3 3 3 3 3 3 3 3 3 3 2 3 3 2 4 3 3 3 2 2 3 3 2 2 3 3 4 3 4 3 2 2 4 4 3 3 4 3 3 3 3 3 3 3 3 4 1 4 3 3 4 3 3 3 3 4 1 2 3 3 4 4 1 3 3 2 3 3 3 3 2 
Vertex 197: 3 3 3 2 3 3 2 3 2 3 3 3 3 3 4 3 3 1 3 3 3 2 2 3 3 2 3 3 3 3 3 3 3 3 2 3 3 2 3 3 2 1 2 2 3 3 3 2 3 3 2 3 3 3 2 3 3 3 2 3 2 2 2 2 2 1 4 2 3 1 2 3 3 2 3 4 3 3 3 3 3 3 3 2 3 4 3 2 3 3 3 2 2 3 3 3 2 3 3 3 3 2 2 3 2 3 2 3 3 3 3 3 2 3 3 3 3 3 3 3 3 3 3 3 3 3 4 3 1 2 2 3 3 3 2 4 2 3 2 3 2 2 3 4 3 2 3 3 3 3 2 3 3 3 3 3 2 2 3 3 3 4 2 2 3 2 3 2 3 3 1 3 3 2 2 1 4 3 3 2 3 2 3 3 3 3 3 3 3 3 3 3 3 3 3 3 3 0 3 3 3 2 2 2 3 2 2 3 3 2 4 3 3 2 2 3 3 2 3 2 2 3 3 2 3 3 3 2 2 2 3 4 3 2 3 4 3 2 2 2 3 3 2 3 2 3 2 3 3 3 3 2 3 2 3 3 2 3 3 2 3 4 2 3 3 3 3 2 3 3 3 2 3 3 3 2 3 3 3 3 3 3 1 3 3 2 3 3 2 2 3 2 3 3 3 3 3 3 2 3 3 3 3 3 3 1 3 2 3 1 2 3 3 2 3 3 2 3 3 3 3 3 3 3 2 3 3 3 2 3 2 2 3 2 3 2 2 2 3 3 2 3 3 3 4 1 3 3 3 3 3 2 3 3 3 2 3 3 4 3 3 3 3 3 2 3 2 3 3 3 3 3 3 1 3 3 2 3 2 3 3 3 3 3 3 3 3 2 3 3 3 3 3 3 3 3 2 2 3 2 3 3 3 3 2 3 3 3 3 3 3 3 3 3 2 3 3 2 3 4 4 3 3 3 2 3 3 3 3 3 3 3 2 3 3 3 2 2 4 3 3 3 3 2 3 3 2 3 3 3 3 3 3 2 3 3 3 3 3 3 3 3 2 3 3 3 3 2 3 3 3 3 3 3 3 4 3 3 2 2 3 3 3 3 3 3 3 3 3 4 3 3 2 3 1 3 3 3 2 2 
Vertex 198: 3 4 2 3 3 3 3 2 3 4 3 3 3 3 4 3 3 3 2 2 3 3 2 4 4 2 3 4 2 4 4 3 4 3 4 3 3 3 3 3 2 4 3 3 3 2 3 2 1 3 3 3 3 3 3 3 3 3 2 2 3 3 3 2 4 3 3 3 3 3 2 3 3 4 3 4 3 3 3 3 3 2 3 3 3 4 3 3 3 3 3 4 4 3 2 3 3 3 3 3 3 4 3 2 3 3 3 4 3 2 4 2 3 4 3 3 4 3 3 4 3 3 3 3 3 4 4 4 3 3 3 3 3 3 3 3 3 3 4 2 3 3 3 1 4 3 2 3 3 3 3 3 3 4 4 3 4 3 4 3 3 4 4 2 3 4 3 2 4 3 2 3 3 4 2 3 2 3 3 2 3 3 3 4 3 3 3 3 4 4 3 3 4 3 3 1 3 3 0 4 3 3 2 3 4 4 3 4 3 3 3 4 3 3 3 3 4 3 3 2 3 3 1 3 3 4 3 4 2 2 4 4 4 4 3 3 4 2 3 3 4 4 3 3 3 2 4 4 3 4 3 3 3 3 4 3 3 3 3 3 3 4 3 3 3 3 3 3 3 3 3 3 3 3 3 3 3 3 3 3 3 2 3 3 2 4 3 3 3 3 3 3 3 4 3 3 3 3 3 4 3 3 4 1 3 3 3 3 3 3 3 4 3 3 3 3 4 3 2 2 4 3 3 3 3 3 2 4 3 3 3 3 2 3 3 2 3 3 2 3 1 3 4 4 3 3 3 3 4 3 3 2 4 3 4 3 3 4 4 3 3 3 3 3 3 4 3 4 2 3 3 3 2 3 3 2 4 2 3 3 3 2 3 3 3 4 3 3 3 4 3 2 4 3 3 3 3 4 3 3 3 4 2 4 3 3 4 3 3 3 3 2 3 3 3 3 4 3 3 3 2 4 3 2 3 3 3 3 4 3 2 4 3 3 4 3 2 3 3 3 3 4 3 3 3 3 3 2 3 3 4 3 3 4 2 3 3 3 3 3 3 3 3 3 4 3 3 4 3 2 3 3 3 3 3 2 4 3 3 3 3 3 4 3 3 3 3 4 3 4 3 3 3 4 3 3 3 3 3 3 
Vertex 199: 2 3 3 3 3 3 3 3 3 3 2 3 3 2 2 3 3 2 3 3 2 3 3 3 3 3 3 3 4 4 2 2 3 3 2 3 3 4 4 3 3 4 3 2 3 3 2 3 4 3 4 3 3 4 3 3 2 3 2 3 3 3 3 3 4 3 2 1 2 3 2 2 4 3 3 3 2 3 2 1 3 4 3 2 3 4 2 3 2 3 3 3 3 4 3 2 4 3 4 3 2 4 3 3 3 3 3 3 3 3 3 3 3 2 4 3 4 3 3 3 3 3 3 3 4 2 3 1 3 3 2 3 3 4 3 3 2 3 3 3 3 3 3 3 2 2 4 3 3 3 4 3 3 4 4 3 3 3 3 3 4 3 3 3 3 3 4 4 1 3 3 3 3 3 3 2 3 3 3 2 3 3 2 2 3 3 3 3 4 3 3 3 3 4 2 3 4 3 4 0 2 3 2 3 3 3 4 3 3 3 4 3 4 3 2 3 3 3 3 3 3 3 3 3 3 2 3 2 3 3 4 3 3 3 3 2 4 3 3 3 4 2 2 2 3 3 3 3 3 3 3 3 3 3 2 2 2 2 4 3 3 2 3 3 3 3 3 3 2 3 3 2 2 2 2 2 2 3 3 2 3 3 3 3 3 3 2 3 3 2 3 3 3 3 3 2 2 3 3 3 3 1 3 3 4 4 3 3 3 3 3 2 3 3 4 3 4 3 3 3 3 3 3 4 3 3 3 3 3 4 3 3 4 3 3 3 3 3 3 3 3 3 3 3 2 4 2 1 3 3 3 2 3 2 3 3 3 3 3 3 3 3 4 3 2 2 3 3 2 3 4 3 3 3 3 2 3 3 4 1 4 3 3 3 3 3 2 3 3 3 2 3 3 3 3 3 3 3 4 3 3 3 3 3 3 3 3 3 3 2 2 3 3 3 2 3 3 3 3 4 2 3 3 3 4 3 3 3 3 3 3 3 4 3 3 4 2 3 3 3 3 3 3 3 3 3 3 3 3 3 3 3 4 3 2 3 3 3 3 3 3 3 3 2 2 3 2 2 1 2 2 2 2 3 4 3 3 3 2 3 3 3 3 3 3 3 3 3 3 3 3 3 3 3 3 4 3 3 3 2 
Vertex 200: 2 3 3 2 2 3 4 3 3 3 4 4 2 2 3 4 3 4 3 3 3 3 3 3 3 2 4 3 3 4 3 2 3 3 3 3 3 3 2 3 3 3 3 2 2 1 3 2 2 3 4 3 3 3 3 3 3 3 3 3 2 3 3 3 3 3 1 3 4 3 2 3 3 3 3 4 3 3 3 3 3 3 3 3 3 2 2 2 2 3 3 3 3 3 3 3 4 1 2 2 3 2 3 3 2 3 3 3 3 3 3 2 3 3 3 4 4 3 3 3 3 4 2 3 3 2 4 3 2 3 3 2 2 3 2 4 2 3 4 3 3 4 3 2 3 3 2 3 3 3 4 2 3 3 3 3 3 3 3 3 4 4 3 3 4 4 2 3 2 3 2 3 4 4 3 3 3 3 3 3 3 3 3 4 3 4 3 3 3 3 3 3 3 3 3 3 3 3 3 2 0 3 4 3 3 4 3 2 3 3 3 3 3 3 4 3 3 3 4 3 3 4 3 3 2 2 4 3 1 3 4 3 3 4 3 3 3 3 3 3 2 4 3 4 3 3 3 3 3 3 3 2 3 2 2 3 3 2 2 3 3 4 3 3 3 3 3 3 2 4 4 3 3 2 2 3 2 3 3 3 3 3 3 4 3 3 2 3 3 3 3 3 3 3 1 2 3 3 2 3 3 3 3 3 3 3 4 3 3 3 2 3 3 3 3 3 4 3 3 4 3 2 3 4 3 3 2 2 3 3 2 3 3 3 3 3 3 2 3 1 2 3 3 4 2 4 3 3 3 3 3 2 3 3 2 3 3 3 3 3 3 3 3 3 3 2 3 3 3 3 3 3 3 3 3 2 3 3 4 3 2 3 3 3 3 3 4 2 3 3 3 3 2 4 3 2 3 1 4 3 3 3 3 3 3 1 4 3 4 4 3 3 3 3 3 2 3 3 3 3 3 3 2 2 4 4 2 3 4 3 3 4 3 3 3 2 2 4 2 2 3 2 3 3 3 3 2 3 3 3 3 3 3 3 3 3 3 2 3 1 3 3 2 3 2 3 3 3 1 3 3 3 3 3 4 3 3 4 3 3 3 2 3 4 3 3 3 3 4 4 4 3 2 2 4 3 3 3 3 2 
Vertex 201: 4 3 3 3 2 3 4 4 4 4 4 3 3 3 2 3 4 3 3 3 3 3 3 3 2 3 4 3 3 4 3 3 3 3 3 3 3 3 3 3 3 3 4 2 2 3 2 3 3 3 4 3 3 3 3 3 3 3 3 4 2 3 3 1 3 3 3 4 3 3 3 3 3 3 4 4 2 3 3 2 2 2 3 3 3 3 3 3 4 3 4 3 3 4 3 3 2 2 4 3 3 4 2 2 3 3 3 2 4 4 2 2 3 4 3 4 3 3 3 3 3 4 2 4 2 1 3 3 3 3 4 3 4 3 3 2 2 3 3 3 3 3 3 3 4 4 3 4 4 3 2 3 3 3 3 3 2 2 4 3 4 2 3 2 3 3 3 4 3 3 2 2 3 4 3 3 3 3 3 3 3 3 2 3 3 3 3 3 3 3 3 3 3 3 2 2 3 2 3 3 3 0 3 3 3 4 3 2 4 3 3 3 4 3 3 2 3 3 4 3 2 3 3 3 3 2 3 3 3 3 4 3 2 4 3 3 4 3 3 3 3 3 2 3 3 3 2 1 3 3 2 3 3 3 3 2 3 3 3 3 4 4 4 3 3 3 4 2 3 3 3 3 3 4 4 3 3 3 2 1 3 2 2 3 3 2 3 4 3 3 3 3 3 3 3 4 4 3 3 3 4 3 3 3 2 3 3 3 3 2 3 4 2 3 4 3 3 4 3 3 4 4 3 3 3 2 3 3 3 3 4 3 3 2 3 3 3 1 4 3 3 3 3 3 3 3 3 3 2 2 3 3 2 2 3 2 3 3 3 3 3 3 4 3 3 3 4 3 3 2 3 4 3 3 4 3 3 3 3 3 3 3 3 4 4 3 4 3 3 3 3 3 2 4 3 3 4 4 3 3 3 3 3 3 3 3 2 3 3 3 4 3 3 2 3 2 3 4 4 3 3 4 2 3 3 3 3 3 3 3 3 4 3 3 4 3 3 3 3 3 3 4 3 3 3 3 3 3 3 3 3 2 3 2 4 4 3 3 3 2 2 3 4 3 1 1 4 3 2 3 3 3 3 3 3 4 3 3 3 3 4 1 3 4 3 3 3 3 3 3 3 4 3 3 2 4 2 3 3 3 
Vertex 202: 2 3 2 3 3 3 3 3 3 3 2 3 3 3 2 2 3 3 3 3 4 4 3 3 2 4 4 4 2 3 4 3 3 3 3 3 3 3 3 3 3 3 3 3 3 3 3 3 3 3 3 3 3 3 2 4 3 2 2 2 3 3 2 2 2 3 3 3 3 3 4 2 4 2 3 4 3 3 3 3 3 3 3 3 3 4 3 2 2 2 3 3 3 3 2 4 3 3 4 3 3 3 3 3 2 3 2 3 3 3 3 3 3 3 3 3 4 3 3 3 1 4 3 3 3 4 2 3 3 3 3 3 4 3 3 4 3 3 3 3 3 2 2 3 3 3 3 4 3 3 3 3 2 4 3 3 3 2 4 3 4 3 3 3 3 3 4 4 3 3 3 3 3 3 2 3 2 2 3 3 3 3 3 3 2 2 3 2 4 3 3 3 3 3 1 3 3 2 2 2 4 3 0 3 3 3 3 4 3 3 3 3 4 3 3 3 3 4 3 3 3 2 3 3 3 2 3 3 3 3 3 3 3 2 3 2 3 3 2 3 3 4 3 3 3 3 4 3 4 3 4 3 3 3 3 3 3 2 3 3 3 4 3 3 3 3 3 3 3 3 3 3 3 3 2 2 3 3 3 3 3 2 3 3 3 3 2 3 2 3 2 3 3 3 3 3 3 2 2 3 4 3 4 1 3 3 3 2 3 1 2 3 3 2 3 3 4 3 3 2 3 3 3 3 3 4 2 3 3 2 3 3 4 4 3 2 4 2 1 3 3 2 4 3 3 3 3 1 3 3 4 3 2 1 4 2 2 3 3 2 3 3 3 3 2 3 3 3 2 3 3 3 4 3 3 2 3 2 3 2 3 3 3 3 3 3 2 3 2 3 3 3 3 3 3 3 3 3 3 3 3 3 3 2 3 4 3 3 3 3 3 3 3 3 2 3 3 3 3 3 4 3 2 3 3 2 3 3 3 3 2 4 3 3 3 3 3 3 3 3 3 3 3 2 3 3 2 3 3 3 3 3 3 4 2 3 3 2 3 3 3 3 2 3 3 3 2 3 3 3 3 3 3 4 3 2 3 3 2 4 4 2 2 3 3 3 3 3 4 3 3 3 3 3 3 3 3 3 3 2 
Vertex 203: 4 2 2 2 2 2 3 3 3 3 3 3 3 3 3 3 2 3 3 3 3 3 3 3 4 3 3 3 3 3 3 2 2 3 3 3 3 3 3 3 3 3 2 4 2 3 4 2 3 2 3 3 3 3 3 3 3 3 3 2 3 3 3 3 3 3 3 4 3 3 2 3 3 3 3 4 3 3 3 3 3 3 3 3 3 2 3 3 3 3 4 4 3 3 2 3 3 2 4 3 3 2 3 2 2 2 3 3 3 2 3 3 3 3 3 2 3 2 3 3 3 3 3 3 3 3 2 3 3 2 3 3 3 2 3 3 3 2 3 3 3 3 3 4 3 3 4 3 3 3 2 3 3 3 4 3 3 3 4 1 4 3 2 3 4 3 2 3 2 3 1 3 3 3 3 3 3 2 3 3 3 3 3 4 2 4 4 2 3 3 3 2 2 3 3 3 1 2 3 3 3 3 3 0 3 2 3 4 3 3 3 3 3 2 2 3 2 2 3 3 3 3 3 2 2 3 3 4 2 2 3 3 3 2 2 3 3 2 3 2 3 2 3 3 3 2 2 3 3 3 3 3 3 3 2 3 2 2 3 3 3 3 3 3 4 3 3 3 2 3 3 3 3 3 3 2 4 3 2 3 3 3 3 3 2 3 3 3 3 2 3 2 2 3 3 4 3 3 3 3 4 3 2 3 3 1 3 2 2 3 3 3 3 3 1 3 2 3 3 3 3 2 3 3 2 3 3 2 4 3 3 4 3 2 3 3 2 2 2 3 2 2 4 3 3 3 3 4 3 3 2 2 3 3 3 2 3 3 4 3 3 3 4 3 3 1 2 4 3 3 3 3 3 2 3 3 3 2 3 3 1 3 3 3 3 2 3 3 3 3 3 3 3 3 3 3 4 3 2 2 4 3 3 2 1 4 2 3 2 3 3 3 3 3 3 3 3 2 3 3 3 3 2 2 3 3 3 3 3 3 3 3 3 3 2 3 2 2 3 3 3 3 3 3 3 2 3 3 3 2 3 3 3 3 4 4 3 3 3 3 3 3 3 4 3 3 4 3 3 3 2 3 3 4 3 2 3 4 3 3 3 3 2 3 3 2 3 4 3 4 3 2 3 3 3 3 3 4 3 1 
Vertex 204: 2 2 2 4 3 3 4 3 3 3 3 2 1 3 4 3 3 3 2 2 3 3 3 3 4 3 2 4 4 3 3 3 3 3 4 3 3 1 3 1 3 3 3 4 3 3 3 3 4 3 3 2 3 3 3 3 2 3 3 3 3 3 3 3 2 4 3 3 3 2 3 3 3 3 4 3 2 2 3 3 3 3 3 3 2 3 2 3 2 4 3 3 3 2 3 3 4 3 3 3 3 4 2 3 3 3 3 3 3 3 3 3 2 2 3 3 3 3 1 2 2 3 4 3 2 3 3 3 3 3 3 3 3 3 2 3 2 2 3 4 3 3 3 3 2 3 3 4 4 4 3 3 3 3 4 3 3 3 3 2 4 3 3 3 3 3 3 3 2 2 2 1 4 3 3 3 3 1 3 2 2 4 3 3 3 2 3 2 2 3 3 3 2 3 2 3 4 3 4 3 3 3 3 3 0 2 3 3 3 3 3 4 3 3 2 3 3 3 3 4 3 4 3 1 2 2 3 3 3 3 4 3 3 3 3 3 3 3 3 3 4 4 2 2 3 4 3 3 3 3 2 2 3 3 2 3 2 2 3 3 3 3 3 3 3 2 3 3 3 3 3 3 3 3 3 3 3 4 2 3 2 3 3 3 3 3 3 3 3 3 3 3 2 4 3 3 3 2 3 4 3 3 3 4 3 3 3 3 3 3 3 3 3 1 3 3 4 4 3 3 3 3 3 3 3 2 3 3 3 3 4 2 4 3 3 3 3 3 2 3 3 3 2 3 3 3 3 3 3 2 3 2 2 3 4 3 2 2 3 3 3 3 3 3 3 3 3 2 3 3 3 2 2 3 3 2 3 4 3 3 2 3 3 3 2 2 3 3 3 2 3 2 3 2 3 3 3 2 3 2 3 4 2 3 3 3 3 3 2 2 2 2 2 2 2 3 3 2 2 4 3 3 3 3 2 2 2 4 3 3 3 4 3 3 2 3 3 3 3 3 3 2 3 3 3 4 3 3 3 3 3 3 3 3 4 3 3 3 3 3 3 3 2 3 3 2 4 4 3 2 3 3 3 3 3 3 3 3 3 3 3 3 3 3 3 3 4 3 3 3 3 3 3 3 4 3 3 3 3 3 
Vertex 205: 3 3 3 3 3 2 3 3 3 4 1 3 2 3 2 3 3 3 2 2 3 3 3 3 3 4 4 3 4 3 3 4 2 3 3 3 4 3 3 2 3 3 3 4 3 4 3 2 3 3 3 2 4 3 3 3 3 2 3 3 3 3 3 3 3 3 3 3 3 3 3 3 3 3 3 4 3 4 3 3 2 3 4 3 3 3 2 3 3 3 3 3 3 3 3 3 4 3 3 4 2 2 4 4 2 3 3 3 2 3 3 3 2 3 3 3 4 3 3 3 2 3 2 4 4 4 3 3 3 3 3 3 4 3 3 4 4 3 3 3 4 3 2 3 1 3 3 3 3 3 3 3 2 3 4 4 3 4 3 3 4 3 3 3 4 2 3 4 4 2 3 3 3 4 3 3 3 3 2 3 3 3 3 3 3 4 3 4 3 3 3 3 4 3 3 4 3 2 4 3 4 4 3 2 2 0 3 3 3 2 3 3 3 3 3 3 3 3 1 2 2 4 3 3 3 3 3 3 4 4 3 3 3 2 4 3 3 2 3 2 4 3 4 4 3 2 4 3 3 3 4 3 2 3 3 3 2 3 3 3 3 2 3 3 3 4 3 3 3 3 3 3 4 4 2 3 4 3 3 3 3 2 3 3 3 3 3 3 3 3 2 3 3 3 3 3 3 3 3 3 3 2 3 3 3 1 3 3 3 3 2 3 3 2 3 2 3 4 3 3 2 3 3 3 3 3 4 4 3 3 4 3 2 3 3 3 3 4 2 3 3 4 2 3 3 3 3 3 3 3 4 3 4 3 3 2 4 3 3 3 3 4 3 3 3 3 2 3 3 3 3 3 3 2 4 2 3 3 3 3 3 4 4 3 3 3 3 4 1 3 3 2 4 3 3 3 3 3 3 3 3 3 4 3 3 3 4 3 3 3 3 3 3 3 2 2 3 2 2 3 3 4 3 4 1 3 3 3 3 2 2 3 3 2 1 3 3 2 3 3 3 3 3 3 2 3 2 3 4 4 3 3 1 4 3 4 4 3 3 3 3 3 3 3 3 4 3 3 3 3 2 3 3 3 3 2 3 4 3 3 2 3 3 3 3 3 3 4 2 3 4 3 3 3 3 3 3 2 3 3 
Vertex 206: 3 3 3 3 3 3 2 3 2 2 3 3 3 3 3 3 2 3 3 3 4 3 3 3 3 4 4 3 2 3 3 3 3 2 3 3 4 2 4 2 3 2 4 3 3 3 3 2 3 3 3 3 3 3 3 4 3 3 3 3 3 2 1 3 1 1 3 3 3 3 3 3 3 3 3 3 3 4 3 4 2 3 3 2 2 3 3 3 3 3 2 2 2 4 2 3 2 3 2 3 3 2 3 3 2 3 3 3 3 2 3 3 3 3 2 3 3 3 3 3 3 3 3 2 4 3 3 3 2 4 3 3 3 3 3 2 3 3 3 3 4 2 3 3 3 3 2 3 3 3 3 2 2 3 3 3 3 3 3 3 3 3 3 2 1 3 3 3 3 3 3 2 3 3 3 3 3 3 2 3 3 3 3 3 3 3 3 3 3 3 3 4 3 2 2 2 3 2 3 4 3 3 3 3 3 3 0 3 4 2 3 3 2 2 2 3 2 3 3 3 2 3 3 3 3 3 2 3 3 3 3 3 1 3 3 2 2 2 3 3 4 3 3 2 3 3 3 3 2 2 2 3 3 3 2 3 3 3 4 3 3 3 3 3 3 2 2 2 3 2 2 2 3 4 3 3 3 2 3 3 3 3 3 3 3 3 3 3 3 4 2 3 2 3 3 2 3 1 3 3 3 3 2 2 3 2 3 3 2 2 3 3 2 3 3 3 3 3 2 1 4 3 3 3 3 3 3 3 2 3 3 3 4 3 2 3 3 2 3 2 4 3 4 3 3 3 2 3 3 3 2 3 2 2 3 3 3 3 2 2 3 3 2 3 3 3 3 3 3 3 3 3 3 3 3 3 3 3 3 3 3 3 3 2 3 2 2 3 3 3 3 3 3 2 3 2 3 3 3 2 3 2 3 3 3 3 4 2 3 3 3 1 2 2 2 3 1 3 4 3 3 3 3 3 2 2 3 2 3 3 3 1 3 2 3 2 3 1 3 3 3 3 3 3 3 3 2 3 3 2 3 2 3 4 3 3 3 2 3 3 3 3 3 3 3 3 3 2 4 3 2 3 3 4 3 3 3 2 2 4 2 3 2 3 1 2 3 3 3 3 3 3 3 3 3 3 3 3 3 3 
Vertex 207: 3 2 3 3 3 3 3 3 3 3 3 4 3 3 3 3 3 3 3 2 2 3 3 2 2 3 3 3 4 2 3 3 3 2 3 2 2 3 1 2 3 3 3 1 3 3 3 3 3 3 3 1 3 3 2 3 3 3 2 2 3 3 3 3 3 3 3 4 3 3 3 2 3 3 3 3 2 3 2 3 3 3 3 3 2 3 3 3 3 3 2 2 3 3 4 3 3 3 4 3 3 3 2 3 2 3 3 3 3 2 2 3 3 3 3 3 2 3 3 1 3 3 2 2 3 3 3 2 3 3 3 3 3 3 4 3 1 3 3 3 3 2 3 3 3 3 3 3 3 3 3 3 3 3 4 3 1 3 2 3 4 3 3 2 3 3 2 4 2 3 3 2 3 4 3 2 3 2 2 2 3 3 2 4 2 3 2 3 3 3 4 3 3 3 3 3 3 3 4 3 2 2 4 4 3 3 3 0 3 3 3 4 3 3 3 2 2 3 4 3 3 3 3 2 3 2 3 2 3 3 3 1 3 3 4 2 3 3 2 3 4 3 2 3 3 3 3 2 2 3 3 2 3 2 3 2 3 3 3 3 3 3 3 3 2 1 3 3 3 2 4 1 3 3 2 3 1 3 2 2 3 2 2 2 3 3 3 3 3 3 3 2 3 3 1 4 3 3 2 3 2 3 3 3 4 3 3 2 2 3 2 2 2 3 3 2 3 4 3 2 4 3 3 3 3 3 2 3 2 3 2 3 3 3 2 4 3 3 3 3 3 3 2 3 3 3 3 3 2 2 3 3 3 3 2 3 3 2 3 2 3 3 3 3 4 4 3 3 3 3 3 3 3 2 3 2 2 3 3 3 3 3 2 3 3 3 2 3 3 3 3 3 3 3 3 2 3 2 3 2 3 2 2 3 3 3 2 1 3 2 2 3 3 2 2 3 3 3 2 1 3 3 2 3 2 3 3 3 3 3 3 3 2 3 3 3 3 3 3 2 3 2 3 3 3 3 3 2 3 2 4 2 3 3 3 3 3 3 2 3 3 3 2 3 1 2 3 3 2 3 3 2 3 3 2 2 2 3 3 1 4 2 2 3 3 3 3 3 3 3 4 3 3 2 2 3 3 2 2 3 
Vertex 208: 3 4 2 3 3 3 3 3 3 2 4 3 3 3 3 3 3 3 3 3 3 3 2 4 3 3 2 4 3 3 4 3 3 3 3 2 2 3 3 3 3 3 2 3 3 3 3 3 3 2 3 3 3 2 1 3 2 3 3 3 3 3 4 3 3 3 4 3 3 3 3 3 4 2 3 2 3 3 2 3 3 2 3 2 3 3 2 3 3 2 3 3 3 3 3 4 4 3 3 3 3 3 3 3 3 3 3 3 3 3 4 3 1 3 3 3 3 3 3 3 3 3 3 2 2 3 3 3 3 4 3 3 3 3 3 3 2 3 3 2 3 3 3 3 3 3 4 2 3 3 3 3 2 3 4 2 3 2 4 4 4 3 4 3 3 3 3 3 3 4 3 3 4 3 2 2 4 2 2 3 3 4 3 4 3 3 3 3 2 3 3 3 3 2 3 3 3 3 3 3 3 4 3 3 3 3 4 3 0 3 4 3 3 3 3 2 4 4 2 3 3 4 4 3 3 2 3 4 3 1 2 3 3 3 3 3 3 3 3 3 3 4 3 3 3 3 3 4 4 4 4 3 3 1 3 3 3 3 2 2 1 3 3 3 3 3 2 3 3 3 3 3 4 2 3 3 2 2 4 3 2 3 3 2 3 3 2 3 4 3 3 2 3 3 2 3 3 3 3 3 3 3 2 3 3 4 2 4 3 3 3 2 3 3 3 2 3 4 3 3 3 3 3 3 2 4 2 3 3 3 3 2 3 4 2 4 3 3 3 3 2 3 2 3 3 3 3 3 3 2 4 3 3 2 3 4 2 2 3 3 4 4 2 3 3 3 4 2 2 3 3 2 3 3 1 3 4 2 3 2 3 3 3 3 4 3 3 3 3 1 4 3 3 2 3 3 3 2 3 2 3 3 4 3 3 4 3 3 3 3 3 3 3 3 3 3 4 3 4 4 3 3 3 2 3 3 2 4 3 3 2 3 3 3 3 3 3 3 4 2 3 3 3 3 3 3 2 3 3 3 2 3 2 3 3 3 4 3 2 3 3 3 2 3 3 4 3 3 3 3 2 1 4 4 3 4 4 4 3 3 3 3 2 4 3 3 3 3 3 3 3 2 3 3 2 3 3 4 3 3 
Vertex 209: 2 3 3 2 3 3 3 2 3 4 3 2 2 2 2 3 2 3 3 3 3 3 2 3 3 4 4 3 3 3 3 3 2 2 3 3 4 3 4 3 3 2 2 3 3 3 3 2 2 3 3 2 3 4 3 3 3 2 3 3 3 3 3 3 3 1 2 3 3 3 3 3 3 4 3 4 3 3 3 2 3 1 3 3 3 3 3 3 2 3 3 2 2 3 3 1 2 3 1 3 3 2 3 2 2 3 3 3 2 3 3 2 2 3 3 3 3 2 3 3 4 3 3 3 4 2 4 3 3 3 3 3 3 3 3 2 3 3 3 3 3 3 3 3 3 3 3 3 2 3 3 2 3 3 3 3 2 3 2 3 3 3 3 2 3 2 3 3 2 3 2 3 3 3 3 2 3 2 3 3 3 2 3 3 3 3 3 3 2 3 3 3 2 3 3 2 3 2 3 3 3 3 3 3 3 2 2 3 3 0 3 3 1 2 3 3 3 3 3 2 2 4 3 3 3 3 3 3 3 3 2 3 3 3 3 3 3 2 3 3 3 3 3 4 3 2 3 3 3 2 3 3 3 3 3 4 2 3 3 2 3 3 3 2 3 3 3 3 2 3 3 2 4 3 3 2 3 3 3 3 2 2 3 3 2 3 3 3 3 3 3 3 3 4 3 4 3 3 2 3 3 2 3 3 3 3 3 3 3 3 2 3 1 3 3 3 3 3 2 3 3 2 2 3 3 3 3 2 2 3 3 2 4 1 3 3 3 2 2 3 3 3 3 3 2 3 3 2 3 3 3 1 3 3 2 4 2 3 2 3 3 3 4 2 3 3 3 2 3 2 3 2 2 2 3 1 2 2 4 3 2 3 4 3 3 2 3 2 1 3 3 2 3 3 3 2 2 3 3 3 2 3 3 4 2 2 3 3 2 3 3 3 3 3 3 2 2 3 3 3 3 3 3 3 3 3 3 3 4 2 2 3 1 3 3 2 2 3 3 3 2 3 2 3 2 3 2 3 3 2 3 3 3 3 3 4 3 3 3 3 3 3 3 3 4 2 3 3 3 3 2 3 3 3 3 2 3 4 2 3 4 2 3 3 2 2 3 3 4 3 2 3 3 3 3 1 3 2 2 3 
Vertex 210: 3 2 3 3 3 2 4 3 4 4 3 3 4 3 2 4 3 3 3 3 3 2 3 3 4 2 4 3 3 2 2 3 3 3 4 2 2 4 3 3 3 4 3 2 4 2 3 3 4 3 2 3 4 3 3 3 3 3 3 3 3 3 3 4 4 3 4 4 4 3 3 3 3 3 4 4 3 3 3 3 4 4 4 3 3 3 2 3 3 2 3 4 3 3 3 4 3 3 2 4 4 4 3 3 3 2 3 3 3 3 3 4 3 3 4 3 4 3 2 3 3 4 3 3 4 3 3 3 3 2 4 4 3 4 4 3 3 3 2 3 4 3 3 3 3 3 4 3 2 3 3 3 2 4 4 3 2 3 3 2 4 3 3 3 3 2 3 2 3 3 3 3 3 3 3 3 3 2 2 3 3 3 3 3 3 4 3 3 3 4 3 3 3 4 2 4 2 4 3 4 3 3 3 3 3 3 3 3 4 3 0 3 3 3 3 3 2 4 3 3 3 5 2 4 3 3 2 3 3 3 3 4 3 3 4 4 3 3 3 4 4 2 3 3 3 3 3 2 3 3 3 4 2 3 3 3 3 3 4 3 4 3 3 2 3 3 3 3 3 3 3 3 2 3 3 3 3 2 4 2 3 3 4 2 3 3 3 3 3 3 3 2 4 3 4 3 2 3 4 3 2 3 2 4 2 3 3 3 2 4 4 4 3 3 3 3 4 4 2 3 4 3 3 4 2 3 4 3 3 4 3 3 4 2 3 4 3 3 3 4 3 3 4 3 4 3 3 3 3 3 3 3 3 3 3 2 3 3 3 3 3 3 3 3 3 3 3 3 3 3 3 4 3 3 4 3 3 3 3 3 3 3 4 4 4 1 3 3 3 3 2 1 4 3 3 3 4 4 1 2 3 2 3 2 3 3 4 3 3 2 3 3 4 3 3 3 4 3 3 2 3 4 1 3 2 2 3 4 1 3 3 3 3 3 3 3 3 3 4 4 3 3 3 3 3 3 2 2 4 3 3 4 3 3 4 4 3 4 3 3 3 4 4 4 4 4 3 3 3 3 4 3 2 3 4 3 4 3 3 3 4 4 3 3 2 2 4 3 3 4 4 2 3 3 3 3 4 4 3 2 
Vertex 211: 4 3 3 3 3 3 4 4 4 4 3 3 3 4 2 3 2 4 3 3 4 3 2 3 2 3 3 3 3 3 4 3 3 4 3 3 4 4 4 3 3 3 4 4 3 4 3 3 4 3 3 3 4 3 3 4 3 3 2 3 3 3 4 3 4 2 3 3 3 3 3 3 3 4 4 3 4 2 3 2 3 3 3 3 3 3 3 4 4 3 3 3 3 4 3 3 3 3 3 3 3 3 3 3 3 3 3 3 2 3 3 2 2 4 3 2 4 2 3 3 4 3 3 4 4 2 2 4 4 3 4 4 3 2 2 4 4 3 3 4 3 2 3 4 3 4 3 4 3 3 3 3 3 4 4 2 3 3 2 4 4 3 3 2 3 3 4 4 3 3 2 4 3 4 3 3 4 3 2 3 3 3 3 3 3 3 3 3 3 4 2 4 4 3 4 3 4 3 4 3 3 3 3 3 4 3 3 4 3 3 3 0 3 3 3 4 3 3 3 3 2 4 3 3 2 4 3 4 3 3 3 4 3 2 3 3 2 3 3 3 3 3 3 3 3 3 3 4 4 4 3 3 3 4 3 3 3 3 3 3 4 4 4 4 3 4 3 4 4 3 3 4 4 4 3 3 3 3 4 3 3 3 4 2 3 3 3 4 3 1 3 3 2 4 3 4 4 3 2 3 4 4 3 4 3 3 2 3 4 3 4 4 4 4 3 3 3 2 3 3 3 3 3 2 2 4 4 3 3 3 4 3 3 3 4 4 3 3 3 3 3 3 3 3 4 4 4 3 4 4 4 3 3 2 3 4 3 4 4 3 3 3 4 2 4 3 3 3 3 3 2 4 3 3 4 3 4 3 3 3 4 4 3 2 3 3 4 3 3 3 4 2 2 3 4 4 4 3 3 4 4 3 3 4 4 3 3 3 4 3 3 3 4 3 3 3 3 3 4 4 4 1 3 3 3 4 4 3 4 3 3 3 3 4 4 4 3 3 3 3 3 4 4 4 3 3 1 4 3 3 1 4 2 1 3 3 3 3 3 2 4 3 4 3 3 4 3 2 3 2 3 3 3 4 2 4 3 4 3 4 3 3 3 4 4 3 3 3 3 4 4 3 3 3 2 3 3 4 3 3 
Vertex 212: 3 3 2 2 3 3 4 3 3 3 3 3 2 3 3 2 2 4 3 3 3 4 3 3 4 3 3 3 3 3 3 3 3 3 4 3 3 3 3 3 3 3 3 3 3 2 3 1 2 3 3 3 3 3 3 3 3 3 3 2 3 2 3 4 3 2 3 3 3 3 3 3 3 3 2 3 3 3 4 3 3 2 3 3 2 3 3 3 3 4 3 3 3 3 3 2 3 2 2 4 3 3 3 3 3 4 3 3 3 3 3 3 3 4 3 3 3 1 3 3 3 3 3 2 3 3 4 4 3 3 3 2 4 3 3 2 3 3 3 3 3 3 3 2 3 3 3 4 3 3 4 3 3 4 4 3 3 3 3 3 4 2 3 3 3 2 3 3 3 2 3 3 3 4 3 3 3 3 2 3 3 3 3 3 4 4 3 3 3 3 4 3 3 3 3 3 3 3 3 4 3 4 4 3 3 3 2 3 3 1 3 3 0 2 2 3 3 2 3 3 3 4 3 2 2 3 4 4 3 3 1 3 3 2 3 3 3 3 3 3 3 3 4 3 3 3 3 3 2 3 4 2 3 3 3 3 3 3 3 3 4 3 2 2 3 4 3 3 3 3 3 3 3 3 3 3 2 3 2 4 3 3 3 3 1 3 3 3 4 3 3 3 2 4 3 3 4 2 3 3 3 3 3 3 3 2 2 3 3 3 3 4 2 4 2 2 3 4 3 3 4 3 3 4 3 3 3 3 3 3 3 3 3 2 3 2 2 3 3 3 2 3 3 2 3 4 4 3 3 3 3 2 2 3 3 3 3 3 3 3 4 3 3 3 3 2 3 3 3 3 3 3 1 3 2 2 3 2 3 4 3 4 3 3 3 3 3 3 2 3 4 3 4 3 3 2 3 3 2 4 3 2 3 3 3 3 3 3 3 3 3 3 4 3 2 2 1 3 4 4 4 2 3 3 3 3 3 4 4 2 3 3 2 3 3 1 3 3 3 3 3 3 3 3 2 2 2 2 2 3 3 2 3 2 2 4 4 4 3 3 3 2 3 4 3 3 3 3 3 2 3 3 3 4 3 3 3 3 3 2 3 3 2 3 2 3 3 3 4 4 2 3 3 2 3 2 3 2 3 3 
Vertex 213: 3 3 2 2 2 2 4 3 3 3 3 3 2 3 3 3 3 3 3 2 3 2 2 2 3 4 4 3 1 3 4 3 3 2 3 3 3 3 3 3 3 3 3 3 2 2 4 2 3 2 2 3 4 3 3 3 3 3 2 2 3 2 2 2 3 3 2 3 2 1 2 3 3 3 3 2 3 3 3 4 3 3 2 3 2 3 3 2 3 3 3 3 3 3 3 3 3 3 3 3 2 3 3 2 2 3 3 3 3 3 3 3 2 3 2 2 3 1 3 3 3 3 3 2 3 2 3 3 3 4 2 3 3 2 2 3 2 3 2 2 3 2 2 4 2 2 3 3 3 3 3 2 2 3 2 3 2 3 2 3 3 2 2 3 3 3 2 2 3 1 3 3 3 3 3 2 3 3 2 3 3 1 3 3 3 3 3 3 3 3 3 2 3 3 2 3 3 2 3 3 3 3 3 2 3 3 2 3 3 2 3 3 2 0 3 3 3 2 3 2 2 3 3 3 3 3 3 3 3 3 2 2 3 2 3 2 4 2 2 3 4 3 2 2 3 3 3 3 2 3 3 2 2 3 3 3 3 3 3 3 3 2 3 3 3 2 3 2 3 3 3 2 3 3 1 3 3 3 3 3 3 2 1 3 2 3 3 3 3 3 3 3 2 3 3 3 3 3 2 3 2 3 3 2 3 3 3 3 2 3 3 3 3 2 1 1 2 3 2 1 3 3 2 3 3 3 3 3 3 3 2 2 3 1 2 3 3 3 3 3 3 3 3 3 2 2 3 2 2 3 3 2 3 2 3 3 3 3 4 3 3 1 4 3 3 2 3 3 3 2 3 2 3 2 3 3 2 3 2 3 2 3 3 3 3 2 3 4 3 3 4 3 2 2 3 3 2 3 3 3 2 3 3 3 3 3 4 2 3 3 2 3 2 3 3 3 3 3 3 3 3 2 3 3 2 3 3 3 3 3 3 3 3 3 2 3 3 3 3 3 3 3 3 1 3 2 2 3 3 2 3 3 3 3 2 3 3 3 2 3 3 2 2 3 3 3 3 3 3 2 3 2 3 3 3 2 3 3 3 2 3 3 1 3 2 3 2 2 3 3 3 2 2 2 3 2 3 3 3 3 
Vertex 214: 3 3 1 2 3 3 3 2 3 3 3 3 2 3 3 3 2 3 3 1 3 3 3 3 3 4 3 2 2 2 3 3 3 2 2 2 4 3 3 3 3 2 2 2 3 3 3 2 3 3 2 3 4 3 2 3 3 3 3 3 3 3 3 3 3 2 3 3 2 3 3 3 3 3 3 3 3 4 3 2 3 3 2 3 3 3 2 3 3 3 3 3 2 3 2 3 3 3 3 3 3 3 2 3 3 3 2 3 3 3 3 2 2 2 2 3 3 2 1 3 3 3 3 3 3 3 3 3 3 2 2 3 3 3 3 2 3 1 3 2 3 3 2 3 3 2 3 3 3 3 3 3 3 3 3 3 3 3 3 2 3 2 3 1 3 2 2 3 3 3 2 3 3 4 3 1 3 3 3 2 3 3 3 3 2 3 3 3 3 3 3 2 2 2 2 3 3 2 3 2 4 3 3 2 2 3 2 3 3 3 3 3 2 3 0 2 3 3 3 3 3 3 3 2 2 3 3 3 3 3 2 3 3 3 3 2 3 2 3 2 3 3 2 2 3 2 3 2 2 3 2 2 2 2 3 2 2 3 3 3 3 2 3 1 3 3 3 1 4 3 4 2 3 3 3 3 3 3 3 2 3 3 3 3 3 3 2 2 3 3 3 3 3 3 3 3 2 3 2 3 3 3 3 3 3 3 3 3 3 3 3 2 2 2 2 2 3 3 2 3 2 2 3 4 2 1 3 3 3 3 3 3 3 3 3 3 1 3 3 3 2 1 3 3 3 2 3 3 3 2 3 2 2 2 3 3 3 3 3 2 3 3 3 3 3 3 3 2 2 3 2 3 3 2 2 3 2 3 2 3 2 2 2 2 3 3 3 3 3 3 4 2 3 2 3 2 3 3 3 2 3 3 3 3 1 3 4 2 3 3 2 3 4 3 2 3 1 2 2 3 2 3 3 3 2 2 3 3 3 3 3 3 2 2 3 3 3 2 3 2 2 3 3 2 3 3 2 3 3 3 3 2 2 3 4 3 2 3 3 3 3 3 3 2 3 3 2 3 3 2 3 3 3 4 3 3 2 2 3 3 3 3 3 1 2 2 3 2 4 3 3 2 3 3 3 3 2 2 3 3 
Vertex 215: 2 3 2 3 2 3 3 2 3 3 3 3 2 3 2 2 3 4 2 1 3 3 2 2 3 3 2 3 2 2 3 3 3 2 3 2 3 3 3 3 3 2 3 2 3 3 3 3 3 3 2 2 3 2 3 2 2 3 2 3 3 3 3 3 3 3 3 3 1 3 3 3 3 3 2 3 3 3 3 2 3 3 2 3 3 3 3 3 3 2 3 3 3 3 3 3 3 2 2 3 3 2 2 3 2 3 3 2 3 2 3 4 3 2 2 3 4 3 3 3 3 3 3 3 3 3 2 3 4 4 3 3 2 2 2 4 3 3 3 3 3 3 2 2 3 2 3 2 3 2 3 3 2 3 3 3 2 2 3 3 4 3 2 2 3 3 3 3 3 3 3 3 2 4 3 3 3 3 3 3 2 3 2 2 3 3 2 3 3 3 2 3 3 2 3 3 3 3 3 3 3 2 3 3 3 3 3 2 2 3 3 4 3 3 2 0 3 4 3 3 3 2 3 2 3 2 2 3 3 1 3 3 3 3 3 2 3 2 2 2 3 3 4 3 3 3 3 3 3 3 2 1 3 2 3 2 3 1 1 3 3 2 3 3 3 3 2 2 3 3 3 2 3 2 2 3 3 4 3 1 3 2 3 3 3 3 2 3 3 3 3 3 3 2 2 4 3 2 3 2 3 4 3 3 3 3 3 3 3 3 3 2 2 3 3 2 3 3 2 2 2 3 2 3 3 3 2 3 3 3 3 3 3 3 1 3 2 3 2 3 2 3 3 3 3 3 2 2 3 2 3 3 3 2 2 2 2 2 1 3 3 2 3 3 3 2 3 3 1 2 2 2 2 3 3 3 3 3 3 3 3 3 2 3 3 3 3 3 2 2 3 3 3 3 2 3 2 3 3 3 3 2 3 3 3 3 3 1 4 3 3 4 3 2 2 2 3 3 4 3 3 4 3 3 2 3 2 3 3 3 3 3 3 3 2 2 3 3 3 2 3 3 3 2 1 3 3 3 3 3 3 2 2 3 3 2 2 3 3 3 3 3 2 3 3 3 3 3 2 3 3 3 3 3 2 2 3 3 2 3 3 3 2 3 3 2 1 2 3 3 3 3 3 3 2 3 3 2 3 3 
Vertex 216: 3 2 3 2 2 2 4 3 3 4 3 3 3 3 1 2 1 4 3 3 3 4 3 3 3 3 3 3 3 3 3 2 2 3 3 3 4 3 3 3 3 3 3 3 3 3 3 3 3 3 3 3 3 3 3 3 3 3 2 3 3 3 2 2 3 2 2 3 3 3 3 3 3 3 3 4 3 3 2 3 3 3 3 4 3 3 3 3 3 3 3 3 2 3 3 3 1 2 3 3 3 3 3 2 3 3 3 2 3 2 3 3 3 3 2 1 4 3 3 1 4 3 3 3 3 3 3 2 3 3 2 3 4 3 3 3 3 3 3 3 4 2 3 4 4 3 3 3 3 3 3 3 2 3 4 3 3 3 4 3 4 3 3 3 3 2 3 3 2 3 2 3 2 4 3 3 3 2 3 3 2 3 3 3 3 4 3 2 2 3 3 2 2 2 3 3 3 3 4 3 3 3 3 2 3 3 2 2 4 3 2 3 3 3 3 3 0 3 3 3 3 4 3 2 2 3 3 4 3 3 3 3 3 3 3 3 3 3 4 3 3 3 3 3 3 3 3 2 3 2 3 2 2 3 1 3 3 3 3 4 3 3 3 3 3 3 3 3 2 2 3 3 3 3 3 3 3 2 3 2 3 3 3 2 3 2 2 3 4 2 4 3 3 3 3 4 3 3 3 3 3 4 2 3 4 3 2 3 3 3 4 3 3 3 2 3 3 3 2 3 4 4 4 4 3 3 3 3 3 3 3 3 4 2 3 3 3 3 2 3 3 3 2 2 4 3 3 2 3 3 3 3 3 3 3 3 2 4 4 3 3 4 3 2 3 2 3 4 3 3 4 3 3 3 3 3 3 2 3 4 3 4 3 2 4 1 3 4 2 3 3 3 3 3 3 3 4 4 3 3 4 3 3 3 3 2 3 3 3 2 3 3 4 3 3 1 2 2 4 3 3 2 2 3 4 3 3 3 3 2 2 3 2 3 3 2 3 3 3 3 3 3 3 3 2 2 2 3 3 2 2 3 3 4 3 3 3 3 3 3 3 3 4 3 3 3 3 3 3 3 3 3 3 3 3 3 4 3 2 3 3 3 3 3 2 4 3 2 2 4 3 3 3 3 3 3 3 2 2 1 
Vertex 217: 3 3 2 1 3 3 4 3 3 3 3 4 3 2 4 4 2 3 3 3 3 4 3 3 4 3 3 3 3 3 4 3 3 3 3 3 4 2 3 3 3 3 3 3 3 3 3 3 3 2 4 3 3 3 3 3 4 3 3 3 3 3 3 4 4 3 3 4 3 3 2 3 3 3 3 3 4 3 4 3 3 3 3 3 2 3 3 3 3 3 3 3 3 4 3 4 4 3 3 3 3 3 3 3 4 4 3 3 3 3 2 4 3 3 3 3 4 1 3 3 3 4 3 3 3 2 2 3 2 2 4 3 3 3 3 4 4 3 3 3 3 3 3 4 3 3 3 4 4 3 4 3 3 4 4 3 3 2 3 3 4 2 3 3 3 3 2 2 3 3 1 3 4 3 3 3 4 2 3 3 4 2 3 3 3 4 3 3 3 3 3 3 3 3 3 3 3 2 3 3 3 3 4 2 3 3 3 3 4 3 4 3 2 2 3 4 3 0 4 4 3 4 4 2 3 3 3 4 2 3 3 3 3 3 3 3 3 3 3 2 4 3 3 3 4 3 3 3 3 3 3 3 3 3 3 3 4 3 3 3 3 3 4 3 3 3 3 2 1 3 3 2 4 4 3 2 3 3 4 3 3 3 3 4 3 3 3 3 3 2 3 2 3 3 3 4 2 2 2 3 3 3 3 3 3 3 3 2 3 3 2 4 3 3 2 3 3 3 3 3 3 3 3 3 3 2 3 3 3 4 3 3 3 3 4 3 2 2 3 2 2 3 2 4 3 3 4 3 3 3 3 2 3 3 4 3 3 4 3 4 3 3 3 3 3 2 2 4 3 3 3 3 3 3 4 2 3 3 3 3 3 3 3 3 1 3 2 3 3 3 4 3 3 3 3 3 3 2 3 3 3 4 3 3 3 4 3 4 4 3 3 4 3 3 3 3 3 3 4 4 4 2 4 3 2 4 3 2 3 3 2 4 3 4 3 2 2 3 3 3 2 1 3 3 4 2 2 3 2 2 3 4 3 3 4 4 3 3 3 2 3 2 3 3 3 3 4 3 2 3 3 3 3 4 3 3 3 3 2 4 4 4 3 3 3 3 3 3 3 4 4 3 3 2 3 2 1 4 3 2 
Vertex 218: 3 4 3 4 3 3 3 4 3 4 2 3 3 4 2 3 3 4 2 3 3 3 3 3 4 3 4 4 3 4 4 4 3 3 3 3 3 4 4 3 3 4 4 3 2 3 4 3 3 2 3 3 3 2 3 3 4 3 3 3 3 3 3 3 4 3 3 3 3 3 3 3 3 3 3 3 3 3 2 4 3 2 3 4 3 3 3 2 2 3 4 3 4 3 3 4 4 3 3 4 3 3 3 3 3 3 3 3 3 4 3 4 1 4 3 4 4 3 4 3 3 4 3 3 4 3 3 2 3 4 3 3 3 2 3 3 3 3 3 3 3 3 3 2 2 2 3 2 3 3 3 3 1 4 4 3 3 3 3 4 4 4 3 3 4 3 3 3 3 2 3 3 4 3 3 3 2 2 3 4 4 4 3 3 3 3 3 3 2 4 3 3 3 3 3 3 3 3 3 3 4 4 3 3 3 1 3 4 2 3 3 3 3 3 3 3 3 4 0 3 3 3 4 3 2 3 3 3 4 3 3 3 4 3 4 3 3 3 3 2 4 3 3 3 3 3 4 3 3 3 4 3 3 3 3 3 3 3 3 4 3 1 3 2 2 3 3 3 4 3 3 3 3 3 2 3 4 3 3 3 2 3 4 2 4 2 3 3 4 4 3 2 3 3 4 4 3 3 3 3 3 3 3 3 4 2 2 4 3 3 3 4 2 3 3 3 3 4 3 3 3 2 4 3 3 4 4 3 2 2 4 3 1 3 3 3 3 3 2 3 3 4 3 3 3 4 3 3 4 4 3 2 3 3 3 3 3 3 3 2 3 3 4 2 2 4 3 4 2 3 3 3 2 3 3 3 4 4 4 3 3 4 4 3 4 3 4 4 2 2 3 3 3 2 2 4 3 3 3 3 4 3 4 4 3 3 3 3 3 3 3 3 3 3 3 2 3 3 3 4 4 3 3 3 2 2 3 4 2 1 3 2 3 2 2 3 2 3 4 4 3 3 3 3 3 4 2 3 3 3 2 4 2 3 3 4 4 4 2 3 4 4 3 4 3 3 3 3 4 3 3 3 4 3 4 3 3 4 4 4 1 3 2 3 2 3 2 3 3 4 3 2 3 3 4 3 4 3 3 3 
Vertex 219: 2 3 3 3 3 3 2 3 3 3 1 3 3 3 3 3 2 1 3 2 3 2 3 3 4 4 4 3 3 3 3 4 2 3 3 3 4 3 4 3 3 2 3 3 2 3 3 2 1 2 3 3 4 3 3 2 3 3 3 3 3 3 3 3 4 3 3 2 3 3 4 1 1 3 3 3 3 3 2 3 2 2 3 4 3 3 3 4 4 3 3 4 4 4 3 1 4 3 3 2 3 3 3 4 4 3 2 3 2 2 3 4 3 3 3 3 3 3 3 3 2 3 3 3 3 3 3 4 3 2 4 3 2 2 3 2 3 3 2 1 3 2 3 3 3 3 3 3 3 4 1 2 3 3 3 3 2 3 2 3 3 3 3 3 2 2 3 4 2 3 3 4 3 2 2 3 2 3 2 3 3 3 3 3 2 3 3 3 3 3 4 4 2 3 2 3 3 2 2 3 3 3 3 3 4 2 3 3 3 2 3 3 3 2 3 3 3 4 3 0 2 4 3 3 3 3 3 2 2 3 3 2 3 3 4 3 3 2 3 4 4 3 4 4 4 2 3 2 4 3 3 3 2 3 4 3 3 3 3 2 3 3 3 3 2 3 3 2 3 3 3 3 3 2 3 3 3 1 3 3 3 3 3 3 2 3 2 4 3 4 3 3 3 3 3 3 3 3 4 3 3 2 3 3 2 3 3 3 2 3 4 3 3 3 3 1 3 4 3 3 3 3 2 3 3 3 2 3 3 3 3 3 3 3 3 3 3 3 3 3 3 3 4 3 3 3 3 3 2 3 3 3 3 3 3 2 3 3 4 2 4 3 3 4 3 4 2 3 3 2 3 3 4 3 2 3 4 3 3 3 3 3 3 3 4 3 3 3 3 4 3 3 3 3 3 3 3 4 3 2 3 3 4 3 3 4 4 3 3 3 3 3 2 3 2 3 3 3 4 3 2 2 2 3 2 3 3 3 3 3 3 3 3 3 3 4 4 3 3 3 3 3 3 3 3 2 3 2 3 2 4 3 3 2 3 3 4 3 3 3 2 2 2 3 3 4 4 3 3 3 3 2 3 3 4 2 3 4 3 4 4 3 3 4 3 3 3 4 2 2 3 4 2 2 2 3 3 3 2 3 
Vertex 220: 3 3 3 3 3 3 3 2 3 3 3 1 2 3 3 3 3 3 2 2 3 3 3 3 3 3 4 2 3 3 3 3 2 2 3 3 4 3 2 2 3 1 3 3 2 4 3 2 3 3 3 2 4 4 3 2 3 3 3 3 2 2 3 1 3 2 3 3 3 3 3 2 1 3 3 4 2 3 4 2 3 2 3 2 3 3 3 3 2 3 3 3 3 3 3 3 2 3 3 3 3 3 2 3 3 3 2 3 2 3 2 2 3 2 2 3 3 3 3 4 3 3 4 2 2 3 2 2 3 2 3 2 2 2 3 4 3 2 2 3 3 3 3 3 3 2 3 3 3 3 2 3 3 3 3 2 3 3 3 2 4 3 3 3 3 3 3 4 3 3 2 3 3 2 3 2 3 3 2 2 3 3 3 3 3 3 2 3 3 3 2 4 2 3 3 2 3 2 3 3 3 2 3 3 3 2 2 3 3 2 3 2 3 2 3 3 3 3 3 2 0 4 3 3 3 3 3 3 3 3 3 3 3 3 3 2 3 2 3 3 4 1 3 4 3 3 3 3 2 3 4 2 2 3 3 2 1 3 3 3 3 3 2 3 3 2 3 2 3 3 3 2 3 3 3 3 3 3 3 3 3 3 2 3 3 3 3 3 2 3 3 3 3 2 3 3 2 3 2 3 3 2 3 2 3 3 3 3 2 2 3 2 3 2 3 2 3 3 2 1 3 3 1 3 3 3 3 3 3 3 2 3 4 2 2 2 3 3 3 3 3 3 3 3 3 3 2 3 3 3 3 1 3 2 3 3 2 3 3 3 3 3 4 2 3 4 2 3 3 3 3 2 3 2 3 2 3 3 3 3 3 3 3 3 3 3 3 2 2 3 3 2 3 2 3 3 2 3 3 3 3 3 3 3 3 3 3 2 3 3 3 3 2 2 3 3 3 3 3 3 3 3 3 3 1 3 4 3 2 2 3 3 3 3 3 3 3 2 4 3 3 3 2 3 3 3 3 3 3 2 3 2 3 3 3 3 3 3 3 3 2 2 3 3 3 3 3 3 4 3 3 3 3 3 3 3 1 3 3 3 3 3 3 2 3 2 3 3 3 3 3 3 3 3 3 3 3 3 2 3 
Vertex 221: 3 3 3 3 4 3 4 4 4 4 3 4 4 4 4 4 3 3 3 3 4 4 3 2 4 3 4 3 3 4 4 3 4 3 1 3 4 4 4 4 4 3 4 3 3 4 4 4 4 3 4 3 4 3 3 3 3 4 3 3 4 4 3 3 3 3 4 4 3 3 4 4 4 4 4 4 4 4 4 2 4 4 3 3 3 4 4 4 3 4 2 4 3 4 4 4 4 4 3 4 3 2 3 4 4 3 3 4 4 4 4 3 4 4 4 4 4 4 4 4 2 4 3 4 4 2 2 3 3 3 4 3 4 4 3 4 4 3 3 3 3 3 4 4 4 3 3 3 3 3 3 3 3 4 4 2 3 4 3 4 2 4 3 3 4 3 3 4 3 3 4 3 3 4 3 4 4 4 4 4 4 3 3 3 3 4 3 3 4 3 2 3 3 3 3 2 3 3 3 3 4 3 2 3 4 4 3 3 4 4 5 4 4 3 3 2 4 4 3 4 4 0 4 4 3 3 4 2 4 3 4 3 4 4 4 4 3 3 3 2 5 3 4 4 4 3 3 4 3 3 4 3 3 4 3 3 3 3 3 4 4 2 4 3 3 3 3 2 4 3 3 4 4 4 3 4 4 3 4 3 4 4 3 4 3 3 4 4 3 3 3 4 4 2 4 4 4 4 4 4 4 3 4 3 3 3 3 3 3 3 4 2 4 3 3 4 3 4 3 4 3 3 3 4 3 4 4 3 4 3 4 3 3 3 3 4 4 3 3 3 4 3 4 4 4 4 4 3 4 3 4 3 2 3 3 3 3 4 3 2 3 2 3 3 2 4 3 3 3 4 3 4 4 3 4 3 3 4 4 4 4 3 4 3 3 4 4 4 4 3 4 4 2 3 3 4 4 4 4 3 4 4 3 3 2 4 4 3 4 4 3 2 4 3 4 3 3 3 4 3 4 4 4 4 4 3 4 3 4 3 4 3 4 3 4 4 4 4 4 3 2 3 4 4 3 4 4 4 4 4 3 4 4 3 4 3 4 3 4 4 3 4 4 3 4 4 3 3 3 3 3 4 3 4 4 2 3 3 4 2 2 4 3 4 3 3 1 4 4 4 3 4 4 4 2 4 3 4 4 4 
Vertex 222: 2 3 3 3 3 2 2 3 4 4 3 4 3 2 3 3 3 3 3 2 4 2 3 3 3 1 3 3 3 3 3 3 3 3 3 3 3 4 3 2 3 3 3 3 3 3 3 3 2 2 2 3 3 3 3 3 2 3 3 3 2 3 4 3 3 3 4 2 3 3 3 3 4 3 3 3 3 2 4 3 4 3 2 2 2 3 3 3 3 3 2 4 3 2 1 3 4 2 2 4 2 3 2 3 3 3 3 3 3 3 4 3 3 3 3 3 4 3 2 3 3 3 4 3 3 3 3 3 3 4 3 3 3 3 3 3 3 3 3 3 4 3 3 2 3 3 3 3 3 2 3 2 3 3 3 3 3 3 3 3 4 3 3 3 3 3 3 3 3 3 3 3 3 3 2 2 3 2 3 1 2 2 3 3 3 3 3 3 3 3 2 3 3 3 3 2 3 3 1 3 3 3 3 3 3 3 3 3 4 3 2 3 3 3 3 3 3 4 4 3 3 4 0 2 3 3 2 3 3 3 3 3 3 3 2 3 4 3 3 3 3 3 3 2 3 2 3 3 2 3 3 3 3 3 3 2 2 3 3 2 3 3 3 2 3 3 3 2 4 3 3 2 3 3 3 3 4 3 4 3 3 1 3 3 2 3 3 3 3 2 3 2 3 4 3 2 3 3 2 3 2 2 4 2 2 3 4 3 3 4 3 4 2 2 3 3 3 3 1 2 3 3 3 3 2 2 3 3 2 3 3 2 3 3 2 3 2 3 3 3 2 4 3 3 3 3 2 3 4 3 3 3 3 2 3 4 3 3 3 2 2 2 4 3 3 3 3 3 3 3 3 3 3 3 3 3 3 3 3 3 3 1 2 3 3 3 4 2 2 3 4 1 3 3 2 4 3 3 3 3 3 4 3 4 3 3 4 3 4 2 2 3 3 3 3 2 3 2 3 4 3 3 3 2 2 3 3 3 3 3 2 4 3 3 3 3 3 3 3 2 3 3 3 2 3 3 2 3 4 4 4 4 3 3 3 3 3 3 3 2 3 3 3 3 3 3 3 3 3 1 3 3 2 3 3 3 3 3 4 4 3 3 3 2 3 2 3 3 3 3 3 3 2 4 4 2 3 3 4 3 
Vertex 223: 3 3 3 3 3 2 4 3 3 3 3 3 2 3 3 3 3 3 3 1 3 2 2 3 3 3 1 3 3 3 3 2 3 4 3 2 4 2 3 2 2 3 3 3 3 3 2 3 3 3 3 3 3 3 2 3 3 3 3 3 3 3 3 2 3 3 4 3 2 3 2 3 3 4 3 2 3 3 2 3 3 3 3 3 1 2 3 3 3 3 2 4 3 3 3 3 3 2 3 3 3 4 3 3 3 3 2 2 3 3 2 3 3 3 2 3 4 2 2 1 3 3 3 2 1 4 3 3 3 2 2 3 3 2 3 3 3 2 3 3 2 2 2 2 3 3 3 3 3 3 3 2 3 3 3 3 2 3 2 3 4 3 3 3 3 3 3 3 3 3 1 2 3 4 2 2 3 2 3 1 2 3 3 3 3 3 2 3 3 3 3 2 3 3 2 3 3 2 3 3 3 3 3 2 1 3 3 2 3 3 4 3 2 3 2 2 2 2 3 3 3 4 2 0 1 3 3 3 2 2 3 3 2 3 3 3 3 2 3 3 3 3 3 1 3 3 3 3 2 3 3 3 2 2 3 2 2 3 3 4 3 3 3 3 3 3 3 3 3 3 4 2 3 3 3 2 3 3 2 3 2 3 3 3 3 3 3 3 3 2 3 2 2 3 3 4 3 3 3 3 3 2 3 4 3 3 3 2 3 3 4 3 2 2 3 2 4 3 2 3 2 2 3 3 3 2 3 3 3 3 3 3 3 3 3 3 2 2 3 3 2 3 2 3 3 3 2 3 3 3 3 2 3 3 3 3 3 3 3 3 3 3 3 3 2 3 3 2 2 3 2 1 1 3 3 3 3 3 2 3 3 3 3 3 3 3 3 3 3 3 4 3 3 3 2 3 4 2 3 3 3 4 3 3 3 4 3 3 3 3 2 3 3 3 2 3 3 3 3 3 3 3 3 2 2 3 1 4 3 2 3 3 3 3 3 3 2 3 4 2 3 3 3 2 2 3 3 3 2 3 2 3 2 3 3 2 3 3 3 3 3 3 3 2 3 3 3 4 3 2 2 3 3 4 2 4 2 3 3 3 2 3 2 3 2 2 3 3 4 2 3 2 3 2 3 3 3 2 3 2 
Vertex 224: 2 2 3 3 2 3 3 3 3 3 2 3 3 2 2 3 2 3 2 2 3 3 3 3 3 2 2 3 2 2 3 2 3 3 3 3 3 3 3 1 1 3 3 2 3 3 3 2 3 3 3 2 3 2 3 2 3 2 3 3 3 3 2 3 2 4 3 3 3 3 2 2 2 3 3 3 3 2 2 2 3 3 3 2 2 1 2 3 3 3 3 4 3 2 3 3 3 1 3 3 3 3 3 2 3 3 3 1 3 2 1 2 2 3 3 3 3 2 3 2 3 3 3 2 2 3 2 3 3 3 2 2 3 1 2 2 3 1 3 3 2 3 3 2 3 2 3 3 3 3 3 3 3 3 4 3 3 3 3 2 4 3 3 3 3 3 2 3 2 3 2 3 3 3 2 3 3 2 2 2 3 2 3 3 3 3 3 2 2 2 3 3 2 3 3 3 2 3 3 3 2 3 3 2 2 3 3 3 3 3 3 2 2 3 2 3 2 3 2 3 3 3 3 1 0 2 3 3 3 3 3 3 3 3 3 2 2 3 3 2 2 2 2 2 3 3 3 3 3 3 3 2 1 2 2 3 2 3 2 3 3 3 2 3 3 3 2 2 2 3 3 3 3 3 4 3 3 3 2 2 1 3 4 2 2 2 3 3 3 3 2 3 2 2 2 3 3 3 3 2 3 3 2 3 3 3 2 2 2 2 3 3 2 2 3 3 3 3 3 3 3 3 3 3 3 3 3 3 3 3 3 2 3 3 3 3 2 3 2 3 2 3 3 3 3 2 3 3 3 2 3 3 3 3 3 2 4 2 3 3 3 3 3 2 3 2 3 2 3 3 3 2 1 3 3 3 3 2 2 3 3 3 2 2 3 2 3 3 3 3 3 3 2 2 3 3 4 3 3 2 3 3 3 3 3 3 2 3 3 2 3 3 4 3 1 2 2 3 4 4 2 3 3 3 2 2 2 3 2 2 3 2 2 3 3 3 2 3 3 2 3 3 3 3 2 2 3 3 2 2 1 2 3 2 4 3 3 3 3 3 2 3 3 3 2 3 3 3 3 2 3 3 3 3 3 3 2 3 3 3 1 2 3 3 3 2 3 3 3 3 3 1 3 1 3 3 3 2 2 1 
Vertex 225: 3 2 3 2 3 2 2 3 3 3 2 2 3 2 3 3 3 3 3 3 3 3 2 3 3 3 2 3 4 3 3 2 2 3 3 3 3 3 3 3 3 3 3 2 3 3 3 3 3 2 3 3 1 3 2 3 3 3 3 2 3 3 3 3 2 2 2 3 3 3 2 2 3 2 3 2 3 2 2 2 3 2 2 3 2 3 2 3 3 3 2 3 3 4 3 2 3 2 2 2 3 3 2 3 3 3 3 3 2 3 3 3 2 3 3 3 3 2 3 3 1 3 3 3 4 2 3 3 3 3 3 3 2 3 3 3 2 2 2 2 3 3 3 3 3 2 3 2 3 2 3 2 3 3 3 3 3 3 2 3 4 3 2 2 3 3 3 3 1 4 2 3 3 3 2 3 3 1 2 3 2 3 3 3 2 3 3 3 2 3 4 3 2 3 2 3 3 3 4 2 2 2 2 3 2 3 3 2 2 3 3 4 3 3 3 2 3 3 3 3 3 3 3 3 2 0 3 3 2 3 3 1 2 4 3 3 3 3 3 3 3 3 2 3 1 2 3 3 3 3 3 3 2 3 2 3 3 2 3 3 3 3 3 2 3 2 3 3 2 3 3 2 2 2 3 3 2 2 3 3 3 2 3 3 3 3 2 3 3 3 2 3 3 2 2 3 2 3 3 4 3 3 2 3 2 3 3 2 3 3 3 2 3 2 3 2 3 3 3 3 3 3 3 4 3 4 3 3 1 3 3 3 3 3 3 3 3 1 3 3 3 3 3 2 3 2 2 3 3 2 3 3 2 3 3 2 3 2 3 3 3 3 3 3 3 3 3 3 3 3 2 3 3 3 3 2 3 2 3 2 2 3 3 3 3 2 2 3 3 2 4 3 2 3 3 3 2 3 3 3 3 4 3 2 3 3 3 3 2 3 2 3 3 2 2 3 3 2 4 3 3 3 3 3 3 2 3 3 2 3 2 3 3 3 3 3 2 3 3 1 1 2 3 3 3 3 3 3 2 3 3 2 3 3 3 3 3 1 3 2 1 3 2 3 2 3 2 4 1 2 3 1 2 3 3 3 3 3 3 2 3 2 2 3 3 2 3 3 2 3 3 3 3 1 4 3 3 2 3 2 
Vertex 226: 2 2 2 4 3 3 2 3 4 3 3 3 3 4 2 3 3 3 3 3 3 2 4 3 3 3 4 2 4 3 3 4 3 3 3 3 3 4 3 3 3 3 3 3 4 3 3 4 4 3 2 3 4 3 2 3 3 4 3 4 3 4 3 3 3 3 4 4 3 3 4 3 4 4 4 3 3 2 4 4 4 3 4 3 3 3 3 4 3 3 3 4 3 4 3 3 4 3 2 3 4 3 3 3 4 4 3 3 3 4 4 3 3 3 2 3 3 3 2 4 3 3 4 3 3 2 3 3 4 3 3 4 4 3 2 2 3 3 3 3 3 3 3 2 4 3 3 4 3 3 3 3 2 4 3 4 3 3 3 3 4 3 3 3 3 3 3 3 3 3 3 2 4 4 1 3 3 3 3 2 3 3 4 4 3 3 3 3 3 2 4 2 4 4 3 2 2 3 3 3 4 3 3 3 3 3 2 3 3 3 2 3 4 3 3 2 3 3 3 3 3 4 2 3 3 3 0 3 3 3 3 3 1 3 4 3 2 3 3 3 4 3 2 2 3 3 1 3 2 3 3 3 2 2 4 3 3 3 3 3 3 3 2 4 3 3 3 3 4 2 4 2 3 4 3 2 3 2 4 3 3 3 3 4 3 3 3 3 2 4 2 3 2 3 3 3 4 3 3 3 3 3 3 4 2 3 3 3 2 3 3 3 3 3 3 3 3 5 2 3 3 3 3 4 2 2 3 3 3 4 3 3 3 2 3 4 3 2 3 4 4 4 3 3 3 2 2 2 4 2 4 3 3 2 3 3 2 3 3 2 4 3 3 3 4 3 4 3 1 3 2 4 3 3 2 3 1 3 3 3 3 3 2 3 4 3 3 3 3 3 4 1 3 3 3 4 4 3 2 3 3 3 3 3 3 3 4 3 3 3 3 3 3 3 3 3 3 3 3 3 3 3 3 3 2 3 2 4 3 4 3 3 4 3 3 4 3 3 4 3 3 3 3 4 3 3 2 3 2 3 3 4 3 3 4 3 3 2 3 3 3 3 4 3 3 3 3 3 3 3 2 3 2 3 3 3 4 3 3 2 4 3 3 3 3 3 3 4 4 4 4 3 4 3 2 3 2 4 3 4 
Vertex 227: 1 3 2 3 3 3 2 3 2 4 2 3 3 4 3 3 3 1 3 4 3 3 3 1 4 3 3 3 3 4 2 3 3 3 3 4 4 3 3 2 4 3 3 3 3 2 3 3 3 3 3 3 4 3 3 3 3 3 3 4 3 3 4 3 3 3 3 2 4 2 4 2 3 4 4 4 2 3 3 3 3 3 3 4 3 4 3 4 2 3 2 4 3 3 3 3 3 3 3 4 4 3 3 3 4 3 4 3 3 3 3 3 3 3 3 4 2 3 3 3 3 4 4 3 4 3 3 3 3 4 3 3 4 3 3 3 3 3 3 3 2 3 4 3 3 1 4 4 4 3 3 3 3 3 3 4 2 3 4 3 4 4 3 4 3 3 3 4 2 2 3 2 3 2 3 3 3 2 3 2 3 4 3 3 4 4 3 2 4 4 3 3 2 4 3 3 4 2 4 2 3 3 3 4 3 3 3 2 4 3 3 4 4 3 3 3 4 4 3 2 3 2 3 3 3 3 3 0 3 3 3 3 3 3 4 3 3 3 2 3 4 3 3 4 4 2 4 3 3 3 3 2 3 3 3 2 3 4 4 2 3 3 2 4 3 1 3 3 3 3 4 3 3 3 3 3 3 3 3 3 3 3 3 4 4 2 3 3 3 4 4 3 3 3 3 3 3 3 3 4 2 1 4 3 3 3 4 2 2 3 4 3 4 3 3 3 3 4 3 2 4 3 3 3 3 4 3 2 3 4 3 3 4 3 3 3 3 4 3 4 3 4 3 3 3 3 2 2 3 2 4 2 4 3 4 4 3 3 4 4 3 3 3 3 2 3 2 4 2 4 4 3 3 3 4 2 3 4 3 3 3 2 3 4 3 3 3 4 3 3 3 4 3 3 4 2 3 3 4 2 3 3 3 3 3 4 3 3 3 2 4 3 3 3 3 3 3 3 4 3 2 4 2 3 3 3 3 4 3 3 3 3 3 4 4 3 4 3 4 3 3 3 3 2 4 2 4 3 3 3 3 4 4 4 2 2 3 3 3 4 3 3 3 2 3 3 3 4 3 3 2 4 3 3 4 3 2 4 3 3 2 2 3 3 3 3 2 3 4 4 3 4 4 3 3 3 3 4 2 3 
Vertex 228: 3 3 3 3 3 3 3 3 4 3 3 3 3 3 3 4 3 3 2 3 3 3 2 4 4 3 3 3 2 3 2 3 3 3 4 2 3 3 3 3 3 3 2 3 3 2 2 2 1 3 3 4 3 3 3 3 4 3 4 2 3 3 3 4 2 3 2 3 4 3 2 3 2 4 3 4 3 3 4 3 3 2 4 3 3 3 3 3 3 4 2 4 3 4 3 3 4 2 3 1 3 3 3 3 3 3 3 3 2 2 4 3 3 3 3 3 4 3 3 3 2 3 3 4 3 3 4 3 3 2 3 3 1 3 3 3 3 3 3 2 4 3 4 2 4 3 3 4 4 3 3 1 3 3 2 3 4 3 3 3 3 3 2 2 3 3 3 3 3 3 1 3 3 4 2 2 2 2 3 2 2 3 4 3 3 4 4 3 4 3 4 3 3 3 3 3 3 2 2 3 1 3 3 2 3 4 3 3 3 3 3 3 3 3 3 3 3 2 4 2 3 4 3 2 3 2 3 3 0 3 4 3 3 3 2 4 4 2 3 3 3 3 3 3 3 2 3 3 3 3 3 3 3 2 3 3 3 3 2 3 3 4 3 3 3 3 3 3 3 3 4 3 4 3 3 2 3 3 2 3 3 3 3 3 3 3 3 3 3 2 3 2 4 4 2 3 3 3 3 3 4 3 3 3 3 3 4 2 3 3 3 3 3 2 3 3 4 3 3 3 3 3 3 3 3 3 3 3 2 4 3 4 3 2 3 3 2 2 3 2 2 2 3 3 3 3 2 3 4 2 3 2 3 3 2 3 2 3 3 3 4 3 3 3 3 3 3 4 3 3 3 3 3 3 3 3 2 3 3 3 1 4 3 3 3 3 3 3 3 3 3 2 3 3 3 3 4 2 3 3 2 4 3 3 3 2 3 3 3 3 2 2 2 3 3 3 4 2 4 4 3 4 3 3 3 3 3 3 3 3 3 4 3 3 3 3 2 3 3 3 3 3 2 3 3 3 3 3 3 3 4 4 4 4 3 3 3 1 3 2 3 3 3 3 3 3 4 4 2 2 3 3 3 3 3 4 4 3 3 3 3 3 4 4 3 3 4 4 4 4 4 3 3 3 3 3 3 3 3 2 
Vertex 229: 3 3 2 3 3 2 4 2 3 3 3 4 3 3 2 3 3 3 2 2 3 3 3 3 3 2 1 3 3 3 3 3 3 2 3 1 3 2 3 2 2 3 3 3 3 2 2 3 3 3 3 3 3 3 2 3 1 3 3 2 2 3 4 3 3 3 3 3 2 2 2 2 3 2 3 2 3 3 2 2 3 3 3 3 3 3 3 4 3 1 3 3 3 4 3 3 3 3 3 3 3 3 3 2 2 3 3 3 3 3 4 3 2 3 3 2 3 3 2 3 3 3 2 3 3 2 3 3 3 3 3 3 2 3 3 3 2 3 3 2 2 3 2 3 3 3 3 3 3 3 2 2 3 2 3 3 2 3 4 3 4 3 3 3 3 2 3 2 3 3 2 2 3 4 2 3 3 3 3 3 2 3 3 3 2 3 2 3 3 3 2 3 3 1 3 3 3 2 2 3 3 3 3 2 3 4 3 3 1 3 3 3 3 3 3 1 3 3 3 3 3 3 3 2 3 3 3 3 3 0 3 2 3 3 3 3 3 2 3 3 4 3 3 2 3 2 2 3 3 3 3 2 3 2 3 3 3 2 2 3 2 3 3 3 3 3 2 2 3 3 4 3 3 3 3 3 2 3 4 2 3 3 3 3 2 2 1 3 3 3 3 3 2 3 2 3 2 2 3 2 2 3 2 2 3 3 3 3 3 3 3 3 3 3 3 3 2 3 3 3 2 3 3 3 3 3 1 3 3 3 3 3 4 3 2 3 2 3 2 2 1 2 3 3 3 3 3 3 3 1 3 2 3 2 3 3 3 3 2 3 3 3 3 3 3 3 4 2 2 3 3 1 3 3 2 3 3 2 2 3 3 3 3 3 3 3 2 3 3 2 3 3 3 3 2 3 3 3 3 3 3 3 3 3 3 3 4 2 3 2 2 3 3 3 3 2 3 3 3 3 3 3 2 3 3 3 3 3 2 3 3 3 3 2 3 3 2 3 3 3 3 3 2 2 2 3 3 3 3 3 3 2 3 2 3 2 3 3 3 3 3 2 1 2 3 3 4 2 2 3 2 2 3 3 2 3 4 3 2 2 3 3 3 3 3 3 2 2 2 3 2 3 3 3 1 3 3 3 3 3 
Vertex 230: 3 3 3 3 2 3 3 3 3 2 2 3 3 3 2 2 2 3 3 3 4 3 3 3 3 4 4 2 3 3 4 3 3 3 3 3 3 4 4 3 3 2 2 3 3 3 3 2 3 3 3 3 3 3 3 3 3 4 3 3 3 3 3 4 3 3 3 3 2 3 3 3 2 2 3 3 3 3 3 4 2 3 2 3 3 4 3 3 3 3 2 4 4 4 2 3 4 3 3 3 2 3 3 2 2 3 2 3 3 3 3 3 2 3 3 3 4 2 3 3 3 3 3 1 3 3 3 3 3 3 2 3 3 2 2 3 3 2 2 3 3 2 3 3 3 2 2 3 3 3 3 4 2 3 3 2 3 3 3 3 3 3 3 3 4 1 3 3 3 3 4 3 3 3 2 3 3 3 3 3 2 3 3 3 3 3 3 3 3 3 4 3 3 3 3 3 3 3 4 4 4 4 3 3 4 3 3 3 2 2 3 3 1 2 2 3 3 3 3 3 3 4 3 3 3 3 3 3 4 3 0 2 3 3 3 3 2 3 2 3 3 3 4 2 3 3 3 3 2 3 3 2 3 2 3 3 3 3 3 2 3 2 1 1 3 3 2 3 2 3 2 3 3 3 3 3 2 3 3 3 3 3 3 3 2 2 2 3 3 3 3 3 3 3 3 3 3 3 4 2 3 3 3 3 3 3 1 3 2 3 3 3 2 3 2 2 3 3 3 2 3 3 3 3 3 3 2 3 3 2 2 3 4 3 3 3 3 4 3 3 3 3 3 3 2 3 3 3 3 2 3 3 3 3 3 3 2 3 3 3 3 3 3 3 3 3 3 2 3 2 2 3 2 2 1 3 3 2 2 3 3 3 3 3 4 3 3 3 3 2 3 3 3 3 3 2 3 3 2 3 3 1 3 3 3 3 2 2 3 3 3 3 3 3 2 3 2 3 4 3 3 2 2 2 2 2 2 3 3 2 3 3 2 2 3 2 3 3 3 3 2 4 3 2 3 3 3 3 3 2 3 3 3 3 3 3 4 3 3 3 3 1 3 3 3 3 2 2 3 3 3 3 2 3 3 3 3 3 3 3 3 3 1 3 2 3 3 2 4 3 3 3 3 3 2 2 3 3 2 3 
Vertex 231: 2 3 3 3 2 3 3 4 3 3 3 3 4 2 3 4 3 3 4 2 3 4 2 3 3 4 3 3 3 3 4 3 3 2 3 2 3 3 2 2 4 3 3 2 3 3 2 3 3 3 4 2 2 3 3 3 3 3 3 2 3 3 3 4 2 3 3 4 2 3 3 1 3 3 3 3 3 3 3 3 3 3 2 4 2 3 3 4 3 3 1 3 4 4 3 3 3 3 3 3 2 4 3 3 2 3 3 3 3 3 3 3 2 4 3 3 3 3 4 2 2 3 3 3 4 3 4 3 4 4 3 2 3 3 3 4 2 3 3 3 4 2 3 3 3 3 3 3 3 3 3 3 2 3 4 3 2 3 3 4 3 3 3 3 4 2 3 4 2 3 3 3 2 3 2 3 4 2 2 3 3 3 3 4 3 4 3 4 3 3 4 3 3 3 2 3 4 4 4 3 3 3 3 3 3 3 3 1 3 3 4 4 3 2 3 3 3 3 3 2 3 3 3 3 3 1 3 3 3 2 2 0 3 3 3 3 3 3 3 3 4 4 3 2 2 3 4 3 3 3 3 2 3 3 3 3 3 3 3 3 4 3 3 3 2 2 3 2 3 3 3 2 3 3 3 3 2 3 3 2 3 3 3 3 3 3 3 3 3 3 3 3 3 3 2 4 3 3 3 3 3 4 3 3 3 3 3 3 3 3 3 3 2 3 2 3 2 4 2 3 3 4 2 3 4 3 2 3 2 3 3 3 3 3 3 3 3 2 3 3 3 3 3 3 2 3 3 2 3 1 3 4 3 3 3 3 3 3 3 3 3 3 4 3 4 4 3 4 3 3 3 3 2 3 3 3 3 3 2 3 3 3 3 3 3 3 1 4 2 3 3 3 3 3 3 3 3 3 3 2 4 3 3 3 3 3 3 2 3 2 3 3 4 3 2 2 3 3 3 2 3 3 3 3 3 3 4 2 3 3 3 3 3 3 3 3 3 2 2 2 2 2 3 3 3 4 3 2 3 3 3 3 3 4 4 4 3 2 3 3 2 2 2 3 2 3 3 3 2 3 3 2 3 3 3 3 3 3 2 2 4 3 1 3 2 3 4 3 3 3 3 3 3 2 3 3 3 1 3 3 
Vertex 232: 3 3 3 3 3 3 3 2 3 3 3 3 2 3 3 3 3 4 4 3 3 3 3 2 3 3 3 3 3 3 3 3 3 3 3 2 3 3 4 3 3 3 3 4 3 4 3 3 3 3 3 3 3 4 3 3 2 3 3 3 2 3 2 3 2 2 4 3 3 3 3 3 4 4 3 2 2 3 4 3 3 2 3 3 2 4 3 4 3 3 3 3 2 3 3 2 3 3 3 3 3 3 3 4 3 4 3 2 3 3 4 3 3 4 3 3 2 3 3 3 3 3 3 3 3 3 3 3 3 3 3 3 3 4 2 1 2 4 4 3 3 3 3 3 3 3 3 4 3 4 3 3 3 4 3 3 3 4 3 3 4 4 3 3 2 3 3 4 3 2 2 3 4 4 2 4 3 3 3 3 2 3 4 3 3 3 3 4 2 3 4 3 4 3 2 3 3 3 4 3 3 2 3 3 3 3 1 3 3 3 3 3 3 3 3 3 3 3 4 3 3 4 3 2 3 2 1 3 3 3 3 3 0 2 3 3 3 3 4 4 4 2 2 1 3 3 2 2 3 3 3 3 3 3 3 3 3 3 4 3 2 3 2 4 3 3 3 3 4 3 3 2 3 3 4 3 3 3 3 3 2 3 3 3 2 3 4 4 2 3 3 3 1 4 3 3 3 2 4 3 3 2 3 3 2 3 3 3 1 3 4 4 3 4 2 2 3 4 3 2 3 4 3 3 3 2 3 3 3 3 4 4 4 3 3 4 3 1 3 3 3 3 3 4 3 3 3 3 3 3 3 3 2 3 2 3 3 4 3 3 3 3 3 3 3 2 3 3 2 3 3 3 2 3 3 3 2 4 3 3 4 4 3 3 4 3 3 4 2 4 4 2 2 3 4 3 4 3 3 3 2 3 2 3 3 3 3 3 3 3 3 2 3 3 3 3 2 3 3 3 3 2 3 3 3 3 3 3 2 3 3 2 3 3 4 3 3 2 4 3 3 3 4 3 3 4 3 3 3 3 3 3 4 3 3 3 3 3 3 2 3 3 4 3 3 3 3 3 3 2 1 3 3 3 2 3 4 3 3 3 3 3 2 4 2 3 3 4 3 4 3 3 3 3 3 3 3 3 3 3 
Vertex 233: 3 3 2 2 3 2 3 3 3 2 3 3 2 3 3 3 3 2 3 3 4 4 2 3 3 3 3 3 3 1 3 2 3 4 3 3 3 4 3 3 4 3 3 3 3 3 3 2 3 2 4 3 4 3 3 3 2 3 3 2 2 3 3 3 3 3 4 3 3 3 3 3 3 3 3 3 3 3 4 2 3 3 2 4 3 2 4 4 3 3 3 4 3 3 3 3 3 3 3 3 3 2 3 4 2 3 3 3 3 3 2 3 3 4 3 2 3 3 3 4 3 3 3 3 4 4 4 4 3 3 3 3 4 4 4 3 3 3 3 3 4 3 3 3 3 3 3 4 3 3 3 3 2 2 3 3 3 3 4 3 4 4 2 3 4 4 2 3 3 2 2 3 3 3 3 2 4 3 3 3 3 3 3 3 3 4 2 4 2 3 3 3 2 3 3 3 3 2 4 3 4 4 2 2 3 2 3 3 3 3 3 2 2 2 3 3 3 3 3 3 3 4 3 3 3 4 3 3 3 3 3 3 2 0 2 3 3 3 3 2 4 3 4 3 3 3 4 3 3 3 3 3 2 3 3 3 3 3 3 3 4 3 3 3 3 4 1 3 3 3 3 3 4 3 3 3 3 3 3 3 4 3 3 3 2 3 2 3 3 1 3 3 1 3 3 4 2 3 2 3 3 3 3 3 3 1 3 3 2 3 4 3 3 4 1 3 2 2 3 3 4 4 3 4 3 3 4 3 3 3 3 4 3 3 2 3 2 3 3 3 3 2 3 3 3 3 4 3 3 4 3 2 3 3 2 2 2 4 3 3 3 3 2 1 4 3 2 3 3 3 4 3 2 3 2 3 3 3 3 4 3 3 3 3 4 3 3 4 3 3 4 3 3 3 3 3 3 3 4 3 3 3 4 3 3 3 4 2 2 4 3 3 3 3 3 2 3 2 3 3 2 2 4 4 3 3 4 3 3 3 3 4 3 3 3 3 3 2 3 3 3 3 4 3 3 3 3 3 3 2 3 3 3 3 4 3 4 3 3 3 3 3 4 2 3 4 3 4 3 2 3 3 3 4 2 2 3 3 3 2 4 4 2 3 2 3 3 3 3 3 3 3 3 3 3 3 3 3 4 3 
Vertex 234: 3 3 3 2 3 2 3 3 2 2 3 4 3 1 2 3 3 3 3 3 4 4 3 4 4 2 4 3 4 3 2 2 4 4 3 3 4 4 3 2 4 4 2 3 3 3 3 3 3 3 3 3 2 4 3 2 3 3 3 3 1 3 3 2 3 3 3 2 3 4 3 3 3 3 3 3 3 3 3 3 3 3 2 3 3 4 3 3 3 2 3 4 3 4 2 3 3 3 3 3 2 3 2 2 3 3 3 2 3 3 3 3 3 3 3 3 4 4 3 4 3 2 4 3 3 3 4 4 3 3 3 3 3 4 3 3 3 3 3 3 3 3 3 4 3 3 3 3 4 4 4 2 3 3 2 3 3 3 3 3 4 3 2 3 4 3 3 3 3 3 3 3 3 3 3 3 4 2 4 2 2 4 3 3 3 3 2 3 3 3 3 4 2 3 2 3 3 3 3 3 3 3 3 2 3 4 3 4 3 3 4 3 3 3 3 3 3 3 4 4 3 4 2 3 3 3 4 4 2 3 3 3 3 2 0 4 3 2 3 3 3 3 3 2 3 3 3 4 2 4 3 3 3 3 3 3 3 3 3 3 4 3 3 3 3 3 1 3 2 4 4 3 3 3 4 3 3 3 2 3 3 3 3 3 2 3 2 3 3 2 3 3 2 2 4 3 2 3 3 3 3 3 3 4 4 3 3 3 3 3 4 3 3 3 3 3 3 3 2 3 3 3 3 2 3 3 4 4 2 3 4 2 3 2 2 4 2 3 3 2 3 2 3 1 3 3 3 3 4 3 3 3 3 3 3 3 3 2 4 2 4 2 4 3 3 3 3 3 4 3 3 3 3 3 2 3 3 3 3 3 1 3 2 3 3 3 3 3 3 3 3 3 3 3 3 3 3 4 3 2 2 3 3 3 3 3 4 3 4 3 2 3 4 2 3 3 3 3 4 4 2 3 3 3 3 3 4 1 3 4 3 4 3 4 3 3 3 2 2 3 3 3 3 3 2 4 4 3 4 4 3 3 4 4 3 3 4 3 2 3 3 3 3 4 3 3 3 4 2 1 4 3 3 3 3 3 3 4 3 4 4 4 3 3 2 2 3 3 3 3 3 3 2 4 3 3 4 3 2 3 
Vertex 235: 2 3 2 3 2 3 3 3 3 3 4 3 2 3 2 2 3 4 3 2 3 3 3 2 2 3 3 3 3 2 4 4 3 3 3 3 4 3 3 3 3 3 3 2 2 3 3 2 3 3 3 2 3 2 2 3 2 3 2 3 3 2 3 3 3 3 3 3 1 3 3 3 3 3 3 3 3 4 3 3 3 3 3 3 3 2 3 4 2 2 3 3 3 3 2 3 3 2 4 3 3 4 3 3 2 3 3 3 3 2 3 2 3 3 3 4 4 2 3 3 3 4 3 3 4 3 2 3 3 4 2 1 4 3 3 3 3 1 4 3 3 3 2 3 2 3 3 3 3 2 4 3 3 2 4 3 3 2 3 2 3 1 3 2 1 4 3 2 3 1 4 3 2 4 2 3 3 3 2 3 3 3 3 2 3 2 3 3 3 2 3 2 3 3 2 3 3 4 3 2 3 3 2 3 3 3 2 2 3 3 4 3 3 2 2 2 3 3 3 3 2 4 3 3 2 3 3 3 4 3 3 3 3 3 4 0 3 3 2 2 3 3 3 3 3 4 4 3 3 3 2 3 3 3 3 3 2 2 3 3 4 2 3 3 3 3 3 2 3 3 3 3 3 3 2 3 3 2 3 3 3 3 3 3 2 3 3 3 3 4 3 3 2 3 3 3 3 2 3 3 2 3 4 2 3 3 3 4 3 3 3 2 3 2 3 3 3 4 2 2 2 3 3 3 3 2 3 3 4 3 3 2 3 3 3 3 3 3 3 3 3 3 2 3 3 3 2 1 3 3 2 3 2 1 3 4 3 3 3 3 4 2 3 3 3 3 3 3 2 3 3 3 3 3 3 2 3 2 3 2 4 3 2 3 3 4 2 3 3 3 3 3 3 3 2 3 3 3 3 3 4 2 3 4 3 3 3 1 3 3 3 2 3 2 2 3 3 3 3 3 2 3 3 3 3 3 3 4 4 3 3 3 3 3 3 3 3 3 3 2 3 3 3 3 3 3 2 3 3 4 3 2 3 4 3 3 3 3 3 3 3 4 2 3 3 2 2 2 3 3 3 3 3 4 2 3 2 1 2 3 3 2 2 3 3 3 3 3 3 3 3 3 3 3 3 3 3 3 3 3 
Vertex 236: 3 3 3 3 2 4 3 3 2 4 2 3 4 3 2 4 2 3 3 3 3 4 3 3 4 4 3 3 3 4 3 4 3 3 3 3 4 2 4 3 3 3 3 4 3 3 4 3 3 3 4 3 3 3 4 3 4 3 2 3 3 3 2 4 3 2 4 4 3 3 4 3 2 4 3 3 4 4 3 4 4 2 3 3 3 3 3 4 4 4 2 3 2 4 3 2 3 3 3 4 3 1 3 4 3 3 3 3 3 2 3 4 2 3 3 3 3 3 4 4 3 3 3 3 4 3 2 4 3 3 4 4 3 3 3 3 3 3 3 4 3 4 3 3 4 3 4 3 3 3 3 3 3 3 4 3 3 4 3 2 4 4 4 3 2 1 3 3 3 3 4 3 3 3 3 4 3 3 3 3 2 3 4 3 3 4 3 3 3 3 3 4 3 2 2 3 3 3 4 4 3 4 3 3 3 3 2 3 3 3 3 2 3 4 3 3 3 3 3 3 3 3 4 3 2 3 2 3 4 3 2 3 3 3 3 3 0 3 3 3 3 4 3 2 3 3 3 4 3 2 3 3 3 4 3 4 3 4 4 4 4 3 3 2 3 2 3 3 4 3 3 3 4 3 4 3 3 3 3 3 2 4 4 2 3 3 3 4 3 3 2 3 4 3 4 4 4 1 3 3 4 3 4 4 3 2 3 3 3 4 3 4 3 3 4 4 3 4 3 3 3 4 3 4 4 3 4 3 2 4 4 3 4 3 2 4 3 3 4 2 4 3 4 2 3 2 3 3 4 4 3 3 3 3 3 3 3 4 2 3 3 3 3 4 4 4 3 3 3 3 4 2 3 2 3 4 2 3 4 4 4 4 4 2 3 3 3 4 3 3 2 3 2 3 3 3 3 4 2 4 4 3 3 3 3 4 4 3 3 3 4 3 3 2 3 3 2 3 4 4 4 3 3 4 3 3 3 4 3 4 3 3 2 3 3 2 3 3 4 3 3 4 4 3 3 4 3 2 3 4 1 3 3 3 3 3 4 3 3 3 3 3 3 3 4 3 3 3 4 3 3 4 3 2 4 3 3 4 3 3 3 3 3 3 3 2 2 3 3 4 3 3 4 3 2 2 4 4 1 3 
Vertex 237: 3 2 3 2 3 3 3 3 3 3 1 3 2 1 3 3 3 3 3 1 3 3 3 3 3 4 3 3 3 3 3 3 2 2 4 3 4 3 3 3 3 3 2 3 3 3 2 2 1 3 1 3 3 3 3 3 3 3 3 3 3 2 3 3 3 2 2 3 2 2 3 3 3 3 2 4 3 3 3 3 1 2 2 2 3 3 3 3 2 2 3 2 3 3 2 3 3 3 3 3 3 3 3 3 3 3 3 2 2 2 3 3 3 2 2 3 3 3 3 2 2 1 3 2 3 3 3 2 3 2 3 3 3 3 3 3 3 3 3 2 3 1 2 3 3 3 3 3 3 3 2 3 3 3 4 3 2 3 2 3 3 3 2 3 3 2 2 3 3 3 2 3 2 4 3 2 2 2 2 3 2 3 3 3 3 3 3 2 4 4 3 3 3 3 2 2 3 2 2 3 3 3 3 2 3 2 2 3 3 2 3 3 3 2 2 2 3 3 3 2 2 3 3 2 3 3 3 3 2 2 3 3 3 3 2 3 3 0 1 3 3 3 3 3 3 3 2 3 3 3 3 3 2 3 2 2 3 3 3 3 3 3 3 3 3 2 3 3 2 3 3 2 3 3 3 3 2 3 2 3 3 3 3 3 3 3 3 2 3 3 3 2 3 3 3 4 3 3 2 2 3 2 3 2 3 3 2 3 3 2 3 3 3 3 3 2 2 4 2 1 3 3 3 3 3 3 3 2 3 3 3 2 3 2 2 2 2 3 3 3 2 2 3 2 3 3 4 2 2 2 3 1 2 2 3 3 3 2 3 3 3 2 3 2 3 3 2 3 3 3 2 2 3 3 4 2 3 3 3 2 1 3 3 3 3 3 3 3 3 3 3 2 4 2 3 1 3 3 3 3 3 3 2 3 3 3 3 2 3 3 3 2 2 3 3 3 2 3 3 3 3 2 3 3 2 3 3 3 2 2 3 3 3 3 3 3 3 2 2 3 3 3 3 3 2 3 3 3 2 2 4 3 2 2 3 3 3 3 3 3 3 2 3 3 3 3 3 2 2 3 3 3 3 4 3 2 3 3 1 3 4 2 3 2 3 2 3 3 3 4 3 3 3 3 1 3 3 2 3 3 
Vertex 238: 3 3 2 3 3 3 3 2 4 3 2 2 3 2 3 2 3 3 4 2 3 3 3 3 2 3 4 2 3 3 3 3 2 3 3 3 3 3 2 3 4 3 3 3 3 4 3 3 2 4 1 3 3 3 2 3 3 3 2 3 3 3 3 2 2 3 3 2 2 2 3 3 3 2 2 4 3 3 3 3 2 3 3 3 3 3 2 2 3 2 3 3 3 4 2 3 3 3 3 3 2 2 3 3 2 3 3 3 3 2 3 3 3 1 2 3 2 3 2 3 3 2 3 2 3 3 2 3 3 3 3 3 4 3 2 3 3 3 4 3 2 2 3 3 3 3 3 3 2 3 3 3 2 2 4 3 2 2 3 3 4 2 2 3 3 3 3 4 3 3 3 2 3 3 2 3 3 2 3 3 2 3 3 3 3 2 3 3 4 3 3 3 3 3 3 3 3 2 3 3 3 3 2 3 3 3 3 2 3 3 3 3 3 2 3 2 4 3 3 3 3 3 3 3 3 3 3 2 3 3 2 3 4 3 3 2 3 1 0 3 3 3 3 3 3 4 3 3 4 4 3 3 3 4 3 3 3 2 3 3 4 3 3 3 3 1 2 3 2 2 3 3 3 3 3 3 1 3 3 3 3 3 3 4 3 3 3 1 2 3 4 2 4 3 3 3 3 3 3 3 3 3 3 3 3 3 3 2 3 1 2 3 3 3 3 2 3 3 2 2 3 4 2 3 3 2 4 3 3 3 3 2 3 3 1 2 2 3 3 3 3 3 3 3 4 3 3 3 1 3 4 2 2 1 2 3 3 2 2 3 4 1 3 3 2 3 3 3 3 3 3 3 3 3 3 3 3 2 3 2 2 3 3 3 3 3 4 2 3 2 3 2 3 3 3 2 2 3 3 3 3 3 3 3 3 3 3 3 3 4 3 3 3 3 2 3 3 3 2 3 3 3 3 3 3 3 3 3 2 3 3 3 3 3 3 3 2 3 3 3 3 3 3 3 2 2 2 4 2 3 3 3 3 3 3 2 3 3 3 3 2 3 2 3 2 3 3 3 2 2 3 3 3 3 4 3 3 3 2 3 4 2 3 2 3 3 2 2 4 3 3 3 3 3 2 3 3 3 2 3 
Vertex 239: 3 3 1 3 2 3 3 3 3 3 3 4 3 4 3 3 2 3 3 3 4 4 2 3 3 2 4 3 3 3 3 3 3 3 1 2 4 3 3 3 3 3 2 2 2 3 3 2 3 3 3 3 3 2 2 3 3 3 3 3 3 3 3 3 3 2 3 3 3 3 3 3 3 3 3 3 3 3 2 2 3 3 3 2 2 3 2 2 3 3 3 3 3 3 3 3 3 2 3 3 3 2 2 3 2 3 3 3 2 3 3 2 3 3 3 3 3 2 2 3 3 3 1 3 3 3 2 3 3 3 3 3 2 2 3 3 3 1 3 3 3 3 3 2 3 2 3 3 2 2 3 3 3 3 4 2 3 3 3 2 4 3 3 1 3 3 3 4 3 3 3 3 2 4 3 3 2 2 2 2 3 3 3 3 2 3 3 3 3 3 1 3 3 2 3 3 3 2 3 3 3 3 3 2 3 2 3 3 3 3 4 3 3 3 2 2 3 2 2 4 3 2 3 3 2 3 3 3 3 3 3 3 4 2 3 2 3 3 3 0 3 2 3 3 3 3 2 3 1 3 2 3 3 2 3 3 2 3 1 3 3 3 2 3 2 3 3 2 3 3 3 2 3 3 3 3 3 3 3 2 3 2 3 3 3 3 2 3 3 3 3 3 3 3 2 3 2 3 3 3 3 3 3 3 3 1 2 3 3 3 3 2 2 2 2 4 3 4 3 3 3 2 3 3 3 3 2 3 3 2 4 3 1 3 3 3 3 3 3 3 3 3 2 2 3 3 3 3 3 3 2 2 3 2 3 2 3 2 3 2 3 3 3 3 2 3 2 3 2 3 3 3 2 3 3 3 3 2 3 3 3 3 2 3 3 3 3 3 3 3 3 3 2 3 3 3 3 2 3 3 3 3 3 3 3 3 3 2 3 3 1 3 3 3 3 2 2 2 3 3 2 3 3 3 3 2 3 3 3 1 2 3 2 3 3 3 3 2 3 2 3 1 3 3 3 3 2 3 2 3 3 3 2 3 4 3 2 3 3 3 3 3 2 3 2 3 3 3 3 2 3 3 3 4 3 3 3 3 3 3 3 3 3 3 3 3 2 4 3 4 3 3 3 3 3 3 2 3 3 3 
Vertex 240: 4 4 2 3 3 3 4 4 3 3 3 3 4 3 3 3 3 3 4 4 4 3 3 4 4 2 4 3 4 4 4 3 4 4 4 4 3 4 3 3 3 3 1 4 4 3 4 2 3 4 4 4 4 3 2 4 3 3 3 2 4 3 3 3 3 4 3 4 3 4 3 3 4 3 3 4 4 3 4 4 3 3 3 3 4 2 4 3 3 4 3 4 3 4 4 3 3 1 2 3 3 4 3 3 4 4 4 3 4 3 3 2 3 4 4 4 4 3 3 4 3 4 4 3 3 4 3 3 3 4 3 2 3 3 4 3 3 3 3 3 3 3 3 4 3 3 4 3 3 4 4 4 4 2 4 3 4 4 3 4 4 4 3 3 4 4 3 2 3 3 3 4 2 4 3 3 3 3 3 4 3 3 4 4 3 4 4 3 3 3 3 3 3 3 2 3 3 3 4 4 2 3 3 3 4 4 4 4 3 3 4 3 3 4 3 3 3 4 4 4 4 5 3 3 2 3 4 4 3 4 3 4 4 4 3 3 3 3 3 3 0 4 3 4 3 4 4 3 3 4 3 3 3 2 2 4 4 3 2 2 3 4 2 3 4 4 4 4 3 4 3 3 3 3 3 4 3 3 3 4 3 3 4 3 2 3 3 4 3 4 3 4 3 3 3 4 3 3 4 3 3 3 3 3 4 3 3 4 3 2 3 3 4 4 3 3 4 4 3 4 2 3 4 3 3 4 4 3 4 4 2 3 4 3 4 3 3 3 3 3 3 3 3 4 4 2 4 3 3 3 3 3 3 3 2 3 3 3 3 4 4 4 3 3 3 2 4 3 3 3 4 3 3 3 3 3 4 3 3 4 2 4 4 3 4 3 4 3 3 4 3 3 3 4 3 4 4 3 3 3 3 2 4 3 4 1 4 3 3 2 4 4 4 4 3 2 4 3 3 4 4 2 3 4 4 3 2 4 4 3 4 4 3 4 4 3 4 4 2 3 3 4 3 3 3 3 4 3 3 3 2 3 4 4 2 3 4 4 3 3 2 4 4 3 4 4 4 3 3 3 3 4 3 4 4 3 3 3 3 4 3 2 4 3 3 3 4 3 4 3 3 3 4 3 4 4 3 3 3 2 
Vertex 241: 2 3 3 3 2 2 4 2 4 3 2 2 3 3 3 3 3 4 3 3 3 4 3 2 3 3 3 3 3 2 3 3 3 3 2 2 3 3 3 3 3 2 3 2 3 3 3 3 4 3 2 3 3 3 3 2 2 3 3 3 3 3 4 2 4 3 3 3 3 3 3 3 2 3 3 4 3 3 3 1 3 3 3 3 3 3 2 3 3 3 3 3 4 3 4 3 3 3 3 4 3 4 2 2 3 4 3 2 3 3 3 3 3 3 3 3 4 3 3 3 3 3 3 3 3 3 3 3 4 3 3 3 3 3 3 3 2 3 2 3 3 2 4 3 4 3 3 3 4 3 3 2 2 3 3 3 3 3 3 3 5 3 3 3 2 3 3 3 2 3 3 3 3 3 2 3 4 3 3 2 2 2 2 2 3 3 3 3 4 3 3 3 2 3 3 3 3 3 4 2 4 3 4 2 4 3 3 3 4 3 2 3 3 3 3 3 3 3 3 3 1 3 3 3 2 3 3 3 3 3 3 4 2 3 3 3 4 3 3 2 4 0 3 3 3 3 2 4 1 3 3 2 1 3 3 1 2 3 3 3 3 4 2 3 4 3 3 3 3 2 4 2 2 3 3 3 4 3 3 2 3 3 3 3 3 3 3 3 2 2 3 2 3 2 3 3 2 3 3 3 3 3 3 3 3 3 3 2 1 3 4 3 3 3 2 2 3 3 3 2 3 3 2 3 3 3 3 3 3 4 3 3 3 3 3 3 2 3 3 4 3 3 3 2 3 3 1 3 3 3 3 2 3 3 3 2 3 3 4 3 2 3 3 3 3 3 3 2 2 3 3 3 3 3 3 2 2 3 2 3 3 3 2 3 4 2 3 3 3 3 4 3 3 2 3 3 3 3 3 4 3 4 2 3 3 4 3 3 3 3 3 3 3 3 3 3 2 4 3 4 3 3 3 3 2 2 3 3 1 3 3 3 3 3 3 3 3 3 3 2 3 2 3 3 3 2 4 3 3 3 3 3 3 3 4 2 3 3 3 3 2 3 3 2 2 3 3 4 3 3 3 3 3 4 4 3 2 3 4 3 3 3 3 3 3 3 3 2 3 4 3 2 3 3 3 4 4 4 3 2 
Vertex 242: 3 2 2 3 3 3 2 3 3 3 3 3 2 3 4 3 3 3 3 3 3 2 3 3 2 3 3 2 3 4 3 3 3 3 3 3 3 3 3 3 1 3 3 3 3 3 2 4 3 3 2 3 3 3 3 4 3 2 2 3 3 3 3 2 3 2 3 3 3 1 3 3 3 3 3 3 1 2 2 3 4 3 4 2 3 3 2 3 3 3 3 3 3 3 3 3 3 3 3 3 2 3 2 3 4 3 4 3 3 4 2 1 2 2 2 3 3 3 1 3 3 3 2 3 3 3 3 1 3 4 2 4 2 3 3 3 2 2 3 3 3 3 3 4 3 2 4 3 3 3 3 3 3 3 3 2 3 3 2 3 4 3 3 3 3 4 2 2 3 3 3 3 4 3 3 3 2 1 3 3 3 3 3 4 3 3 3 3 3 2 3 3 2 3 2 2 4 2 3 2 3 2 3 3 2 4 3 2 3 3 3 3 4 2 2 4 3 3 3 4 3 4 3 3 2 2 2 3 3 3 4 3 2 4 3 3 3 3 3 3 3 3 0 3 3 3 3 3 4 3 2 3 3 3 2 2 2 3 3 3 3 2 3 3 3 2 3 3 3 3 4 3 2 3 3 2 3 3 2 3 3 3 3 3 3 3 3 3 3 3 2 3 3 4 3 3 3 3 2 3 3 2 3 3 3 3 3 3 3 2 3 3 3 2 3 3 4 4 2 3 4 3 3 4 3 2 3 3 1 4 3 3 4 2 3 3 3 3 3 3 2 3 3 4 3 2 2 3 2 3 3 3 3 2 3 3 3 3 3 3 3 3 3 4 3 3 3 3 3 3 3 3 3 3 4 2 1 3 2 1 2 3 3 3 4 2 3 2 3 2 4 2 3 3 3 3 3 3 3 3 3 3 3 3 3 2 2 3 3 3 2 3 3 3 2 3 3 2 2 3 3 3 3 3 3 2 3 4 3 3 2 4 3 3 3 4 2 3 3 3 3 2 4 3 3 3 3 3 2 3 3 2 3 3 3 3 3 3 3 4 3 4 2 2 1 3 3 4 2 2 2 2 3 4 2 3 3 3 3 2 3 3 3 3 3 3 3 3 4 3 3 3 3 3 3 3 3 3 3 3 
Vertex 243: 3 3 3 3 2 2 3 3 4 4 4 4 2 3 3 3 4 3 3 2 4 3 3 3 4 3 2 3 3 3 4 3 4 3 3 1 4 3 3 2 3 3 4 3 3 4 3 3 3 3 3 3 3 3 3 3 3 4 3 3 3 3 3 3 3 3 3 2 2 3 3 3 3 3 3 1 3 3 3 3 4 3 2 4 2 3 4 4 3 3 3 4 2 3 2 3 3 3 3 4 2 3 2 4 2 3 3 3 3 4 3 3 2 3 3 3 3 3 3 2 4 3 2 3 2 3 4 3 4 3 3 3 2 3 3 2 3 3 4 3 3 3 3 3 3 3 3 3 3 3 3 2 2 3 3 4 3 3 3 4 3 3 3 3 3 3 3 3 3 3 2 3 3 3 3 3 2 3 4 2 2 3 4 3 3 4 3 4 3 3 4 3 3 3 3 4 4 3 3 2 4 3 3 3 2 4 2 3 3 4 3 3 3 2 2 3 3 3 3 4 4 4 2 1 2 3 2 4 3 2 2 2 1 3 2 3 2 3 3 3 4 3 3 0 3 3 3 2 3 4 3 2 3 3 3 3 3 3 3 3 3 4 3 3 4 3 3 2 4 4 4 3 3 3 3 3 4 3 3 3 3 3 3 3 2 3 3 3 3 2 3 3 2 4 3 3 3 3 3 4 3 3 2 3 3 3 3 3 2 4 3 4 3 3 2 3 3 3 2 3 3 3 3 2 4 1 3 4 2 3 4 3 4 3 3 4 2 2 3 3 3 3 3 3 2 3 3 3 4 3 3 3 3 3 3 3 4 3 4 2 4 2 4 2 3 3 4 3 3 4 3 2 2 3 3 3 2 3 3 3 3 3 2 3 4 3 2 3 3 3 4 3 3 3 3 4 4 3 4 3 3 3 3 3 3 4 4 3 4 3 2 3 3 2 3 3 3 3 4 4 4 3 3 3 3 3 2 3 2 3 3 3 3 3 3 3 3 3 4 3 3 4 4 3 3 4 3 3 3 3 3 4 3 4 4 3 4 3 3 3 3 3 3 3 3 3 3 4 3 1 2 2 3 3 2 3 3 2 3 2 3 4 1 3 2 3 3 3 4 3 3 3 2 3 3 3 3 3 3 3 
Vertex 244: 3 1 3 3 3 1 3 3 4 3 3 3 4 3 3 3 2 3 3 2 3 2 2 3 3 4 3 2 3 4 2 3 3 3 3 3 3 3 2 2 2 3 2 3 4 3 3 2 3 3 3 2 2 4 3 3 3 3 3 2 3 3 3 4 3 3 3 3 3 3 3 3 3 3 3 3 3 3 3 3 2 3 3 3 3 2 3 3 3 2 3 3 3 3 2 3 4 3 3 3 3 3 2 3 3 3 3 3 3 3 3 4 3 3 3 3 3 3 2 4 2 2 2 4 4 3 3 3 3 4 3 3 3 3 3 3 3 3 3 3 2 3 3 3 4 3 3 3 2 2 3 3 3 3 4 3 3 3 3 2 4 2 3 3 2 2 2 3 2 3 3 2 3 3 2 3 4 2 3 3 1 2 3 2 3 3 3 3 3 3 3 3 3 2 3 3 3 2 3 3 3 3 3 3 3 3 3 3 3 3 3 3 3 3 3 3 3 4 3 4 3 4 3 3 3 1 3 4 3 3 3 2 3 3 3 3 3 3 3 3 3 3 3 3 0 3 2 3 3 4 3 3 3 3 2 2 3 3 3 3 3 4 3 3 4 3 3 3 3 3 4 3 3 2 3 3 3 3 3 3 3 3 3 2 3 3 2 3 3 3 3 2 3 3 3 3 3 3 3 3 3 3 3 3 3 2 3 3 2 3 3 3 3 3 2 3 3 4 2 3 3 2 2 3 3 3 2 2 2 3 3 2 4 3 2 3 3 2 3 3 2 3 3 3 3 1 3 3 3 3 3 3 3 2 2 2 3 3 3 2 3 3 3 3 3 3 2 3 4 3 1 2 3 3 2 3 2 1 2 3 3 3 3 3 4 2 3 3 3 3 3 3 3 3 3 3 3 3 3 3 3 3 2 3 3 3 4 3 3 3 3 3 4 3 3 3 2 1 3 4 4 3 2 3 3 3 3 3 3 4 3 4 3 3 3 3 3 3 3 2 2 3 2 3 2 3 3 2 3 3 4 1 3 2 4 3 2 2 3 3 2 2 3 3 2 3 3 4 2 2 4 2 3 3 2 3 3 3 2 3 4 3 3 3 3 3 3 3 3 4 3 4 2 2 3 2 3 3 2 2 
Vertex 245: 3 3 2 3 3 3 3 3 2 3 2 3 3 4 2 3 3 3 2 2 3 2 3 3 3 3 3 3 4 4 4 3 2 3 3 3 3 3 3 3 2 2 3 3 3 2 3 2 3 2 3 3 3 3 3 3 3 2 3 3 3 3 3 3 2 3 2 2 3 2 2 3 3 3 3 2 3 4 3 3 2 3 3 2 3 4 3 3 3 3 2 4 3 3 3 1 2 3 3 3 3 3 3 2 3 3 2 3 1 4 3 3 3 3 3 3 3 2 3 4 2 3 3 3 4 3 3 3 3 3 3 3 3 3 3 2 3 3 3 3 3 3 3 3 3 1 3 3 2 2 1 2 3 4 3 3 3 3 2 3 4 3 3 3 4 2 3 2 2 3 2 4 3 3 2 2 4 3 3 3 3 2 3 2 2 3 3 2 2 3 3 2 3 3 3 3 3 3 2 3 3 3 3 2 4 2 3 3 3 2 3 3 3 3 2 3 3 3 3 2 3 3 2 3 3 2 3 2 2 2 3 3 3 3 3 4 3 3 4 3 4 3 3 3 3 0 3 2 3 3 3 2 3 3 3 3 2 3 3 2 3 3 2 3 3 3 2 3 3 2 3 2 3 3 3 3 3 3 4 3 3 1 3 3 2 3 2 3 2 3 3 2 3 3 3 3 1 3 2 3 2 3 3 3 3 3 3 3 3 3 2 3 2 3 3 3 3 3 2 3 3 2 2 3 1 3 3 3 3 3 3 3 3 3 3 3 3 3 2 3 1 3 3 3 3 3 3 3 3 3 3 3 4 3 2 2 3 3 3 3 2 4 3 3 4 2 3 2 3 3 3 3 3 2 3 2 3 2 3 3 3 3 3 3 3 3 3 3 1 2 3 2 3 4 2 2 3 3 3 2 3 3 2 2 1 3 4 4 3 2 2 3 2 3 3 2 3 2 3 3 3 3 2 3 3 3 3 3 2 3 2 3 3 3 3 3 2 3 4 2 3 2 3 2 2 3 2 3 3 3 3 3 2 2 3 3 3 1 2 3 3 3 3 4 4 3 3 3 3 3 2 3 3 3 3 3 2 3 4 3 2 3 3 2 3 3 4 3 2 3 3 3 3 3 2 1 3 2 2 3 
Vertex 246: 3 1 3 3 2 3 3 3 3 4 3 3 3 3 3 3 2 3 4 3 3 3 3 4 4 2 3 3 3 4 2 3 2 3 3 3 4 4 2 2 4 3 3 2 3 3 2 4 3 3 3 2 3 3 3 3 3 4 3 3 3 3 3 3 3 3 3 4 3 3 3 3 4 4 3 4 3 1 3 3 3 4 4 3 3 2 3 3 4 3 3 3 3 3 4 3 4 3 3 2 4 2 3 4 4 3 3 2 3 3 3 4 3 3 3 3 3 3 3 4 4 3 3 3 4 1 3 4 3 3 3 4 3 3 3 3 4 3 3 4 4 3 4 3 4 3 4 3 3 4 2 3 3 4 2 3 2 3 3 2 3 4 4 3 4 2 3 3 4 3 3 3 3 4 2 3 4 2 3 2 3 3 3 4 4 3 3 4 4 3 3 3 3 3 3 3 1 2 4 3 3 2 4 2 3 4 3 3 3 3 3 3 3 3 3 3 3 3 4 3 3 3 3 3 3 3 1 4 3 2 3 4 2 4 3 4 3 2 3 2 4 2 3 3 2 3 0 2 1 3 3 4 3 3 3 3 3 3 3 4 3 3 2 3 2 3 4 4 3 3 4 3 3 3 2 3 3 3 4 3 3 4 3 3 4 2 3 4 3 3 3 3 3 4 4 4 4 3 3 3 3 3 3 3 3 3 3 3 3 3 3 4 3 3 3 3 2 4 3 3 4 3 3 4 3 3 3 3 4 3 2 3 3 2 3 3 3 3 3 3 3 4 3 2 4 3 3 3 3 3 3 3 3 3 3 3 3 3 4 2 3 3 3 3 4 3 3 2 2 3 3 3 3 3 3 3 2 3 3 3 3 4 3 3 4 3 4 4 3 3 3 2 3 3 3 3 3 3 2 3 4 3 3 3 3 3 3 3 3 3 2 3 3 2 3 3 2 3 3 3 3 2 2 2 3 3 3 3 3 3 3 3 3 4 3 3 3 4 4 3 4 3 3 3 4 4 3 3 3 3 2 3 3 2 3 4 2 3 3 3 3 4 3 3 3 3 4 2 2 3 2 4 3 4 4 2 3 4 2 3 4 3 3 4 4 2 3 4 3 5 4 2 4 4 1 3 2 3 3 3 
Vertex 247: 3 2 3 3 3 3 4 3 3 3 3 4 2 3 2 3 3 3 3 3 3 2 3 3 3 3 4 3 4 4 3 3 3 3 3 3 3 3 3 3 4 2 3 3 3 2 1 3 3 3 3 2 4 3 3 3 3 3 3 3 3 3 3 2 3 3 3 3 2 3 4 3 3 3 3 3 3 2 3 3 2 3 3 3 2 3 3 3 3 2 3 2 2 3 3 2 3 3 3 2 3 3 3 3 3 2 2 2 3 3 3 3 3 3 3 3 2 3 2 3 3 4 3 3 3 2 4 3 3 4 4 3 3 3 3 1 3 3 3 3 4 3 3 4 3 3 3 4 3 3 1 3 3 3 3 4 1 3 3 2 4 3 3 2 2 3 2 4 3 3 3 3 3 4 3 3 3 3 3 3 3 3 2 3 2 3 3 3 2 3 3 3 3 2 2 3 3 3 4 3 3 1 3 3 3 3 3 2 4 3 2 4 3 3 2 3 2 3 3 2 3 4 3 3 3 3 3 3 3 3 3 3 2 3 4 3 4 3 3 3 3 4 3 2 3 2 2 0 3 3 1 2 4 3 3 3 3 3 3 3 3 3 3 3 2 3 3 3 3 2 3 3 2 3 4 3 2 2 3 2 2 3 3 3 2 2 3 4 2 4 3 4 3 3 3 3 3 3 4 3 3 3 3 3 3 3 3 3 3 3 4 4 3 4 3 2 3 4 2 3 3 3 3 4 2 1 2 3 3 3 3 3 3 3 2 3 3 2 3 4 3 3 3 3 4 3 3 3 3 3 3 3 3 3 3 2 3 2 3 3 4 3 3 2 3 3 4 3 4 3 3 3 3 3 4 3 2 4 4 2 4 4 3 4 3 3 3 3 2 3 2 3 3 3 3 2 3 3 3 2 2 2 3 4 3 2 3 3 3 4 3 2 2 3 3 1 2 3 3 3 2 3 1 3 3 3 3 4 3 2 2 3 2 3 3 2 3 3 2 3 3 4 3 3 2 4 3 3 3 3 3 3 3 3 4 3 3 3 4 3 3 3 3 2 2 2 3 3 3 3 3 3 4 4 3 3 4 2 2 3 4 2 3 3 3 3 3 3 2 3 2 4 3 3 2 3 3 2 3 3 
Vertex 248: 3 2 2 3 1 3 3 3 3 3 3 3 3 3 2 2 2 4 3 3 4 4 3 3 4 3 3 4 3 3 2 3 3 4 2 3 4 3 3 3 3 2 2 1 3 3 3 3 4 3 3 3 2 2 3 3 3 4 3 3 3 2 3 3 3 3 3 3 3 3 3 3 3 3 2 3 3 2 3 2 4 3 3 3 2 3 3 3 4 4 3 4 3 4 3 3 4 3 4 3 3 3 3 3 3 4 3 3 3 3 2 3 3 4 3 3 3 3 3 3 3 2 2 3 3 2 2 3 3 4 2 3 3 3 3 2 3 2 3 3 4 3 3 3 3 2 3 3 3 3 3 2 3 3 3 3 3 3 3 3 4 3 3 2 3 3 3 3 3 2 3 3 3 4 2 2 3 3 3 1 3 2 3 3 3 3 2 3 4 3 2 3 3 3 3 3 2 3 3 3 3 3 4 3 3 3 2 2 4 3 3 4 2 2 2 3 3 3 3 4 2 3 2 2 3 3 2 3 3 3 2 3 3 3 2 3 3 3 4 1 3 1 4 3 3 3 1 3 0 3 3 3 2 3 3 2 2 3 2 3 3 3 1 3 3 3 3 3 3 3 3 2 3 4 3 3 3 3 3 2 3 3 3 4 3 3 2 4 3 3 3 3 3 3 3 4 3 3 3 3 3 2 4 3 3 2 3 3 2 3 4 3 2 2 3 3 3 4 3 3 3 3 2 4 3 3 3 4 3 3 3 4 2 3 3 4 3 3 3 3 4 3 3 1 3 3 2 3 4 3 2 3 2 3 3 3 3 3 3 2 3 3 4 3 3 4 3 3 3 3 3 3 2 2 3 3 3 3 2 4 3 3 3 3 3 3 4 3 3 4 3 3 3 3 3 2 3 3 3 3 3 3 2 4 3 4 2 3 3 3 2 3 4 2 2 3 1 3 4 3 3 3 3 2 3 2 3 3 2 2 2 3 3 4 3 2 3 3 4 3 4 2 3 3 3 3 3 3 3 3 3 2 3 3 3 3 3 3 2 2 3 3 3 3 3 2 4 3 2 2 3 4 2 3 3 3 3 3 3 3 3 4 2 3 3 2 3 3 4 4 4 3 3 4 2 4 3 3 2 2 
Vertex 249: 2 4 3 3 2 3 3 3 2 2 3 3 3 3 3 3 3 4 3 3 3 3 4 4 4 3 4 2 3 4 3 3 3 3 3 3 2 2 4 3 2 3 3 3 3 3 2 3 3 3 3 3 3 3 3 2 3 1 4 3 3 3 3 3 3 3 3 3 4 4 3 2 3 4 3 4 2 2 2 2 3 3 3 3 2 3 3 3 4 3 3 3 3 3 3 3 2 4 3 3 3 3 3 3 3 3 1 3 3 2 4 2 3 3 4 3 2 3 3 3 4 3 3 3 4 3 3 3 3 4 3 3 2 3 3 3 2 3 3 3 3 3 3 3 4 3 3 3 3 3 2 3 3 3 4 3 2 4 4 3 3 3 3 4 2 3 3 3 2 3 3 3 3 3 3 2 3 3 3 3 3 3 3 3 3 4 2 3 4 3 3 3 3 2 2 3 3 3 4 3 3 3 3 3 3 3 2 3 4 2 3 4 3 3 3 3 2 3 3 3 3 3 3 3 3 3 3 3 3 3 3 3 3 3 4 3 2 3 4 3 4 3 3 4 4 3 3 3 3 0 3 3 3 3 3 3 3 3 3 3 3 2 2 2 1 3 3 2 4 3 3 2 4 2 4 2 3 3 4 3 2 2 3 3 3 2 3 3 3 3 2 2 3 2 3 3 3 1 3 2 3 3 4 3 2 4 2 3 3 3 3 3 1 3 2 3 1 4 3 3 3 3 2 4 3 4 3 3 3 3 4 3 2 3 3 4 3 3 2 3 3 3 2 3 2 3 3 3 3 3 2 3 2 3 3 3 2 3 2 3 2 4 3 3 2 4 3 3 3 3 3 2 3 3 3 3 3 4 3 3 4 3 3 4 3 3 3 2 2 3 2 2 3 3 3 3 4 3 3 3 4 3 3 4 3 3 3 3 2 3 3 3 3 2 3 3 2 4 4 3 3 3 3 2 3 3 3 3 3 2 2 3 3 3 3 2 2 3 4 3 3 3 3 3 3 2 3 3 2 3 3 3 3 3 3 4 4 4 3 3 3 3 3 1 3 2 3 2 4 4 3 3 1 3 3 3 3 4 3 4 4 3 3 4 2 2 3 3 3 3 2 4 3 3 2 3 4 2 3 3 
Vertex 250: 3 3 2 3 3 2 3 3 3 2 3 3 3 2 3 3 3 4 2 2 3 3 3 2 3 3 4 3 3 3 4 4 3 3 3 3 3 3 3 3 3 3 3 3 4 3 2 3 4 2 3 3 4 3 3 4 2 4 3 2 3 4 3 3 3 2 3 3 1 3 3 3 4 3 3 3 3 3 3 3 3 4 3 3 3 2 2 4 3 3 4 1 2 4 3 3 3 3 3 3 3 3 2 3 2 3 3 3 3 3 3 3 3 2 3 3 3 3 1 4 3 4 3 3 4 3 3 3 4 4 4 3 3 3 3 2 2 3 3 3 3 4 3 4 3 3 3 4 3 2 2 3 3 3 2 3 2 3 3 3 4 3 3 1 1 3 1 3 4 3 4 3 4 3 3 3 4 3 3 3 3 2 3 4 2 3 3 3 3 3 3 3 3 3 3 3 3 3 3 3 3 2 4 3 2 4 2 3 4 3 3 3 4 3 2 2 3 3 4 3 4 4 3 3 3 3 3 3 3 3 3 3 3 3 3 2 3 3 3 2 3 3 2 3 3 3 3 1 3 3 0 3 3 3 3 3 4 3 3 3 4 3 4 3 2 4 3 2 3 3 3 3 3 3 3 3 3 2 3 2 3 3 3 3 3 3 3 3 3 4 3 3 3 4 2 3 4 2 3 3 3 4 3 3 3 3 4 3 3 4 3 3 4 3 2 3 3 4 3 3 2 3 3 3 3 2 3 3 3 4 3 3 3 3 3 3 3 3 3 4 3 3 4 4 3 3 2 3 3 3 3 4 4 3 3 3 3 3 3 3 4 2 3 3 4 4 3 4 3 2 3 3 3 3 4 3 3 4 3 3 4 3 3 3 4 3 2 3 3 3 3 2 3 4 3 2 4 4 4 3 3 3 2 3 3 2 4 2 4 3 2 3 3 3 4 2 3 2 2 3 3 4 2 4 3 4 4 3 4 3 3 3 2 2 3 3 3 2 1 2 3 3 3 3 3 4 2 3 2 3 3 2 3 4 4 3 2 3 3 3 3 3 3 3 2 3 3 3 3 3 3 3 3 3 3 3 3 3 2 4 3 3 2 3 3 3 3 3 3 3 3 4 4 3 3 4 2 3 4 4 
Vertex 251: 3 3 2 2 2 2 3 3 2 3 3 3 3 3 3 3 2 3 3 2 3 3 3 2 2 3 3 2 2 2 2 3 2 1 3 2 3 3 3 3 3 1 3 3 2 2 3 2 3 3 3 3 3 3 3 1 3 3 1 2 3 2 3 3 3 2 3 2 2 2 3 3 2 2 3 3 3 3 3 3 3 3 2 3 3 3 2 3 2 2 3 3 3 3 2 3 3 3 3 4 2 3 2 3 2 3 3 2 3 3 3 3 2 2 2 3 3 3 3 3 3 3 2 2 3 3 3 3 3 3 3 3 3 1 3 3 2 3 2 3 2 2 3 3 3 1 3 3 3 3 2 3 2 3 2 3 3 3 3 4 3 3 1 3 3 3 2 3 2 3 2 3 3 3 3 2 3 3 3 2 3 2 3 3 3 3 3 2 2 4 3 2 3 2 2 2 3 2 3 3 2 3 3 3 2 3 3 2 3 3 4 3 2 2 2 1 2 3 3 3 2 3 3 3 2 3 3 2 3 2 2 2 3 3 3 3 3 3 3 3 3 2 3 2 3 2 4 2 3 3 3 0 2 2 3 1 3 2 2 3 3 3 2 2 3 3 3 2 3 2 3 3 2 3 2 3 2 3 3 2 2 2 3 3 3 2 3 2 3 3 2 2 3 2 1 3 3 2 2 2 2 3 3 3 4 3 2 3 3 3 2 3 3 3 2 3 2 2 2 2 3 2 3 3 3 3 2 3 3 2 2 2 3 3 2 3 1 3 3 3 3 3 3 3 2 3 3 2 3 2 3 3 3 3 3 3 3 3 2 3 2 2 3 2 3 3 3 3 2 3 3 2 3 3 3 3 3 3 2 2 2 3 2 2 3 3 3 2 2 3 3 3 3 2 3 3 2 3 3 3 2 3 2 3 3 2 3 2 3 2 3 3 3 3 3 1 3 3 3 2 3 3 3 2 3 2 3 3 3 2 3 3 3 2 2 1 2 3 3 2 2 3 2 1 2 3 2 2 2 3 3 3 3 2 2 3 2 3 2 3 2 2 2 3 2 3 2 3 3 2 3 3 3 3 3 3 2 3 3 3 2 3 1 3 2 2 2 1 3 3 3 2 2 2 3 3 3 2 2 3 
Vertex 252: 3 3 3 2 3 2 4 3 3 3 1 2 4 3 3 3 3 3 3 2 3 3 3 3 3 3 3 3 3 1 3 2 2 3 3 2 3 4 3 2 2 3 3 3 2 3 3 2 3 3 3 3 3 3 2 1 2 3 3 3 3 3 3 3 3 3 3 3 3 2 2 3 2 4 3 4 3 3 3 2 3 3 2 3 3 2 3 3 3 3 3 4 3 3 3 2 3 2 3 3 3 3 3 3 3 4 2 2 2 3 2 3 3 2 3 3 3 2 3 3 2 3 3 3 3 3 3 3 3 3 3 3 3 2 3 3 3 2 2 2 3 2 3 2 3 3 3 2 3 3 3 3 3 3 4 3 3 2 2 3 4 3 2 3 3 2 2 2 3 3 2 3 3 3 1 3 4 2 2 2 3 1 2 3 3 3 3 3 3 3 3 2 3 3 3 2 3 3 3 3 3 3 3 3 3 2 3 3 3 3 2 3 3 2 2 3 2 3 3 2 2 3 3 2 1 2 2 3 3 3 3 3 3 2 3 3 3 2 3 3 3 1 3 3 3 3 3 4 2 3 3 2 0 3 3 2 3 3 3 3 3 3 2 3 3 2 3 2 3 3 4 2 2 3 3 2 3 2 3 3 2 2 3 2 3 3 3 2 2 3 3 3 3 1 3 2 3 3 3 3 3 2 2 3 3 3 3 1 2 3 4 3 3 3 3 3 2 3 3 3 3 2 3 3 3 3 3 4 3 4 2 2 3 2 3 3 1 3 3 3 3 3 4 3 3 2 2 4 2 2 3 3 3 2 2 3 3 3 3 2 3 3 2 3 3 3 2 3 3 3 2 3 2 2 2 3 3 3 1 3 3 3 3 2 3 1 3 3 3 3 4 3 2 2 3 3 4 3 3 3 4 3 3 3 3 3 2 2 2 2 3 3 3 3 2 3 3 3 3 3 3 3 3 3 3 3 3 2 2 3 3 3 3 3 3 3 3 3 2 3 3 3 2 3 3 1 3 2 2 3 2 2 3 3 3 3 2 2 3 3 1 3 3 3 3 3 4 3 3 2 3 3 2 4 3 2 2 4 3 3 2 2 3 3 2 2 2 2 2 4 3 2 3 2 3 3 3 3 3 2 
Vertex 253: 2 3 2 3 3 3 3 4 3 3 3 3 2 3 3 3 4 2 3 3 3 3 2 3 4 3 3 3 2 2 3 3 3 3 3 2 3 4 2 2 2 3 1 2 2 3 3 3 3 2 3 2 3 2 2 3 3 3 3 2 2 3 3 2 3 3 3 3 3 3 2 3 3 2 2 3 3 3 3 3 3 3 3 1 3 3 3 2 3 3 3 3 3 2 3 3 3 2 3 3 2 4 2 3 2 3 2 2 3 4 3 3 2 3 3 2 2 3 3 2 3 2 2 3 1 3 3 3 2 3 2 3 2 3 2 3 2 3 3 3 3 3 3 2 3 3 3 3 3 3 3 3 2 2 3 3 2 2 3 3 3 2 3 3 3 3 2 3 4 3 3 3 4 3 2 1 3 3 2 2 3 3 3 4 3 3 3 3 3 3 2 3 2 3 3 3 2 2 3 3 2 3 3 3 3 3 3 2 1 3 3 4 3 3 2 2 3 3 3 3 3 4 3 2 2 3 2 3 2 2 2 3 3 3 3 3 4 3 4 2 2 3 3 3 3 3 3 3 3 3 3 2 3 0 3 3 2 3 1 2 2 3 2 3 3 3 2 3 3 3 3 3 3 3 3 3 3 3 3 3 3 2 3 3 3 2 3 3 3 3 2 3 3 3 1 4 3 3 2 2 4 3 1 3 3 3 3 3 3 3 2 3 3 3 3 3 3 3 3 3 2 3 3 3 2 3 2 2 3 3 3 3 3 3 3 3 2 4 3 3 3 3 1 2 3 2 2 2 3 3 3 2 3 3 3 3 2 2 3 3 3 3 1 3 3 2 3 2 1 3 3 3 3 3 1 3 3 2 3 2 2 3 3 3 3 2 2 2 3 2 3 3 3 3 2 3 3 1 3 1 3 3 4 3 2 3 3 3 3 2 3 2 3 2 3 3 3 3 3 3 3 4 2 3 3 3 2 3 2 3 2 2 3 2 3 3 3 2 3 2 3 2 3 2 3 4 3 3 2 3 3 3 2 3 4 3 4 3 1 3 2 3 3 2 3 3 3 3 3 3 3 2 3 4 3 3 3 3 3 3 3 3 3 3 3 2 3 3 2 2 4 1 3 2 3 3 3 4 3 3 
Vertex 254: 3 2 3 3 3 3 3 3 3 3 3 3 3 2 2 2 2 4 4 3 2 3 2 3 4 2 3 4 2 3 3 3 3 3 3 3 3 3 3 3 2 3 3 3 2 3 2 2 3 3 3 3 2 3 3 3 3 3 3 2 3 3 1 3 3 2 1 3 2 3 3 3 3 3 2 3 3 2 3 3 3 3 3 3 3 2 3 3 2 2 3 2 3 4 2 3 2 1 4 3 2 2 2 3 2 3 3 1 3 3 3 3 2 3 3 2 3 2 2 2 3 2 3 3 3 3 3 1 2 3 1 2 3 3 3 3 2 3 3 3 3 3 3 3 3 3 4 2 3 3 4 3 3 3 4 3 3 3 3 3 3 3 3 3 3 2 3 3 3 2 3 2 2 4 3 2 3 1 3 2 1 4 3 2 3 3 2 3 3 3 3 3 2 3 2 3 3 3 4 2 2 3 3 2 2 3 2 3 3 3 3 3 3 3 3 3 1 3 3 4 3 3 3 3 2 2 4 3 3 3 3 3 3 3 3 3 3 2 3 3 2 3 2 3 2 3 3 3 3 3 3 3 3 3 0 3 2 2 2 3 3 2 2 3 3 2 3 3 2 3 2 3 2 2 2 2 3 3 3 2 3 3 3 2 3 3 3 3 3 3 3 3 3 3 3 3 3 3 3 2 3 3 2 3 3 2 3 2 2 3 4 3 3 3 3 3 3 4 3 3 3 3 3 4 2 3 3 2 3 3 3 3 4 3 2 2 2 3 3 3 3 3 3 3 3 3 3 2 2 2 3 3 3 3 3 3 3 3 3 2 2 3 3 3 3 1 2 3 3 3 3 2 3 3 4 2 3 3 3 3 2 3 3 1 4 2 3 3 3 2 3 3 3 3 3 2 3 3 3 3 3 4 2 2 3 3 3 3 2 3 3 3 3 2 2 2 2 1 3 4 3 3 3 3 3 3 2 3 3 3 3 3 3 3 3 3 3 2 3 2 3 2 3 3 3 3 3 2 2 3 2 3 3 3 3 3 3 2 3 3 3 3 4 3 3 3 3 3 2 2 2 3 3 4 2 3 3 3 1 4 3 2 3 4 3 3 3 3 3 3 4 3 3 3 3 3 4 3 3 2 
Vertex 255: 3 3 3 3 2 1 3 3 3 2 3 3 3 3 3 3 2 3 3 3 3 3 3 1 2 2 3 2 3 3 3 3 3 2 2 3 2 2 2 3 3 2 3 3 3 3 3 3 3 3 3 3 3 3 3 2 3 2 2 3 3 2 4 3 3 3 3 3 3 3 3 3 2 2 3 4 2 3 3 2 3 3 3 3 2 3 3 2 2 2 3 3 3 3 3 4 3 3 3 3 3 3 1 3 3 3 3 3 3 3 2 3 2 2 3 3 3 3 3 2 3 3 2 3 3 3 3 2 3 3 3 3 3 2 3 3 2 2 1 3 2 1 3 3 3 2 2 2 3 3 3 2 3 3 3 3 2 3 3 3 4 2 2 2 3 3 2 3 3 2 2 3 2 4 2 2 3 2 2 1 3 2 3 3 3 2 3 2 3 3 3 3 3 3 3 2 3 3 3 2 3 2 3 3 3 3 3 2 3 4 3 3 3 3 2 2 3 3 3 3 2 3 2 2 3 3 3 2 3 3 3 3 3 3 3 3 4 2 3 3 4 1 2 3 2 3 3 3 2 3 3 1 2 3 3 0 2 3 3 2 3 3 3 2 3 3 3 3 3 1 3 2 1 4 3 2 3 3 2 2 3 2 3 3 3 3 2 3 2 3 3 1 3 3 2 3 3 3 3 2 3 2 3 3 3 3 2 3 2 2 3 3 3 2 2 2 2 2 3 3 3 3 3 3 2 3 3 2 3 3 3 3 2 3 2 3 2 3 3 3 3 3 3 3 3 2 2 3 2 3 3 3 2 3 2 2 2 3 3 3 1 3 3 3 3 2 2 3 3 2 2 3 3 3 3 3 3 3 3 3 3 2 1 2 3 2 4 3 3 3 3 3 2 3 2 2 3 3 2 3 2 3 1 3 3 3 3 2 3 2 3 2 3 3 3 2 3 3 3 3 3 2 2 2 3 2 3 3 2 3 3 2 3 3 3 2 3 3 3 3 2 3 2 2 3 3 3 3 3 3 3 2 3 2 3 2 3 3 2 3 2 2 3 3 1 3 3 3 2 2 3 3 3 3 3 2 2 3 3 3 3 3 2 3 3 2 2 1 3 3 4 3 2 3 3 4 3 3 3 3 
Vertex 256: 3 2 3 3 3 3 4 3 4 3 3 2 3 3 2 3 3 3 2 2 3 3 3 3 4 2 3 3 3 4 3 3 3 3 3 3 3 3 3 3 3 2 3 2 3 3 3 3 3 3 3 3 4 3 2 3 3 2 3 3 2 3 3 2 3 2 3 3 3 2 3 3 2 4 3 4 3 3 4 3 4 3 3 2 2 3 2 3 3 3 2 3 3 4 3 3 3 3 3 4 3 3 3 3 3 2 2 3 3 2 3 2 3 2 3 3 2 3 3 3 2 3 3 3 3 3 2 1 3 3 2 3 3 3 3 3 2 1 3 3 3 3 3 3 3 3 4 3 2 3 3 2 3 3 3 3 3 4 4 1 3 3 3 3 3 3 3 4 3 3 3 3 2 3 2 1 3 3 3 1 3 3 3 3 3 4 3 3 2 4 1 3 3 2 3 3 3 2 3 2 3 3 3 2 2 2 3 3 3 2 3 3 3 3 2 3 3 4 3 3 1 3 2 2 2 3 3 3 3 3 3 3 3 3 3 2 3 3 3 2 4 2 2 3 3 2 3 3 2 3 4 3 3 2 2 2 0 3 3 3 3 2 3 3 3 3 3 2 3 3 3 2 2 2 3 2 3 3 4 3 3 2 3 4 2 3 3 3 3 3 3 3 3 3 3 3 3 3 2 3 2 2 3 3 3 3 3 3 3 3 3 3 3 1 3 3 3 4 1 2 3 3 2 3 2 2 3 3 3 3 3 3 3 3 2 3 3 4 2 2 3 3 3 3 3 3 2 3 3 3 2 2 4 3 3 3 3 2 3 3 3 3 3 3 3 3 3 4 3 4 3 3 3 3 3 2 3 3 3 3 3 3 2 3 3 3 3 3 1 3 3 2 3 2 2 3 3 3 3 3 3 3 3 2 3 3 4 3 2 3 3 3 3 2 3 2 3 3 3 4 2 4 2 2 2 3 3 4 3 3 2 3 3 4 2 3 3 3 4 2 4 3 3 2 2 4 3 3 4 3 3 3 3 3 3 3 3 3 3 3 3 3 3 3 3 3 3 3 3 2 2 3 3 3 3 3 2 3 3 4 3 3 4 2 3 2 2 3 4 3 3 3 3 3 3 2 3 2 3 3 
Vertex 257: 3 2 2 3 3 3 3 2 3 3 3 3 1 2 2 2 3 3 3 2 3 2 3 3 2 3 3 2 3 3 3 2 2 1 2 3 3 3 3 3 3 3 3 2 2 2 3 3 3 3 3 3 3 3 2 3 3 2 3 2 2 3 3 3 3 2 2 2 2 3 2 3 3 3 3 3 2 3 3 3 3 3 1 3 2 3 2 3 2 2 3 3 3 2 2 3 3 2 3 2 3 3 3 3 2 4 3 3 3 3 3 3 3 3 3 3 4 2 3 3 3 3 3 3 4 2 2 3 3 3 3 2 3 3 2 4 3 2 3 2 3 3 3 3 2 3 2 3 2 3 3 3 2 2 3 3 3 2 3 3 4 3 3 2 3 3 3 4 2 2 3 3 2 4 2 3 3 3 3 3 2 3 2 3 2 2 3 3 3 2 3 3 3 3 3 3 3 3 3 2 2 3 2 2 2 3 3 3 3 3 3 3 3 3 3 1 3 3 3 3 3 3 3 3 3 2 3 4 3 2 3 3 3 3 3 2 4 3 2 3 3 3 3 3 3 3 3 3 3 3 3 2 3 3 2 3 3 0 2 3 2 2 3 3 2 3 3 2 2 3 3 3 2 1 3 2 2 3 2 2 3 2 3 3 3 3 2 3 3 3 3 3 2 3 2 3 2 3 2 3 3 3 2 3 3 3 3 2 3 3 3 1 3 2 3 3 4 3 2 2 3 2 2 4 2 2 3 2 3 2 3 3 3 3 2 4 3 3 1 3 3 2 2 3 3 3 2 3 3 2 3 2 2 1 3 3 2 3 2 2 3 3 3 2 3 1 3 2 2 3 3 2 3 3 3 3 3 2 3 2 3 2 3 3 3 2 3 3 2 3 3 3 2 3 1 3 3 2 3 3 3 3 3 2 3 3 3 2 3 3 2 3 3 3 3 3 3 3 3 2 3 3 3 3 3 4 3 3 3 3 3 3 3 3 3 3 3 3 3 1 3 3 4 3 2 3 2 2 3 3 3 3 3 3 4 3 1 3 3 2 2 3 3 3 2 3 2 3 1 3 2 2 3 4 3 3 3 3 3 4 4 2 2 3 3 2 2 3 4 3 2 3 3 3 3 3 3 3 4 2 
Vertex 258: 3 3 2 3 2 3 2 3 3 3 4 3 3 4 3 3 3 3 3 2 4 3 1 3 4 2 3 4 3 3 4 3 3 3 2 2 4 3 3 2 3 3 2 3 2 2 3 2 3 2 2 3 4 1 2 3 3 4 3 3 3 3 3 3 3 3 3 3 2 3 3 4 2 3 3 3 4 3 3 3 3 2 2 2 3 2 3 3 2 3 2 4 4 3 3 2 4 1 3 2 3 3 3 3 3 2 3 3 3 3 3 3 3 3 3 3 3 3 3 3 4 3 2 3 2 4 3 3 3 3 3 2 1 3 3 3 3 2 3 3 4 3 3 3 4 3 3 3 3 3 3 3 3 3 4 3 2 2 3 3 4 3 3 2 3 3 3 3 3 3 3 3 3 3 3 2 3 3 3 3 3 4 3 3 2 4 3 3 4 3 2 4 3 3 3 4 2 3 3 4 2 3 3 3 3 3 4 3 2 3 4 3 3 3 3 1 3 3 3 3 3 3 3 3 2 3 3 4 2 2 3 3 4 3 3 3 4 3 3 1 2 3 3 3 3 3 3 3 2 3 3 2 3 1 2 3 3 2 0 3 3 3 3 3 3 4 3 3 3 3 3 3 4 3 2 3 3 3 4 2 3 3 4 2 3 3 3 4 3 2 3 3 4 3 2 3 3 3 3 3 4 3 2 4 4 2 3 3 4 2 3 3 3 3 3 3 4 3 3 3 3 3 3 4 3 4 3 3 2 3 4 3 2 3 2 3 3 3 3 3 2 4 2 3 3 3 3 3 4 3 3 3 3 3 3 3 3 1 2 3 3 3 2 3 2 2 3 3 2 3 3 3 3 2 2 3 4 3 3 3 3 3 3 3 3 3 3 3 3 3 4 3 3 3 3 2 3 2 3 2 4 3 3 3 3 3 3 2 3 3 2 3 2 3 3 3 3 2 3 3 3 4 3 3 3 2 2 4 3 2 3 3 3 3 3 3 3 3 4 3 2 2 4 3 2 3 3 3 3 2 3 2 3 4 3 3 3 3 2 3 3 3 3 3 3 3 3 3 3 3 3 2 3 4 3 3 3 4 3 3 2 2 3 3 3 3 2 3 3 3 3 2 3 3 3 4 3 3 3 2 
Vertex 259: 2 3 2 3 3 3 2 2 3 2 3 3 3 3 3 3 4 1 2 3 3 3 3 3 3 3 4 4 2 3 3 3 3 3 3 3 4 3 2 2 3 3 1 3 3 3 3 3 3 2 3 2 4 3 2 3 3 3 3 3 2 3 3 3 3 3 2 2 3 3 3 3 3 2 3 4 2 3 4 2 3 3 3 2 3 4 3 3 3 3 3 3 2 3 3 3 3 3 1 2 3 3 1 3 3 3 2 3 3 3 3 3 3 2 4 3 4 3 3 4 4 3 4 3 3 3 3 3 3 4 3 3 4 3 3 4 3 3 3 3 3 3 3 4 3 3 3 3 2 2 3 3 3 2 3 3 2 2 3 3 3 4 3 2 4 3 3 3 3 4 3 4 3 2 3 3 3 2 3 3 3 2 3 2 3 3 3 3 4 4 3 3 3 3 3 4 3 2 3 3 3 3 3 3 3 3 3 3 2 2 3 3 3 3 3 3 4 3 4 2 3 4 2 4 3 3 3 2 3 3 2 3 3 3 3 3 4 3 3 3 2 3 3 3 3 2 4 3 3 3 3 3 3 2 3 2 3 3 3 0 1 3 2 3 3 3 3 3 2 3 3 2 3 2 3 3 3 3 2 2 3 1 3 3 3 2 2 3 3 3 3 2 3 3 3 3 3 3 2 3 3 3 3 3 3 3 3 3 3 3 4 3 2 3 3 3 3 4 3 3 2 2 2 1 3 3 3 3 3 4 3 2 4 3 3 4 3 4 3 3 3 3 3 3 2 2 3 2 3 3 4 3 4 3 3 3 3 3 2 3 2 3 3 4 3 3 3 2 3 3 3 3 3 3 3 1 4 3 3 3 2 2 3 3 3 3 2 3 2 3 3 2 3 2 4 2 2 3 3 1 3 3 3 4 2 2 3 2 4 2 3 3 3 3 3 3 3 4 3 3 3 4 2 3 3 3 3 2 4 3 2 3 3 3 4 4 3 2 3 2 2 3 2 2 3 4 3 3 4 3 4 3 4 4 4 2 2 3 2 3 4 3 4 3 3 3 3 4 3 2 2 3 3 3 3 2 2 3 3 3 3 4 3 3 2 3 3 3 3 3 3 3 3 4 3 3 3 3 3 3 
Vertex 260: 3 3 2 2 2 4 3 3 3 2 3 4 3 3 3 4 3 2 3 3 3 3 3 4 4 3 3 4 3 3 3 3 3 3 4 3 3 4 3 3 4 4 2 4 3 2 2 3 3 3 3 3 3 3 2 3 2 3 3 2 3 2 3 3 3 3 3 2 3 3 3 3 4 3 3 3 2 3 3 3 4 3 3 3 2 4 3 2 3 3 3 4 2 3 2 4 3 3 2 3 2 3 2 4 3 4 3 4 3 4 4 3 2 3 3 2 4 3 3 4 3 3 3 3 2 4 2 2 3 4 3 4 3 4 2 3 3 3 4 2 3 3 3 4 3 3 3 3 3 3 4 2 2 3 3 3 2 3 3 4 4 3 3 3 4 3 3 3 4 3 3 3 4 3 3 3 3 3 3 3 2 3 3 3 3 4 2 3 3 3 3 2 3 3 4 3 3 3 3 3 3 4 3 3 3 3 3 3 1 3 4 4 4 3 3 3 3 3 3 3 3 4 3 3 3 3 3 3 3 2 3 4 2 4 4 4 4 3 4 3 3 3 3 3 3 3 3 3 3 3 4 3 3 2 3 3 3 2 3 1 0 3 3 3 2 3 3 3 3 3 4 3 3 1 3 3 3 3 3 3 3 2 4 3 3 3 3 3 3 3 3 3 3 2 3 3 4 4 3 4 3 2 3 2 3 4 3 3 3 3 4 3 3 2 3 3 4 3 3 2 3 2 3 2 3 3 3 3 2 3 3 3 3 3 3 3 2 3 3 3 3 3 3 4 3 3 3 3 4 3 3 3 4 3 3 4 3 3 3 3 3 3 3 3 3 2 3 3 3 3 3 2 4 4 2 2 4 3 3 3 3 3 4 3 3 4 3 3 2 2 3 3 3 1 3 3 3 3 4 2 4 4 3 3 3 3 3 3 4 3 2 2 3 3 2 3 3 3 4 4 3 4 3 3 3 3 3 3 3 3 1 4 3 3 3 3 3 3 3 2 3 4 3 3 3 3 3 4 3 3 3 4 3 3 3 3 3 3 3 2 3 3 3 3 3 3 3 4 3 3 1 2 3 4 2 3 3 3 3 4 4 4 3 4 3 3 3 4 3 3 2 3 3 4 3 3 3 3 3 3 
Vertex 261: 3 4 3 3 2 3 3 3 2 3 3 3 2 3 3 3 3 3 3 3 3 2 3 2 3 3 4 3 3 4 3 3 2 3 3 3 3 3 4 3 3 3 3 4 2 4 3 2 3 1 3 3 4 2 3 3 3 3 3 3 3 3 3 3 4 3 3 3 3 3 4 2 3 2 4 3 3 2 2 3 3 3 3 3 3 3 2 3 3 3 3 3 3 3 2 3 4 3 3 3 3 2 3 4 3 4 3 3 2 3 4 3 2 3 3 3 4 3 3 3 4 4 3 3 4 4 2 1 3 4 2 2 3 3 3 4 2 3 2 2 3 4 4 3 2 3 3 1 2 3 2 3 2 4 4 3 2 3 3 3 3 3 3 3 3 2 3 3 3 1 3 3 3 2 2 3 3 3 3 3 3 3 2 2 3 3 3 3 3 3 2 2 3 3 3 3 3 4 4 2 4 4 4 3 3 2 3 3 3 3 3 4 3 2 2 2 3 3 1 3 3 2 3 3 3 3 3 3 4 3 2 3 3 3 3 2 3 3 3 3 4 4 2 4 4 3 3 3 3 2 3 3 3 3 2 3 2 2 3 3 3 0 3 1 1 4 3 3 4 3 2 3 2 3 3 2 3 3 3 3 3 3 3 3 3 3 3 3 3 4 3 3 2 2 3 3 2 2 3 4 2 3 3 3 3 3 3 3 3 3 3 3 2 3 2 3 3 3 2 3 2 3 3 4 3 3 3 3 3 3 3 3 2 3 3 3 3 3 3 3 4 3 2 4 2 3 3 3 3 3 3 3 3 3 3 3 2 3 2 3 3 2 3 3 3 3 3 3 3 3 3 2 3 3 3 3 3 3 3 3 4 4 3 3 3 4 3 3 3 3 2 3 2 3 1 3 4 3 3 2 3 3 3 3 3 4 4 3 3 3 3 3 2 3 3 3 3 3 3 3 3 3 3 2 3 3 3 3 3 2 2 3 3 2 3 3 3 3 4 3 2 3 3 3 3 3 3 3 2 3 3 4 3 4 3 3 3 3 3 3 3 3 3 3 3 3 2 3 3 3 4 2 3 3 3 2 3 3 3 4 2 3 3 3 3 2 1 2 2 3 4 3 3 3 3 3 4 3 3 3 
Vertex 262: 3 3 2 3 2 3 3 2 2 2 3 3 3 3 3 1 3 3 3 3 3 3 2 2 3 4 4 3 3 3 3 3 3 3 3 3 3 3 3 3 2 1 1 2 3 4 3 3 3 3 3 3 3 2 2 3 3 3 3 3 3 3 2 3 3 2 3 2 3 2 3 2 3 3 3 2 4 3 3 3 3 3 3 3 3 3 3 3 3 3 3 3 3 3 2 3 3 3 3 3 2 2 3 3 3 3 3 2 3 4 2 3 3 3 3 3 3 3 3 4 3 3 3 2 3 3 3 2 3 4 1 3 3 3 3 3 2 3 3 3 3 3 3 4 3 1 3 2 3 3 2 3 3 2 4 3 3 3 3 3 3 3 2 3 3 2 3 4 2 2 3 2 3 3 1 2 3 2 2 2 2 3 2 3 3 3 2 2 4 2 3 2 3 3 2 2 3 2 3 3 3 4 3 3 3 3 3 3 3 3 3 4 2 3 3 3 3 4 3 3 2 4 3 3 2 3 2 2 3 3 1 3 2 3 3 3 3 3 3 2 2 2 3 3 3 2 2 3 1 2 4 2 2 2 2 3 3 3 3 2 3 3 0 2 3 3 3 2 3 3 2 2 3 3 3 2 3 2 3 3 3 3 3 3 2 3 3 3 2 3 3 3 3 3 3 3 3 3 3 2 2 3 3 4 3 3 2 2 1 2 3 3 3 3 2 2 3 4 3 3 2 3 3 3 3 4 3 3 2 3 2 3 3 2 3 3 2 3 2 2 3 3 3 2 3 2 3 3 3 2 3 3 2 2 3 3 3 4 3 2 2 3 3 3 3 3 3 3 3 3 2 3 3 1 2 3 3 3 1 3 2 3 3 3 3 3 3 2 3 3 3 2 3 2 3 3 2 3 3 3 3 2 3 3 2 3 3 3 2 2 3 2 3 3 1 3 2 3 3 4 3 3 3 3 2 1 3 4 2 2 3 3 2 3 2 3 3 3 4 3 3 3 3 3 2 2 3 3 3 3 3 2 3 3 3 3 3 2 3 3 3 2 3 3 3 3 3 3 3 3 3 3 1 3 3 3 2 3 3 2 2 3 2 2 3 3 3 3 3 3 3 3 3 3 3 3 3 4 3 3 
Vertex 263: 3 3 2 2 3 2 2 3 3 3 2 3 3 2 3 3 2 3 2 2 3 2 2 3 2 3 4 3 3 3 4 3 3 3 3 3 3 3 3 3 3 3 3 3 3 4 3 1 2 2 3 3 3 3 3 3 4 3 2 2 3 3 3 4 3 3 4 3 3 3 3 3 3 3 3 4 4 3 3 3 3 3 3 3 3 3 3 3 3 2 2 3 3 4 1 2 4 2 2 3 3 3 3 3 3 3 3 3 3 3 4 3 3 2 3 3 4 3 2 3 3 3 3 2 4 4 3 2 3 3 3 2 4 2 3 3 3 2 2 3 3 3 3 4 3 3 3 2 3 2 3 3 2 3 4 3 3 3 3 3 4 3 2 2 4 1 3 3 3 2 3 3 3 3 3 2 3 2 2 3 2 2 2 3 2 3 3 3 3 3 3 3 3 3 3 3 3 3 3 3 3 3 3 3 3 3 3 3 3 2 2 4 2 3 1 3 3 3 2 3 3 3 2 3 3 2 4 4 3 3 1 3 4 3 3 3 2 3 3 3 3 3 3 3 3 3 3 3 3 2 3 2 3 3 3 2 3 3 3 3 3 1 2 0 2 3 3 2 3 3 3 2 3 3 3 2 3 3 4 3 2 2 4 3 3 3 3 3 3 3 2 3 3 3 3 4 3 3 3 3 3 3 2 3 3 2 2 3 3 3 3 3 1 3 3 3 3 2 3 3 3 3 3 3 3 2 3 3 3 3 3 3 3 3 2 2 2 3 3 3 3 2 2 3 2 3 3 2 3 3 3 2 3 2 3 3 3 4 2 3 3 3 3 3 2 3 3 3 3 3 3 3 3 3 2 3 3 2 3 3 3 3 3 3 4 3 3 2 3 3 3 3 2 3 2 3 3 3 2 3 4 2 3 3 2 3 3 3 4 3 3 2 3 3 3 3 2 2 3 3 3 3 3 3 3 3 3 4 3 2 2 3 2 1 3 3 2 3 3 2 1 3 2 3 3 4 3 3 3 3 3 3 3 3 3 3 3 3 3 3 3 2 2 3 3 2 1 3 3 2 3 3 3 3 3 3 3 2 3 3 3 3 2 2 2 3 2 1 3 4 3 3 3 3 2 2 3 2 2 3 
Vertex 264: 2 3 3 2 2 3 3 3 1 3 3 2 3 3 3 2 3 3 2 3 2 3 3 3 4 2 3 3 3 3 4 3 3 3 3 3 3 3 3 3 2 3 3 3 3 3 2 3 3 2 3 3 3 3 2 3 3 2 3 3 3 2 3 4 4 3 2 3 3 3 3 1 3 3 3 3 3 1 1 3 3 2 2 3 2 2 3 2 3 2 3 3 4 3 2 3 3 3 4 2 3 3 3 3 3 3 2 2 3 3 3 3 2 3 3 2 3 3 3 2 4 4 2 3 3 3 3 2 2 3 2 3 3 2 3 3 3 3 3 3 2 3 3 2 3 2 2 2 3 3 3 3 3 3 4 3 1 3 3 3 3 3 3 3 3 3 3 2 2 2 4 2 2 2 3 3 2 2 2 3 3 3 2 3 3 4 2 2 3 3 2 2 3 3 2 3 3 3 3 3 3 3 3 4 3 3 3 2 3 3 3 3 3 3 3 3 3 3 2 2 3 3 3 3 3 3 3 3 3 3 3 2 3 3 3 3 3 3 3 2 4 4 3 4 4 3 2 2 3 1 2 3 3 3 3 3 3 2 3 3 2 1 3 2 0 3 3 3 3 2 2 3 3 3 3 3 2 3 3 3 3 3 4 2 3 3 3 2 3 3 3 3 3 3 3 4 3 2 3 3 3 3 3 2 3 3 3 3 3 3 3 3 2 3 3 2 2 3 3 3 3 3 2 3 3 3 2 3 2 3 4 3 1 3 2 3 3 3 3 3 3 3 3 3 3 3 3 3 3 3 3 4 2 3 3 3 1 2 3 3 3 3 2 3 3 3 3 3 2 3 3 3 2 2 2 3 2 3 3 3 3 3 4 3 4 3 3 3 2 3 1 3 3 3 2 2 3 3 3 2 4 3 3 4 3 4 4 3 3 3 2 3 2 3 2 3 3 3 3 3 3 2 2 3 3 3 3 3 4 3 1 3 2 3 4 3 3 3 3 3 3 2 3 3 3 3 3 3 1 3 3 3 2 3 2 3 3 4 4 3 2 3 2 2 3 3 3 3 3 3 3 3 2 3 2 3 3 3 2 3 3 3 3 4 3 3 2 3 3 4 3 3 4 3 2 3 3 3 2 3 
Vertex 265: 2 3 3 2 2 3 3 3 3 4 3 3 3 3 3 3 2 2 3 3 3 4 3 2 3 2 4 3 3 3 3 4 2 2 4 3 3 3 2 3 3 3 3 2 3 3 3 3 3 3 2 2 3 3 3 3 2 3 2 3 3 2 3 2 3 3 3 3 3 3 3 2 2 3 3 4 3 2 3 3 3 2 4 3 3 3 3 3 3 3 3 3 4 4 3 2 3 3 4 3 3 3 2 3 3 4 3 2 3 3 3 3 2 2 2 3 1 3 3 2 2 3 3 2 3 4 3 3 3 3 3 4 3 3 3 2 2 2 3 4 3 3 3 4 3 2 3 3 3 3 3 3 3 3 4 3 2 3 3 3 4 3 3 3 3 2 3 3 3 3 2 1 3 3 3 3 3 1 2 3 2 3 3 3 3 3 3 3 3 3 3 4 2 4 2 3 3 3 3 3 3 3 3 3 2 4 2 1 3 3 3 4 4 2 3 3 3 3 3 3 2 3 3 3 3 2 3 1 3 3 3 2 3 4 3 3 2 2 1 3 4 3 2 3 3 3 3 3 3 3 4 3 2 3 2 3 3 3 4 3 3 4 3 3 3 0 3 3 3 3 3 2 3 3 3 3 2 3 3 3 2 3 3 3 3 3 3 2 2 3 3 3 3 3 2 4 3 3 3 3 2 2 3 2 3 4 3 1 3 2 3 3 3 3 3 3 2 4 2 1 3 3 3 3 3 3 3 3 3 3 3 3 4 3 2 3 3 3 2 3 3 3 3 2 3 2 3 3 2 3 3 3 3 2 3 3 2 3 3 3 3 2 2 4 3 3 3 4 3 4 4 3 3 2 3 2 3 3 3 3 2 3 3 3 4 2 3 3 3 2 2 3 3 2 3 3 3 3 3 3 3 3 3 2 3 4 2 2 2 3 3 2 2 3 2 3 3 3 3 2 3 3 3 2 3 2 3 4 3 3 3 3 2 3 4 3 3 3 4 3 3 2 3 3 3 3 3 3 3 3 3 3 3 4 3 2 2 3 2 3 3 3 3 2 2 2 3 4 3 3 3 3 3 2 3 3 3 3 3 2 3 3 3 2 3 3 3 3 3 4 3 3 4 2 3 3 4 3 1 3 
Vertex 266: 3 3 2 3 3 2 3 2 3 1 3 3 3 2 2 3 3 3 3 3 3 3 3 3 3 3 3 3 3 2 2 1 3 3 2 3 3 3 4 3 3 3 3 3 3 2 2 2 3 3 3 3 3 3 2 3 3 3 2 3 2 2 3 3 2 3 3 3 3 3 3 3 2 2 2 4 3 3 3 3 4 3 3 3 2 3 3 3 3 3 3 4 3 4 3 3 4 3 2 3 3 2 3 3 3 4 2 3 3 2 3 3 2 3 3 3 4 3 3 4 3 3 3 3 3 3 4 3 3 3 4 3 3 3 3 4 3 2 3 2 3 3 2 4 4 3 3 3 3 3 3 3 2 2 3 3 2 3 4 3 4 3 3 3 3 3 2 4 2 3 3 3 3 2 2 3 4 2 3 3 2 3 2 2 3 3 3 3 3 3 4 4 1 3 3 3 3 3 3 3 3 4 3 3 3 3 2 3 2 3 3 3 3 3 3 2 3 3 3 3 3 3 3 3 2 3 3 3 3 2 2 3 3 1 1 3 3 3 2 3 4 3 3 3 3 2 4 3 3 3 3 3 3 2 3 3 3 3 3 3 3 3 3 3 3 3 0 2 3 3 3 3 3 2 3 3 3 2 2 3 3 3 2 3 3 3 1 3 3 2 3 3 2 2 3 3 1 2 3 3 3 2 3 3 3 2 3 3 3 3 4 3 2 3 2 3 3 3 2 2 3 3 2 3 3 3 3 3 3 3 4 3 4 3 1 3 3 3 2 3 3 3 3 2 3 3 3 3 3 3 3 3 2 3 3 3 2 3 3 3 4 3 3 2 3 3 3 2 3 2 3 3 3 3 1 3 4 2 4 3 2 3 3 3 4 2 3 3 3 2 4 3 3 3 2 3 2 3 3 3 3 3 4 2 3 3 4 3 3 3 2 3 3 3 3 3 3 3 3 4 1 3 3 3 2 3 3 2 2 3 3 3 2 3 3 3 3 3 3 3 3 2 3 3 3 3 3 3 3 3 3 3 3 4 3 2 3 3 2 4 3 2 3 3 3 3 3 3 2 2 3 3 3 4 3 3 3 3 3 3 3 4 2 2 1 2 3 2 4 2 4 3 3 3 3 3 3 3 3 2 
Vertex 267: 2 3 2 1 2 2 4 3 2 2 3 3 3 2 2 3 2 3 2 2 4 3 2 3 3 3 3 1 1 3 3 3 2 1 1 3 3 3 3 2 3 1 3 2 2 3 2 2 2 2 3 3 3 3 3 3 2 3 3 3 2 2 2 3 3 2 3 3 3 3 3 3 2 3 3 3 3 3 3 2 3 3 1 3 2 2 3 2 3 3 3 3 2 3 3 3 3 3 2 3 3 2 2 3 3 3 3 2 3 3 3 2 3 3 3 3 3 3 2 3 3 3 2 3 4 3 3 3 2 3 3 3 3 2 3 3 3 1 3 1 3 3 2 3 3 3 2 3 3 3 2 2 2 2 3 2 3 2 2 2 4 3 3 2 3 3 1 2 3 3 3 3 2 3 2 2 3 2 3 3 3 2 2 3 2 3 3 3 4 3 3 3 1 3 3 3 3 2 3 3 3 2 3 3 3 3 2 3 3 3 3 4 3 2 1 2 3 2 3 2 2 2 2 3 2 3 3 3 3 2 3 2 3 3 3 2 3 3 3 2 4 3 3 2 3 3 4 3 3 2 2 2 2 3 3 3 2 2 3 3 3 3 2 2 3 3 2 0 3 3 3 2 3 2 3 3 4 3 2 1 3 3 3 3 3 3 2 2 3 3 3 3 3 3 2 2 3 3 3 3 3 3 3 2 2 3 3 2 3 3 3 2 2 2 2 2 3 4 3 2 3 3 3 3 3 2 3 3 3 2 2 2 3 2 3 3 2 3 3 2 3 2 2 3 3 3 3 3 3 1 3 3 3 3 3 2 3 3 3 2 3 3 4 2 2 3 3 3 3 2 2 2 3 1 3 3 2 3 2 3 3 1 2 3 3 2 3 2 3 3 3 3 2 3 3 2 2 3 3 3 3 2 3 3 2 3 3 3 3 2 3 3 3 2 3 3 2 3 3 2 2 3 3 3 2 3 3 3 3 3 2 3 2 3 3 2 3 3 3 2 2 3 3 3 3 2 3 2 3 3 3 3 3 3 3 3 2 3 2 2 2 2 3 1 3 3 3 3 3 2 3 2 3 3 3 3 3 3 2 2 3 3 2 2 1 3 3 3 3 3 2 2 2 3 3 4 2 2 3 2 
Vertex 268: 2 2 3 2 2 3 3 2 4 2 3 3 3 2 3 3 2 3 3 3 3 3 2 3 3 3 4 3 4 4 3 2 4 3 3 4 3 2 3 3 3 3 3 2 3 3 2 3 3 3 3 2 3 3 3 3 3 3 3 4 3 3 3 3 3 2 2 3 2 4 2 2 2 2 2 4 3 3 3 2 3 3 3 3 3 3 2 4 3 2 3 2 3 3 3 3 3 2 3 3 3 3 3 2 3 3 3 3 3 2 1 3 3 3 3 3 4 2 3 3 3 3 3 3 4 2 3 3 3 3 3 3 3 3 2 4 3 3 3 3 3 2 3 3 4 3 2 3 3 3 3 4 3 3 3 3 3 1 3 3 3 3 3 3 3 3 3 3 2 3 2 4 3 3 3 3 4 2 3 3 3 2 3 3 3 3 3 2 4 4 4 4 2 3 2 2 3 3 3 2 2 3 3 2 3 3 3 3 3 2 3 4 3 3 4 3 2 1 4 3 3 4 4 3 2 2 4 3 3 3 2 3 4 3 2 3 4 2 2 3 3 3 3 4 3 3 3 3 3 4 3 3 3 3 2 3 3 2 3 2 3 4 3 3 3 3 3 3 0 3 3 3 3 3 3 3 2 3 3 2 3 3 3 3 3 3 2 3 3 3 3 3 4 2 3 3 3 3 3 3 4 3 3 3 3 3 3 3 3 3 3 3 3 3 3 2 4 3 4 3 3 2 2 2 3 3 2 2 3 3 3 3 4 3 3 2 3 3 2 3 3 3 3 3 2 3 3 2 2 2 3 3 3 2 3 2 3 3 4 3 3 3 3 4 3 3 3 4 3 2 2 3 3 3 3 1 3 2 3 3 3 3 4 3 2 2 3 4 2 2 3 4 3 4 3 2 2 3 4 2 3 3 3 3 3 3 2 3 4 3 3 3 3 3 3 3 3 3 3 3 3 3 3 4 3 3 3 1 3 3 3 4 3 4 3 3 3 2 3 3 3 2 3 2 3 2 3 3 2 2 3 3 4 3 4 3 3 3 3 3 3 1 3 3 2 3 3 4 1 3 3 3 3 3 4 2 2 4 1 3 3 3 3 3 3 3 3 3 4 3 4 3 2 3 3 3 2 3 3 1 
Vertex 269: 3 2 3 2 3 2 4 3 3 3 2 2 3 3 3 2 1 3 3 3 3 3 3 2 3 3 3 3 3 4 3 3 2 3 3 3 3 3 3 3 3 3 3 3 3 3 3 4 3 2 3 2 4 3 2 3 3 3 2 3 3 2 3 4 3 3 3 2 3 3 3 3 3 3 3 4 3 3 3 3 4 2 3 2 2 3 3 2 3 3 3 4 3 2 3 3 3 3 3 2 3 3 2 3 3 3 2 2 3 3 3 3 3 1 2 2 3 3 2 3 3 2 3 3 4 2 3 2 3 3 3 3 3 2 3 3 3 2 2 3 3 2 3 3 4 3 3 3 2 2 3 3 2 3 3 3 1 3 3 3 3 3 3 3 2 2 3 3 3 3 2 2 2 3 2 2 3 3 3 2 3 3 2 3 3 3 3 3 2 3 3 3 3 2 2 3 2 3 3 3 4 3 3 3 3 3 2 2 3 3 3 3 3 3 3 3 2 3 3 3 3 3 3 3 3 3 2 3 3 3 3 3 3 3 4 3 3 3 2 3 4 2 3 4 3 2 3 2 3 3 3 2 3 3 3 1 3 3 3 3 3 3 3 3 2 3 3 3 3 0 2 3 1 3 2 1 2 2 3 3 3 3 3 3 3 3 3 3 3 3 3 2 3 3 3 3 3 3 3 1 3 3 2 2 3 4 3 2 3 3 3 3 2 3 2 2 2 3 3 3 4 3 3 3 1 3 2 3 3 3 4 2 3 3 2 3 3 3 2 3 3 3 3 3 3 3 3 3 3 3 2 3 2 3 2 3 1 2 2 2 2 3 3 3 3 2 3 3 2 2 3 3 3 3 2 2 2 3 4 3 3 3 2 3 3 3 3 2 3 2 3 2 3 3 2 2 3 3 3 2 3 3 2 3 3 3 3 3 3 3 3 3 2 2 3 3 2 3 3 2 3 2 2 3 3 3 3 3 3 3 3 1 2 3 3 3 3 3 3 3 3 4 3 3 2 3 2 4 3 3 3 3 3 2 3 3 3 3 3 3 2 3 3 4 2 3 3 2 3 3 3 3 3 3 4 1 3 3 3 3 2 3 3 4 3 3 2 2 3 4 3 3 2 3 2 3 3 3 2 2 
Vertex 270: 3 3 3 3 3 3 3 3 3 3 3 2 4 3 2 1 3 3 2 3 2 4 3 3 3 4 4 3 3 4 3 4 3 3 3 3 3 3 3 3 3 3 3 3 3 3 3 2 3 1 3 3 3 2 3 3 3 3 3 3 3 3 3 3 3 3 3 4 3 4 3 3 3 3 3 3 3 3 3 3 2 3 2 3 3 3 3 3 4 3 2 3 3 4 3 3 2 3 3 4 3 4 3 2 3 3 2 3 2 4 4 3 3 3 4 3 4 3 3 3 4 3 3 3 3 3 3 3 4 3 2 3 3 2 3 3 3 4 2 2 2 2 2 4 4 3 3 3 3 3 3 3 3 3 4 2 3 3 4 3 1 3 4 3 3 3 3 4 4 3 3 4 1 2 3 3 3 3 3 3 3 3 2 3 3 3 2 3 4 4 4 3 3 3 3 4 3 3 3 3 4 3 3 3 3 3 2 4 3 3 3 3 3 3 4 3 3 3 3 3 3 3 3 4 3 3 4 4 4 4 2 3 3 3 4 3 3 3 3 3 3 4 4 4 4 3 4 3 3 3 3 3 4 3 2 3 3 3 3 3 4 2 2 3 2 3 3 3 3 2 0 4 3 3 4 2 4 3 4 2 3 3 4 3 2 3 3 3 3 4 3 2 3 3 4 3 4 3 3 2 4 4 2 2 3 3 1 3 3 2 3 3 3 3 2 2 3 4 3 3 4 3 3 3 3 3 3 3 4 2 4 2 3 2 3 1 3 3 2 3 3 4 3 3 4 3 3 3 3 3 2 3 3 2 3 3 3 3 4 3 3 4 3 3 3 3 4 3 3 1 3 3 3 3 3 3 3 3 3 3 3 3 4 2 4 3 3 4 3 2 1 4 2 4 3 4 4 4 3 2 2 2 3 4 3 3 2 3 3 3 3 3 2 3 3 3 3 3 4 3 3 2 2 2 3 3 4 3 4 2 3 1 3 3 3 4 3 3 2 3 3 3 3 3 2 3 3 3 2 3 3 3 2 3 3 3 3 3 4 3 3 2 3 4 4 3 3 2 4 3 4 2 3 3 3 2 4 2 2 4 2 3 3 4 3 3 3 4 2 4 3 4 3 4 3 4 4 3 2 3 
Vertex 271: 3 2 3 2 3 3 4 2 2 4 3 3 3 3 3 3 3 3 3 1 2 3 2 2 3 3 3 3 3 3 3 3 2 2 3 3 3 3 2 2 3 3 2 2 3 3 3 3 3 3 3 1 3 4 3 3 2 3 3 3 3 2 3 3 3 3 3 3 2 3 3 2 3 3 3 3 3 3 2 2 2 3 3 2 2 3 3 3 3 3 3 3 3 3 3 2 4 3 3 3 3 2 3 3 3 3 3 2 2 3 3 3 2 2 2 3 3 3 2 2 2 3 3 2 3 2 3 3 3 3 3 3 2 3 3 3 2 3 2 3 3 3 2 4 3 2 3 3 3 2 3 2 3 3 3 3 2 3 2 3 4 3 3 3 3 3 3 3 1 2 2 3 3 3 2 2 3 2 2 1 2 2 3 3 3 3 3 3 3 3 3 3 3 3 3 3 3 2 3 2 3 3 3 3 3 3 2 1 3 2 3 4 3 2 2 2 3 2 3 3 2 4 2 2 3 2 2 3 3 3 3 2 2 3 3 3 3 2 3 2 3 2 3 3 3 2 3 3 2 2 3 3 2 3 3 2 2 3 3 2 3 3 2 2 3 2 3 2 3 3 4 0 3 3 3 2 2 3 3 3 2 1 3 2 3 3 2 3 2 3 3 2 3 3 2 4 2 3 2 3 1 2 3 2 3 3 3 1 1 3 3 2 1 2 2 2 3 3 2 1 3 3 3 3 3 3 3 3 3 3 2 3 3 2 2 3 2 3 3 3 2 3 2 3 2 3 2 3 3 2 2 3 3 2 3 3 4 3 2 2 2 3 2 4 3 4 2 4 3 3 2 3 3 1 3 2 3 3 3 3 3 3 3 3 3 2 3 3 2 3 3 3 3 2 3 3 3 2 3 3 3 3 3 3 2 3 2 2 4 1 1 3 2 3 3 3 2 3 3 2 3 4 3 2 2 3 3 4 2 2 2 3 2 3 3 3 2 3 3 2 3 1 3 2 3 3 3 3 2 3 3 3 2 3 3 3 2 3 2 3 3 3 2 3 2 2 3 4 3 2 3 2 2 3 3 3 3 3 3 2 3 3 3 3 2 2 3 3 3 4 3 3 3 3 3 3 3 2 3 2 
Vertex 272: 3 2 4 3 2 2 4 3 3 3 3 2 3 3 2 3 2 3 3 3 3 2 3 2 3 3 4 3 2 3 3 3 3 3 3 3 3 2 3 3 3 3 4 4 3 2 3 3 3 3 4 3 3 3 3 3 4 3 3 3 3 1 3 3 3 4 3 3 4 3 3 3 3 3 4 4 3 3 3 3 3 3 2 3 3 3 3 1 3 2 3 3 3 3 3 4 4 3 3 3 3 3 2 3 3 2 3 3 3 3 3 3 3 2 3 3 3 4 3 3 3 3 3 3 4 3 4 1 2 4 2 2 3 3 3 3 2 3 2 2 3 2 3 4 4 3 3 3 3 3 3 3 3 3 3 3 2 3 3 2 4 3 2 3 3 3 3 3 3 3 3 3 3 3 3 3 3 3 3 2 3 2 2 3 3 2 3 3 3 4 3 3 2 3 2 2 3 3 3 2 3 3 3 3 3 4 3 3 4 4 2 4 3 3 3 3 3 4 3 3 3 4 3 3 3 2 3 3 4 3 3 3 3 4 3 3 4 3 3 3 3 2 2 3 3 3 3 2 3 4 3 2 2 3 2 1 2 2 4 3 3 2 3 3 3 3 3 3 3 1 3 3 0 3 3 2 3 2 2 3 3 3 2 4 3 3 3 3 3 3 3 2 4 2 3 3 2 3 2 2 3 3 2 3 3 4 3 3 3 2 3 3 3 3 3 3 3 3 2 2 3 2 3 3 2 3 3 3 3 2 3 3 3 3 3 3 3 3 3 3 3 3 4 3 4 3 3 3 3 4 3 3 3 3 3 3 2 3 3 3 2 3 3 3 3 3 3 3 3 3 2 2 3 2 3 3 3 2 3 3 3 3 2 2 3 3 3 3 3 3 2 3 3 3 1 2 4 2 3 2 2 2 1 3 3 4 4 3 2 3 3 3 3 3 3 3 3 3 3 3 2 3 1 3 3 3 3 2 3 2 2 2 3 3 4 2 4 3 4 3 3 3 2 3 3 3 3 3 2 3 3 3 4 3 2 3 3 3 3 2 1 3 3 3 2 3 3 3 3 2 4 3 3 4 3 2 3 2 3 3 3 2 3 3 4 2 3 2 4 4 3 3 1 3 3 3 3 3 3 3 
Vertex 273: 2 3 3 3 3 3 3 3 3 3 3 3 2 3 3 3 3 2 3 3 3 3 2 3 3 4 4 3 3 4 4 3 2 2 3 3 2 3 2 3 3 3 3 3 3 1 2 2 2 2 3 3 2 3 2 2 3 3 3 1 3 2 3 3 4 3 3 1 3 3 3 3 3 2 3 2 3 3 3 3 3 3 2 3 2 3 3 3 3 3 3 3 3 2 2 3 4 3 3 3 3 3 3 3 3 3 3 3 3 3 4 3 3 2 4 3 3 3 3 4 2 2 3 3 3 3 3 3 3 4 3 3 3 4 3 4 2 2 3 1 3 3 2 4 3 2 3 2 3 3 3 2 3 3 3 2 3 3 3 3 4 3 3 2 3 2 3 3 3 3 3 2 3 3 3 3 3 3 3 3 1 3 3 2 2 3 3 3 4 3 3 3 3 3 3 2 2 3 3 2 2 4 3 3 3 4 4 3 2 3 3 4 3 3 3 2 3 4 3 2 3 4 3 3 3 2 4 3 3 3 3 3 3 3 3 3 3 3 3 3 3 3 3 3 2 3 3 3 4 2 3 3 3 3 2 4 2 1 3 2 1 3 3 3 3 3 2 2 3 3 3 3 3 0 3 3 3 2 3 3 3 2 3 2 3 4 2 4 3 3 3 3 3 3 2 2 3 3 3 3 3 3 3 2 2 3 3 3 2 3 3 2 3 3 2 2 3 3 3 3 3 1 3 3 3 3 3 3 3 2 2 3 4 3 2 3 3 3 2 3 2 3 3 3 3 3 2 3 3 3 3 3 3 2 3 3 3 2 3 3 3 2 3 3 3 2 2 3 3 3 2 2 4 3 3 2 3 3 4 2 4 3 3 2 4 3 4 3 3 3 3 3 2 2 2 3 3 2 3 3 4 3 3 3 2 3 4 3 3 3 2 3 3 3 3 3 4 3 3 3 2 3 2 3 3 3 2 3 3 3 2 4 3 3 3 2 3 3 2 1 3 3 3 3 3 2 3 3 3 2 3 3 3 3 3 3 2 3 2 3 2 3 2 3 3 3 2 4 2 2 2 1 3 3 3 3 3 2 3 3 3 3 3 3 3 3 3 3 3 3 3 3 2 3 3 3 3 3 3 3 
Vertex 274: 2 3 3 3 3 3 4 3 2 3 3 3 3 3 2 3 3 4 3 3 3 3 1 3 3 4 3 3 2 2 3 3 3 3 3 3 3 4 3 3 4 2 3 3 2 3 3 3 3 3 3 2 3 3 3 3 4 3 2 3 3 2 3 3 3 3 1 3 3 2 3 3 3 3 3 3 3 3 3 3 4 2 3 3 3 3 2 3 2 3 2 3 4 3 3 4 4 3 3 2 3 3 3 3 3 2 3 3 4 2 3 2 3 3 3 3 4 2 3 3 3 4 4 3 4 3 3 3 3 4 3 3 3 3 3 3 3 3 3 3 3 3 2 3 3 3 3 3 3 3 3 3 1 4 2 3 3 2 3 3 4 3 3 2 3 3 3 3 3 2 3 4 3 3 3 2 3 3 3 2 3 2 3 3 3 4 3 3 4 3 4 3 3 3 2 3 3 3 3 2 2 4 2 3 3 2 3 2 3 3 3 3 3 1 3 2 3 3 2 3 3 3 3 3 4 3 3 3 3 3 3 3 4 3 4 2 4 3 3 3 3 3 3 3 3 3 2 4 3 4 3 2 3 3 2 3 3 3 2 3 3 3 3 3 3 3 3 3 3 2 4 3 3 3 0 3 3 3 4 3 3 2 2 3 3 2 3 3 3 2 2 3 3 4 3 3 3 3 3 3 3 2 3 2 4 3 3 3 3 3 2 2 3 2 2 2 3 3 3 2 3 3 3 4 3 3 3 3 4 3 2 3 3 2 2 3 3 3 2 3 3 3 3 3 3 3 3 1 3 3 4 3 3 3 3 3 3 3 3 2 3 2 3 2 3 3 3 3 2 3 3 2 3 2 3 2 3 4 3 3 3 3 2 3 4 3 2 3 3 2 4 4 3 2 3 2 1 3 4 3 2 2 3 3 3 3 3 1 3 3 3 3 3 2 3 3 3 2 3 3 3 3 3 3 3 3 3 4 2 3 3 3 3 2 1 3 2 3 2 3 2 4 3 1 2 3 3 3 3 2 3 3 3 4 1 3 3 3 2 3 4 2 3 3 3 4 2 3 2 3 3 2 4 4 2 3 3 3 2 3 3 3 2 3 2 3 3 3 4 3 3 3 3 3 3 3 3 4 3 3 
Vertex 275: 2 3 3 3 3 3 3 4 3 3 3 3 3 4 3 2 2 3 3 3 3 3 3 3 3 4 3 3 3 3 3 3 3 3 3 3 3 2 4 3 3 3 3 2 2 3 3 3 3 1 4 3 3 2 2 3 3 2 2 3 3 3 2 3 3 3 3 3 2 3 2 3 3 3 2 3 3 4 3 3 3 2 3 3 3 4 3 3 3 3 3 3 3 3 3 3 4 3 3 3 2 3 3 3 2 4 2 3 2 3 3 3 3 2 3 3 3 3 3 3 3 3 4 3 3 2 3 1 3 2 2 4 2 3 3 3 2 3 3 2 3 3 3 4 3 3 4 3 3 1 2 3 2 4 4 3 2 3 4 3 3 3 3 3 3 3 3 3 3 3 1 3 3 2 1 3 3 3 3 2 3 3 3 4 3 3 3 3 3 4 3 3 3 3 3 2 3 2 3 2 3 3 2 2 3 3 3 3 3 2 3 3 3 3 3 3 3 2 3 3 3 4 3 2 3 3 2 3 2 3 3 3 3 3 3 3 3 3 3 3 4 3 2 3 3 3 3 3 3 2 3 3 2 3 2 2 2 2 3 3 3 2 2 2 3 3 3 3 3 1 2 2 2 3 3 0 3 2 4 2 2 2 3 2 3 3 2 3 3 2 3 2 3 2 3 4 3 3 2 2 3 3 3 2 3 3 3 2 3 3 4 3 1 2 2 3 3 3 3 2 3 3 2 3 2 4 3 3 3 2 3 3 3 3 3 3 2 2 1 3 2 3 3 2 2 2 3 3 4 2 3 2 3 2 3 3 2 3 2 2 3 3 2 3 3 3 3 3 3 3 2 3 3 2 2 3 3 3 3 3 3 3 3 3 3 3 3 3 2 3 2 3 2 3 3 3 4 4 3 2 4 3 3 3 3 4 3 2 3 3 3 3 1 1 3 3 2 3 4 2 3 3 3 3 3 3 3 3 3 2 3 2 3 3 3 4 2 3 3 3 2 3 4 3 3 3 3 3 3 3 3 3 3 3 3 2 3 2 2 3 3 3 3 3 3 2 3 3 3 3 3 2 3 3 3 2 3 4 3 3 3 3 3 4 2 3 3 3 2 3 4 3 3 4 3 3 3 2 3 2 
Vertex 276: 3 3 2 3 3 2 3 3 3 2 3 3 3 2 3 3 2 3 4 3 3 3 3 3 3 3 3 3 4 3 3 2 3 3 3 3 3 2 2 3 4 3 2 2 3 3 3 3 3 3 2 2 3 2 1 3 2 4 1 3 3 3 4 3 3 3 2 3 3 2 2 2 3 3 2 3 3 3 3 3 3 3 3 3 2 3 2 3 3 3 3 3 3 4 3 3 4 2 3 2 2 3 3 4 3 3 3 3 3 3 3 3 3 2 3 3 3 3 3 2 3 3 3 1 4 2 3 3 4 4 3 3 3 3 3 3 2 3 4 3 3 3 3 3 3 3 4 3 3 3 3 4 3 3 3 3 1 3 3 3 4 3 3 3 4 3 3 4 3 3 3 3 3 4 2 2 4 3 2 3 3 3 2 3 3 3 3 3 3 3 4 2 3 3 3 2 3 3 3 2 2 3 3 4 3 4 3 1 2 3 3 3 2 3 3 3 3 3 4 3 3 4 4 3 3 2 3 3 3 2 2 2 3 3 3 3 3 2 1 3 3 4 3 4 3 3 3 2 3 3 3 2 3 3 3 3 3 2 3 3 3 3 3 3 2 2 3 4 2 2 4 2 3 3 3 3 0 3 3 3 3 3 3 3 2 3 2 2 3 3 3 3 3 3 2 3 3 3 2 3 3 3 3 3 4 4 3 3 3 2 3 2 3 3 3 2 3 3 3 2 3 3 3 4 2 3 3 3 3 4 2 3 3 3 2 3 3 3 3 2 3 3 3 3 3 3 3 2 2 3 3 3 3 2 1 4 2 2 2 3 3 2 2 2 3 3 4 3 3 3 3 3 2 3 3 3 3 3 3 3 3 4 3 4 3 3 3 3 3 2 3 3 2 3 3 2 3 3 3 2 3 3 3 3 3 2 3 2 4 3 2 3 3 3 3 3 3 4 3 2 3 3 2 2 3 3 2 3 3 3 3 3 2 2 3 2 3 3 3 2 3 3 3 3 2 3 2 3 3 2 3 3 3 3 2 3 3 3 3 3 3 3 1 4 2 3 2 3 1 3 3 2 4 3 3 3 3 3 3 2 3 3 3 3 3 3 3 3 3 3 3 3 3 3 2 4 3 3 2 3 
Vertex 277: 3 2 3 2 3 3 3 3 3 3 2 3 3 3 2 3 1 2 3 3 3 3 2 3 3 3 4 3 3 3 3 3 3 3 2 4 3 3 3 3 3 3 3 2 3 2 2 3 2 2 3 3 3 2 2 3 3 3 2 3 3 3 2 3 3 3 4 3 3 3 4 2 2 2 4 2 3 3 3 2 3 3 2 3 3 3 2 3 3 2 3 3 3 3 3 2 3 2 3 3 3 3 3 3 3 2 3 3 3 3 3 3 3 3 2 3 4 3 3 3 3 4 3 4 4 4 3 3 3 3 3 3 3 3 3 3 2 2 3 2 3 3 3 3 4 3 3 2 2 3 2 3 2 3 4 3 2 3 3 2 4 3 3 2 1 2 3 3 3 3 3 3 3 3 1 3 3 3 3 2 3 3 3 3 1 3 2 3 3 4 3 3 3 2 2 2 3 3 3 3 3 3 3 3 4 3 2 3 2 3 2 3 3 3 3 4 2 3 3 1 3 3 3 3 3 2 2 3 3 3 3 3 3 3 3 2 3 3 3 3 3 3 3 3 3 3 3 2 3 3 2 3 2 3 3 3 3 3 3 3 3 3 2 3 3 3 2 3 3 2 3 3 2 2 3 2 3 0 4 3 3 4 3 4 3 3 3 3 3 3 2 3 3 3 3 3 3 2 3 3 4 2 4 3 3 4 3 3 3 3 4 3 3 3 3 2 4 4 4 3 3 2 3 3 2 3 3 3 3 3 4 3 3 4 3 4 3 3 2 3 3 3 3 3 3 2 2 3 3 2 3 3 3 2 3 3 3 2 3 1 4 3 3 3 3 3 3 2 3 3 2 3 3 3 2 3 3 3 3 2 3 3 3 2 4 3 3 2 3 3 2 3 3 3 3 3 4 3 3 2 3 2 3 2 2 4 4 3 3 3 2 3 3 3 3 3 2 3 3 2 1 2 1 3 3 3 3 4 3 4 3 3 2 3 3 3 3 3 3 3 2 3 4 3 3 3 2 3 2 3 3 2 2 3 3 2 3 2 3 3 3 3 2 3 3 4 3 3 3 2 3 1 3 3 3 2 4 3 3 4 3 2 3 3 3 3 3 3 3 3 3 4 3 3 3 3 3 3 2 2 
Vertex 278: 3 3 3 3 2 3 4 3 4 3 3 4 1 3 3 3 3 3 3 3 4 3 3 3 2 4 3 3 2 3 3 3 3 3 3 3 3 3 3 2 3 3 2 3 3 4 3 3 3 4 3 3 3 3 3 3 3 3 3 3 3 2 3 3 3 2 3 4 4 3 3 4 2 3 2 4 2 3 3 3 3 4 3 3 3 3 3 1 2 4 4 3 1 2 3 4 2 3 2 3 3 2 3 3 3 4 4 3 4 3 2 3 3 4 3 3 4 3 3 3 4 3 2 2 3 3 4 3 3 3 3 3 3 3 3 4 3 3 3 3 3 3 3 2 2 4 3 3 2 3 4 3 3 2 4 3 3 4 4 3 4 3 2 3 3 3 2 4 3 2 3 3 3 4 3 3 3 2 3 3 4 3 2 3 3 4 3 3 3 3 3 3 1 3 3 3 3 3 3 3 3 2 3 2 2 3 3 2 4 3 4 4 2 3 3 3 3 4 3 3 3 4 4 2 2 3 4 3 2 4 3 3 3 3 2 3 3 2 3 3 3 3 2 3 3 4 4 3 3 4 3 3 3 3 3 2 4 2 4 2 3 3 3 4 3 3 2 2 3 3 4 3 2 3 4 4 3 4 0 3 3 3 4 3 3 3 3 3 3 4 4 3 2 3 3 4 3 3 3 3 3 3 3 3 4 3 3 3 4 2 3 3 3 3 3 3 4 4 3 3 3 3 3 3 3 2 3 3 3 3 3 3 3 2 3 3 3 3 3 3 4 2 2 2 4 3 3 3 2 3 3 2 4 3 3 3 4 3 3 4 3 3 3 3 3 3 3 2 3 3 4 3 1 3 3 3 3 3 3 3 1 3 3 4 4 3 4 3 3 3 4 3 4 4 3 3 4 2 3 3 4 2 3 4 3 3 3 3 4 3 3 3 4 3 3 3 3 4 3 3 3 3 3 3 3 3 2 2 4 2 2 3 2 3 3 3 4 3 4 3 3 3 3 3 2 3 3 3 2 3 3 2 3 4 3 3 2 3 2 3 3 3 4 3 1 3 4 3 2 3 2 4 3 3 3 4 3 3 3 3 3 3 3 4 3 3 3 3 4 4 4 3 3 3 3 4 3 2 3 2 
Vertex 279: 3 3 3 2 1 3 3 3 3 3 3 3 3 2 1 3 3 3 3 2 3 3 2 3 3 3 3 2 2 3 3 3 2 2 2 3 3 2 2 2 3 2 3 1 3 3 3 3 2 3 3 3 2 2 3 3 2 3 3 3 3 2 2 2 3 2 3 3 2 3 3 3 3 2 3 4 2 2 3 1 3 3 2 3 3 3 3 3 3 3 3 3 3 3 3 3 3 3 3 3 3 3 1 3 3 3 2 1 3 3 2 3 3 3 3 3 4 3 3 3 2 3 3 3 3 2 3 3 3 4 3 3 3 3 3 3 3 2 2 2 3 3 3 3 3 3 3 3 3 3 2 3 2 3 4 3 3 1 3 3 3 3 3 1 3 3 2 3 2 2 3 3 3 4 2 2 3 2 3 3 3 3 2 2 2 3 2 3 3 4 3 3 2 3 3 3 3 3 3 2 3 1 3 3 3 3 3 2 3 3 2 3 4 3 2 1 2 3 3 3 3 3 3 3 2 3 3 3 3 2 3 2 3 3 3 3 3 3 3 2 4 2 3 3 3 3 3 2 2 3 2 2 3 3 2 2 3 2 2 2 3 3 3 3 3 3 3 1 2 3 2 3 3 3 3 2 3 3 3 0 3 3 3 2 3 3 2 3 3 2 3 2 3 3 3 3 3 3 3 2 3 3 2 3 3 2 2 2 2 3 4 3 3 2 3 2 3 3 3 3 3 3 2 3 3 3 3 3 3 3 3 2 3 2 2 2 3 2 3 3 3 3 3 2 3 2 2 2 3 1 2 3 3 2 3 1 3 2 2 2 3 3 4 3 3 3 3 3 2 1 3 3 3 2 3 2 3 2 2 3 3 2 3 3 3 3 3 3 2 2 2 3 3 3 3 3 3 3 3 2 3 3 2 3 3 3 2 2 4 2 3 4 3 1 3 2 3 3 3 3 3 3 2 3 3 3 3 3 2 3 2 3 2 3 3 3 2 2 2 2 3 3 3 3 2 3 2 2 3 3 2 3 3 3 3 3 2 3 2 2 3 2 3 2 2 2 3 3 2 2 3 3 2 3 3 3 2 3 2 3 3 2 2 3 2 3 2 3 3 4 3 3 3 2 3 3 3 3 2 2 
Vertex 280: 3 3 3 3 2 3 4 2 3 3 3 3 3 2 3 3 2 3 3 2 2 3 3 3 4 3 3 3 3 3 2 3 3 3 3 3 4 3 4 2 2 3 3 3 2 3 3 3 3 3 4 3 2 3 3 1 3 2 2 3 3 3 3 2 3 3 3 4 3 3 3 3 2 3 3 4 3 3 2 3 3 2 3 2 3 2 2 3 3 2 3 4 3 3 3 2 3 2 3 3 3 3 3 3 2 4 3 2 3 3 2 3 1 3 2 4 2 3 3 3 3 3 3 3 3 2 3 3 2 3 3 3 3 2 1 1 3 2 2 3 3 3 3 3 4 3 3 3 3 3 3 3 2 3 4 2 2 3 3 3 4 3 3 2 3 2 3 3 3 3 2 3 3 4 3 3 3 2 3 2 3 3 3 4 3 3 4 3 2 3 3 3 2 3 3 3 2 3 3 3 3 3 3 3 2 3 3 3 2 2 3 3 3 3 3 3 3 3 2 3 3 4 3 2 1 3 3 3 3 3 3 3 2 4 3 3 2 3 3 3 3 3 3 3 3 3 3 2 3 2 3 2 2 3 3 3 3 3 3 3 3 3 3 2 3 2 3 3 3 3 3 2 3 3 3 2 3 3 3 3 0 2 3 2 2 1 4 2 3 3 3 2 3 2 3 3 3 2 3 3 3 3 3 4 3 3 3 3 3 2 3 3 1 2 3 2 2 4 3 3 3 2 2 3 3 3 3 2 4 3 3 2 3 3 3 3 2 3 3 2 2 3 3 2 2 2 3 3 3 3 3 3 3 3 2 3 3 3 2 3 3 2 3 3 3 3 2 2 2 3 3 3 2 2 3 3 3 3 3 2 3 3 3 3 4 3 3 4 3 3 2 3 3 3 2 2 4 3 2 2 2 2 3 3 3 3 3 3 3 3 3 3 3 2 2 2 2 3 3 3 3 3 3 3 3 3 3 3 3 2 3 3 1 3 3 3 1 3 3 3 3 3 2 3 3 3 2 2 2 3 2 3 2 2 3 3 3 4 3 2 2 2 3 3 3 2 3 3 3 3 2 3 3 2 4 3 3 4 3 3 2 3 2 3 2 1 3 3 3 4 3 2 3 2 3 3 3 2 1 2 
Vertex 281: 3 3 3 3 3 2 3 3 3 3 3 3 3 3 2 3 3 2 3 2 3 3 3 3 3 2 4 3 3 3 3 3 2 3 3 4 3 3 3 2 2 3 2 3 3 3 3 3 3 3 2 2 3 3 2 3 3 2 2 2 3 2 3 2 3 3 3 3 2 2 2 3 3 3 2 3 3 3 3 3 3 3 3 1 2 3 3 3 3 3 3 4 3 3 2 2 3 3 2 3 3 3 2 3 3 4 3 3 2 3 4 3 2 3 3 3 3 3 3 3 3 2 3 3 3 3 3 3 3 3 3 4 3 3 3 3 3 2 2 3 3 2 3 3 3 2 3 3 3 1 2 3 3 3 2 3 3 3 2 3 4 3 3 2 3 3 2 2 2 3 2 3 3 3 3 2 3 3 2 2 2 1 3 3 3 4 3 3 3 4 2 3 3 3 2 3 3 3 2 3 3 2 2 3 3 2 3 2 3 2 3 3 3 2 3 2 3 3 3 3 3 4 1 3 3 2 3 3 3 3 3 3 3 3 3 3 4 3 3 2 3 3 3 3 3 1 4 3 3 2 3 2 2 2 3 2 2 2 3 1 2 3 3 2 3 3 3 3 3 3 3 1 3 2 2 2 3 4 3 3 2 0 3 2 3 3 2 3 3 2 3 1 4 3 2 3 2 3 1 2 2 3 3 3 3 3 3 2 2 3 3 3 1 3 3 3 2 3 2 2 3 3 3 2 2 3 3 2 3 3 2 3 3 3 3 3 3 3 2 3 2 3 3 3 2 2 2 3 3 2 3 2 3 3 3 3 3 3 2 3 1 3 3 3 3 3 3 3 3 2 2 2 3 2 3 2 3 3 3 2 3 2 3 3 2 2 3 3 1 3 4 2 2 3 3 3 3 2 2 2 2 4 3 3 2 3 3 3 3 1 2 2 3 3 3 2 2 3 4 3 3 3 3 3 3 2 3 3 3 2 2 4 3 3 3 3 2 3 3 1 2 2 3 1 2 3 3 3 3 3 3 3 3 3 3 2 3 2 2 3 3 2 3 3 3 2 2 4 3 2 2 3 3 3 3 3 3 3 3 3 3 3 3 3 2 2 3 2 3 3 4 3 3 3 3 2 2 2 3 3 
Vertex 282: 4 3 3 3 3 3 3 3 3 3 4 3 3 4 4 3 3 2 4 3 2 3 3 3 4 3 4 3 2 3 3 3 4 3 3 2 2 3 3 3 3 2 3 3 2 3 3 3 3 3 3 2 4 3 3 3 2 3 3 3 2 3 3 1 2 2 3 3 3 2 3 3 3 3 4 3 2 4 3 3 3 3 3 3 3 4 4 3 3 3 3 2 3 3 3 4 2 3 3 4 3 3 3 3 1 2 3 3 4 4 4 2 3 3 3 3 3 2 4 3 4 4 3 3 2 3 4 2 2 3 3 4 3 3 3 4 1 3 3 2 3 3 3 3 3 3 3 3 2 3 3 3 3 4 3 3 3 3 3 3 4 3 2 3 4 3 3 3 3 2 2 2 3 3 3 2 3 3 3 3 3 2 3 3 4 4 2 3 3 3 3 3 3 4 3 2 4 1 3 3 3 2 3 3 3 3 3 2 3 3 4 4 3 1 3 3 3 3 4 3 2 3 3 3 4 3 3 3 3 3 3 3 3 3 3 3 4 3 3 3 4 3 3 3 3 3 3 3 3 3 3 3 3 3 3 3 3 3 4 3 4 3 3 4 4 3 2 3 3 3 4 3 2 3 2 3 3 3 4 3 3 3 0 3 3 3 3 2 3 3 3 3 3 3 2 3 2 4 2 4 3 3 3 3 3 2 3 3 2 2 3 3 3 3 2 2 3 4 2 2 4 4 3 3 3 3 2 3 2 2 3 3 3 2 3 3 3 3 2 3 3 4 3 3 3 2 3 3 3 4 4 3 3 3 3 3 3 3 4 3 4 2 4 3 3 3 3 4 4 3 4 3 4 2 3 3 2 2 3 3 3 4 2 2 4 3 3 3 3 3 3 3 3 3 3 3 3 3 3 3 3 4 3 3 3 3 3 3 3 3 3 3 3 3 3 3 4 3 3 3 3 3 3 3 3 3 4 2 3 3 3 4 2 4 3 4 3 3 4 3 3 3 3 2 3 3 3 2 3 3 3 3 4 3 3 3 2 3 2 2 3 3 3 3 3 3 4 3 4 2 3 2 3 4 3 3 3 4 3 1 4 2 2 3 2 3 3 3 3 3 4 3 1 3 2 3 3 4 3 3 
Vertex 283: 3 2 3 3 3 2 3 3 2 4 3 3 3 2 2 3 3 4 3 3 2 3 2 3 4 3 3 3 3 3 3 3 3 3 3 3 2 4 2 2 2 3 3 3 3 3 3 2 3 2 4 1 3 3 3 3 2 3 3 1 3 3 3 4 3 3 3 3 2 3 3 3 4 3 2 3 4 2 1 3 3 2 2 3 3 3 3 3 4 2 3 4 2 3 2 3 3 3 3 3 3 3 3 3 3 3 3 1 3 3 3 3 1 3 3 2 3 3 2 2 2 3 2 3 4 3 3 3 3 3 3 3 3 3 3 3 3 3 3 3 4 3 3 3 3 3 3 4 3 1 2 3 3 3 4 2 3 3 2 3 4 2 3 3 3 3 3 4 2 3 3 3 3 3 3 3 3 2 2 3 2 3 3 3 3 4 3 3 2 3 4 3 3 3 3 4 3 3 3 3 4 3 3 3 3 3 3 2 2 3 2 2 3 3 3 3 2 4 2 3 3 4 3 3 2 3 4 4 3 3 3 3 3 3 3 3 2 3 4 3 3 3 3 3 2 3 3 3 4 3 3 3 2 3 2 3 4 3 2 3 3 3 3 3 2 3 3 3 3 3 3 2 4 2 3 2 3 4 3 2 2 2 3 0 3 3 3 4 3 3 3 2 3 3 3 4 3 3 2 2 3 4 2 2 4 2 3 2 2 4 4 3 3 3 2 3 3 3 3 2 3 3 3 3 2 3 3 3 3 3 2 3 3 2 3 3 3 3 3 4 3 3 2 3 3 3 3 3 4 3 4 3 4 3 3 3 3 3 4 3 3 3 2 3 3 3 2 2 4 3 2 3 3 3 3 2 3 3 3 3 3 3 3 2 4 1 3 3 3 3 3 3 3 3 3 3 3 3 3 3 4 3 3 3 4 3 3 2 3 2 3 3 3 3 3 2 4 1 3 3 3 3 3 4 2 3 3 3 3 2 3 3 3 3 4 2 3 3 2 2 2 3 3 3 3 3 2 2 3 3 2 3 2 3 3 2 3 2 2 3 3 3 4 3 3 3 3 3 3 3 3 3 3 4 2 2 3 4 3 2 3 3 2 4 2 3 3 3 1 4 3 2 4 3 3 3 3 3 3 2 
Vertex 284: 3 3 2 2 3 2 3 3 4 3 3 4 3 3 4 1 3 3 2 2 3 3 3 3 3 3 3 3 3 3 3 4 3 2 3 3 2 4 3 2 2 3 3 3 3 2 3 2 3 2 3 3 3 3 3 3 3 3 3 2 3 3 2 3 3 3 3 2 3 3 2 2 3 3 1 3 3 3 3 3 3 3 2 2 3 3 3 3 2 3 3 2 2 3 2 2 3 2 3 3 2 3 2 2 3 3 3 3 3 3 3 3 3 3 3 2 2 2 3 3 3 3 3 3 4 4 3 3 3 3 2 1 3 3 3 1 2 3 3 2 3 2 2 2 3 3 3 3 2 2 3 2 3 3 3 3 2 2 3 3 3 3 3 3 3 3 2 2 3 3 2 3 3 3 3 3 3 2 3 2 2 3 2 3 3 3 3 3 3 2 3 3 3 2 3 3 3 3 2 3 3 3 3 2 3 3 3 3 3 2 3 3 1 2 3 3 3 3 4 2 3 3 2 3 2 3 3 4 3 2 2 3 2 2 2 2 3 3 3 3 2 3 3 2 3 2 4 2 3 3 3 3 3 3 3 3 2 3 3 3 3 3 2 3 3 3 3 3 3 3 2 3 3 3 3 3 2 3 3 3 2 3 3 3 0 3 3 3 3 2 3 3 2 3 3 3 3 3 3 2 3 3 3 2 3 3 3 3 2 2 3 3 3 3 1 1 2 3 2 3 3 3 3 3 3 3 3 3 2 3 3 2 3 3 2 3 2 3 2 3 1 3 3 3 3 3 3 3 2 3 2 3 2 2 2 2 3 3 2 2 3 2 3 3 2 3 2 3 3 2 3 3 2 3 3 3 3 2 3 3 3 3 2 3 3 2 2 3 3 3 3 3 3 2 2 3 3 4 2 3 2 3 3 3 3 3 3 3 3 3 2 3 3 3 1 3 2 2 4 3 3 3 3 3 2 3 3 3 3 3 3 3 3 3 3 2 2 3 3 3 3 3 4 3 2 3 3 1 3 2 3 3 3 3 3 3 3 3 3 3 3 2 3 3 3 3 3 4 3 1 3 2 3 3 3 2 2 3 2 3 3 3 2 3 3 2 2 3 3 3 1 3 2 3 3 3 3 3 3 3 
Vertex 285: 3 3 3 2 3 2 3 3 2 4 4 4 3 3 2 3 3 2 4 3 2 3 3 3 3 4 3 2 3 3 3 3 3 3 3 3 3 3 3 2 3 3 3 3 3 3 3 3 4 2 3 3 3 3 3 2 3 3 2 3 2 2 2 3 3 3 3 3 3 3 3 3 3 3 3 4 4 3 2 4 3 3 3 3 3 3 1 3 2 1 3 3 3 3 3 3 3 3 2 4 3 3 3 3 3 3 3 2 3 3 3 3 2 3 3 3 2 3 2 3 3 3 3 3 3 1 3 3 1 3 4 3 4 3 2 2 2 3 2 3 3 3 3 3 4 3 4 3 3 4 3 3 1 3 3 3 2 2 3 3 4 2 3 3 3 3 3 2 3 4 3 3 3 3 3 3 3 3 3 3 4 3 3 3 2 3 3 2 2 3 3 3 3 2 3 3 3 2 4 3 3 2 3 3 3 3 3 3 3 3 3 3 3 3 3 3 2 3 2 3 3 3 3 3 2 3 3 2 3 2 2 3 3 3 3 3 3 3 3 3 3 3 3 3 3 3 2 2 3 2 3 2 3 2 3 3 3 3 3 2 3 3 3 3 3 3 3 3 3 3 3 3 3 4 2 3 3 3 3 3 1 3 3 3 3 0 3 3 4 3 3 3 3 2 3 2 2 3 3 2 3 3 3 3 3 3 3 3 3 3 3 3 2 3 2 3 1 3 2 3 4 3 3 3 3 3 2 3 3 3 3 3 3 2 3 3 3 3 2 3 3 3 3 3 3 3 2 3 2 3 2 3 3 2 3 3 3 3 3 2 2 3 3 2 2 3 3 3 2 3 3 3 3 3 3 3 3 3 4 2 3 3 3 3 3 3 2 3 2 2 3 3 3 2 3 3 3 2 3 1 2 1 3 2 2 2 3 2 4 3 3 3 3 2 3 1 3 3 3 3 4 4 2 2 3 3 3 3 2 2 2 3 2 2 2 2 2 2 3 3 3 3 1 3 2 3 3 3 3 3 3 3 3 2 3 3 4 4 2 3 3 3 3 3 3 3 3 2 2 3 3 3 3 3 3 3 3 3 2 4 3 3 2 3 2 2 3 2 3 4 3 3 4 2 2 3 2 2 2 3 
Vertex 286: 2 3 1 3 3 1 4 3 3 2 3 3 3 2 1 2 3 3 3 2 4 3 3 3 2 3 2 2 3 3 3 2 3 3 3 2 3 3 3 3 3 3 2 2 3 1 3 3 2 2 3 3 3 3 2 3 2 2 3 3 3 3 3 3 3 4 2 3 3 3 2 3 3 1 2 3 3 3 3 3 3 3 3 3 2 3 2 3 3 2 3 4 3 3 3 3 3 3 3 3 2 3 2 3 2 3 3 2 2 3 3 3 3 3 3 3 3 2 2 3 3 3 3 3 3 2 3 3 4 3 3 3 2 3 3 4 3 3 3 1 3 3 1 3 3 2 3 3 3 3 3 2 2 3 3 3 3 3 4 3 4 2 3 3 3 3 2 3 2 2 3 3 2 3 3 3 3 3 3 3 3 3 3 2 2 2 3 3 4 2 3 3 2 2 2 4 3 3 3 2 2 3 2 3 3 3 3 3 2 3 3 3 3 3 2 2 2 3 3 2 3 4 3 3 3 2 3 3 3 1 2 3 4 2 2 3 3 3 3 2 3 3 3 3 2 2 3 3 2 3 3 3 3 3 3 2 3 2 3 2 3 3 3 3 3 3 1 2 2 3 3 2 3 2 3 2 2 3 3 2 4 2 3 3 3 3 0 3 3 3 3 2 3 3 3 2 1 2 2 3 3 3 3 3 2 3 2 3 3 2 3 3 3 2 2 2 2 3 3 3 3 2 3 3 3 3 2 3 3 2 3 3 3 3 2 3 3 3 1 3 2 3 3 2 4 3 3 2 3 2 2 3 3 2 2 3 3 3 3 2 3 3 3 3 3 3 3 3 2 3 3 2 4 3 2 3 3 3 3 3 3 3 3 3 3 2 3 3 2 3 3 3 3 3 2 3 3 3 3 3 3 3 3 2 3 3 3 3 3 3 1 3 3 3 3 3 3 3 3 3 2 3 2 3 3 3 3 3 2 3 2 3 3 3 2 2 3 4 3 2 2 2 3 3 3 2 3 4 3 3 2 3 3 3 4 3 3 3 2 3 2 2 2 3 2 3 3 3 1 2 3 2 3 3 3 3 3 3 3 3 3 3 3 2 2 3 3 3 3 3 3 3 2 3 2 3 2 3 3 2 
Vertex 287: 3 3 3 3 3 2 4 3 3 3 3 3 3 3 3 3 2 4 3 2 2 3 3 3 3 3 4 1 3 2 3 3 2 2 3 2 4 3 2 3 3 3 3 4 4 3 3 2 3 4 2 3 2 3 3 3 2 2 3 3 3 3 2 3 2 3 4 3 3 3 3 3 3 3 3 4 3 3 3 3 3 4 3 3 2 2 3 3 3 3 3 3 2 3 3 3 3 3 2 4 3 3 3 3 1 2 3 4 3 3 4 3 3 2 1 3 3 3 2 4 3 3 3 3 4 3 3 3 3 3 3 3 3 2 2 3 3 3 3 3 2 3 3 3 2 3 4 2 1 3 4 3 2 2 4 3 3 3 4 3 4 3 2 3 4 3 3 3 4 3 2 3 3 4 3 3 2 3 3 3 3 3 3 3 3 3 3 2 3 2 2 3 3 3 3 4 3 3 3 3 3 4 3 3 3 3 3 3 3 3 3 4 3 3 2 3 3 3 3 4 3 4 3 3 3 3 3 3 3 3 3 3 4 3 3 3 4 2 1 3 4 3 3 3 3 3 4 4 4 3 3 2 2 3 3 3 3 3 4 3 3 3 3 3 2 2 3 2 3 3 3 3 3 4 3 3 2 3 3 3 2 3 2 4 3 3 3 0 2 3 3 3 3 3 2 2 3 3 3 3 3 4 3 3 3 2 3 3 3 2 3 3 2 3 3 3 4 4 3 2 3 3 3 4 2 3 3 3 3 3 4 3 3 3 2 3 1 3 2 2 2 3 3 3 3 3 3 3 2 3 3 3 3 2 3 3 3 3 3 3 3 2 2 3 3 3 3 3 3 2 2 3 2 3 2 3 2 2 2 2 3 3 3 2 4 3 3 3 3 3 3 3 3 2 3 3 3 3 2 3 4 2 3 2 2 3 4 3 3 4 3 3 3 2 3 3 3 3 1 3 4 3 3 2 2 3 3 4 3 3 2 2 2 3 4 3 1 3 3 3 3 2 3 3 3 3 3 3 1 4 3 3 3 3 3 3 2 3 3 3 2 3 3 2 3 3 4 3 3 2 3 3 3 4 3 4 3 3 2 3 3 3 2 3 3 2 3 3 3 4 3 2 3 3 3 3 4 3 3 3 
Vertex 288: 3 3 3 2 3 3 4 2 3 3 2 3 3 2 3 3 3 3 3 3 2 3 3 2 1 3 3 3 3 3 3 3 2 3 2 3 3 4 2 3 3 3 2 3 3 3 1 3 3 2 3 2 3 3 3 3 2 3 3 3 3 3 3 2 2 3 3 3 2 3 3 2 3 2 3 4 3 2 4 3 3 3 3 3 3 3 3 2 3 3 3 3 3 3 3 2 3 3 3 2 3 3 3 3 3 2 2 2 1 3 3 3 3 2 3 3 3 3 2 3 2 3 3 4 3 3 2 3 3 3 3 4 3 3 4 3 2 2 3 2 2 2 2 4 2 3 3 4 3 2 3 3 3 2 4 2 3 3 3 3 4 2 3 3 3 3 3 3 3 3 2 3 3 3 3 2 3 3 3 3 2 2 3 3 3 3 3 3 4 3 3 3 3 3 3 3 3 2 3 3 3 3 2 3 3 3 3 3 4 3 3 3 4 3 3 3 4 3 4 3 2 3 3 3 3 3 2 3 3 3 3 3 2 3 3 3 3 3 2 3 3 2 3 3 3 2 3 2 3 3 3 3 2 3 3 2 3 3 3 3 3 3 2 3 3 2 3 3 3 3 3 2 3 3 3 3 3 3 3 3 3 3 3 3 3 4 3 2 0 3 3 3 3 3 3 3 3 3 3 3 3 3 3 3 1 3 3 1 1 1 2 2 3 2 2 2 3 3 3 3 1 3 1 2 3 3 2 2 3 4 3 3 4 3 2 2 3 2 3 2 3 3 3 3 3 3 2 3 3 2 3 3 3 2 2 3 3 3 3 3 2 3 4 3 2 3 2 3 3 3 3 2 3 2 4 2 3 3 3 2 3 4 1 2 3 3 3 3 3 3 3 2 1 3 3 3 3 3 2 3 3 3 3 3 3 3 2 2 3 2 2 3 3 2 2 3 3 3 1 3 2 3 3 3 3 3 2 3 2 3 2 4 3 4 3 3 3 3 3 2 3 2 3 3 3 3 2 3 3 3 2 2 3 3 4 1 2 2 3 3 3 3 3 2 2 3 3 3 3 2 3 3 3 2 3 3 3 3 2 3 4 3 3 2 4 2 2 2 3 2 3 3 3 4 3 3 3 2 3 3 
Vertex 289: 3 2 3 3 3 2 3 3 3 3 4 3 3 3 3 3 3 3 3 3 3 3 1 3 3 3 3 3 4 2 3 2 2 3 2 3 3 4 3 2 3 3 4 3 3 3 3 3 3 3 3 3 3 3 3 3 2 3 2 3 3 2 4 4 3 3 3 2 3 2 2 3 3 3 3 3 3 3 3 1 4 2 3 3 3 3 3 3 3 3 2 4 4 4 2 3 3 3 3 2 2 3 2 3 3 2 3 3 3 3 3 3 3 3 4 1 4 3 3 3 3 3 3 3 3 3 3 3 3 2 3 3 3 3 3 3 3 3 3 3 3 3 3 4 3 3 4 3 4 2 3 2 3 3 3 3 3 2 3 3 4 3 3 3 4 3 3 3 2 3 1 3 3 4 3 2 3 3 3 2 2 3 2 2 3 4 3 3 3 3 3 3 3 2 3 3 3 2 3 2 3 3 3 2 3 3 4 3 3 3 3 1 3 3 3 3 2 2 4 4 3 3 2 2 3 3 4 4 2 3 3 3 3 1 2 4 3 3 3 3 4 2 3 2 3 3 3 4 3 3 4 3 3 3 3 3 3 3 2 3 3 4 3 3 3 3 2 3 3 3 4 3 3 3 2 2 3 3 4 2 3 2 3 3 2 3 3 3 3 0 3 2 2 3 2 3 3 3 1 3 3 3 2 3 3 2 3 2 3 3 3 3 3 3 2 3 3 1 3 3 4 3 3 3 3 3 3 2 2 3 3 3 4 3 3 3 2 2 2 3 2 3 3 3 3 3 3 3 4 3 3 2 3 3 3 3 2 3 4 2 3 2 3 2 3 3 3 3 3 3 3 3 3 2 3 2 3 3 3 3 3 3 2 3 3 2 4 3 3 3 4 3 3 3 3 3 3 3 3 3 4 2 4 4 3 4 3 3 3 3 2 3 3 3 3 3 4 2 3 4 3 2 3 3 3 3 3 3 3 3 2 3 3 3 3 3 2 3 4 3 2 3 3 3 3 3 2 3 4 2 2 3 3 2 3 3 3 3 2 3 3 4 3 2 4 4 3 3 3 1 3 2 3 4 3 3 3 3 3 3 4 3 3 3 3 3 3 2 2 3 3 3 2 3 3 4 2 4 3 2 
Vertex 290: 3 2 3 3 3 3 4 3 2 3 3 3 3 3 3 3 3 4 3 3 4 3 3 3 3 4 4 2 2 2 3 4 3 3 2 3 4 2 3 3 3 3 3 2 3 3 3 3 2 3 3 3 3 3 2 3 3 2 2 3 3 3 2 3 3 3 3 3 3 3 3 2 2 3 3 4 2 3 3 3 3 3 3 3 3 3 2 3 3 3 3 3 3 4 3 4 4 3 3 3 3 3 2 3 3 2 3 3 3 2 3 3 3 3 2 3 2 2 3 3 3 3 3 3 3 3 4 3 3 3 3 3 3 1 3 3 3 3 3 3 2 3 2 4 3 3 3 3 3 3 3 3 2 3 3 3 3 4 4 3 4 3 3 3 2 3 3 4 3 4 3 3 3 3 2 3 1 2 2 3 3 3 4 3 2 4 2 3 2 2 3 3 3 2 1 3 3 3 3 3 3 3 2 3 3 2 2 3 3 3 3 3 3 3 3 3 4 3 3 3 3 3 3 3 2 2 2 4 3 3 3 3 3 3 3 3 2 3 4 3 3 3 2 3 3 3 3 3 3 2 3 2 3 2 3 3 3 3 3 3 3 3 3 2 3 3 3 3 3 3 3 3 3 3 2 3 3 2 4 3 3 3 3 3 3 3 3 3 3 3 0 3 3 3 2 3 2 1 3 2 4 3 3 2 3 3 2 4 2 3 2 2 3 2 3 3 3 4 3 3 3 3 3 3 3 2 3 3 3 3 4 3 4 2 3 3 3 2 2 3 4 2 3 4 3 3 2 2 3 3 3 3 3 3 3 2 2 4 2 1 3 3 1 3 2 3 3 4 3 3 2 3 3 3 3 3 1 4 3 3 3 3 3 2 3 3 3 3 3 3 3 3 2 3 3 4 3 3 3 3 3 3 3 3 3 3 3 3 3 3 2 2 3 3 3 3 3 3 3 3 3 3 2 4 3 2 3 4 3 2 2 3 3 3 1 2 3 3 4 2 3 3 3 2 2 3 3 3 2 4 3 3 3 2 3 3 3 3 3 3 3 3 3 3 3 4 1 3 3 2 3 3 3 4 3 2 3 2 2 2 3 4 3 2 3 2 3 3 2 4 3 3 3 1 3 3 3 4 3 3 
Vertex 291: 3 3 3 3 3 1 3 3 2 3 3 3 3 3 3 2 2 3 3 3 3 4 2 2 2 3 3 2 3 3 3 3 3 3 3 3 3 3 3 3 3 3 3 3 3 3 4 2 3 3 3 2 3 3 2 3 3 3 3 3 3 3 4 3 3 3 4 2 3 3 2 2 3 3 3 4 3 3 2 3 3 2 3 2 3 2 3 3 3 2 3 4 3 3 3 3 3 3 3 3 3 3 2 3 3 3 3 2 3 3 3 4 1 3 3 3 3 3 4 2 3 2 3 3 3 3 3 3 3 2 3 3 3 2 2 3 3 3 2 3 3 1 3 3 2 3 3 3 2 2 3 3 3 3 3 3 3 3 3 3 3 2 3 3 3 2 2 2 3 3 1 3 2 3 3 3 3 2 1 2 3 2 3 3 3 3 2 3 2 3 3 2 3 2 3 3 2 2 3 3 3 3 3 2 3 3 3 2 2 3 2 3 3 3 3 3 3 2 2 3 3 4 2 2 3 3 3 3 2 3 3 3 3 3 3 3 3 2 2 3 4 2 3 3 2 2 3 4 3 2 3 2 3 3 3 1 3 3 3 2 3 3 3 3 3 3 3 3 3 2 2 2 2 3 3 2 3 3 3 2 2 1 3 2 3 3 2 3 3 2 3 0 3 4 3 3 3 3 2 1 3 3 3 3 2 3 3 2 3 2 3 3 2 3 2 2 2 3 3 2 3 4 3 3 2 4 3 3 3 3 3 2 3 2 3 2 2 2 3 3 2 3 3 3 3 3 3 4 3 3 3 2 2 3 2 3 3 4 3 3 2 3 3 3 3 3 3 4 3 1 3 3 3 2 3 3 3 3 2 3 3 3 2 3 3 2 3 4 2 3 3 3 3 3 3 3 4 3 1 3 3 3 2 2 3 3 3 3 3 2 3 2 3 3 3 3 3 3 3 3 4 2 3 3 3 3 3 4 3 3 3 3 3 3 3 3 2 4 2 2 2 3 3 2 2 3 2 2 3 3 2 2 2 3 3 3 3 3 2 3 3 2 3 3 2 3 3 3 3 2 3 3 3 3 4 3 3 3 3 3 3 3 2 4 2 2 3 2 3 4 3 2 3 2 3 3 3 3 3 2 
Vertex 292: 4 3 2 2 2 2 4 3 3 3 3 4 1 3 3 2 2 3 3 3 3 3 3 2 4 2 2 3 3 2 2 3 3 3 3 3 3 3 3 3 3 4 3 4 2 4 3 2 3 2 3 3 4 3 2 3 1 3 3 2 1 3 3 2 3 3 3 3 2 3 4 3 3 4 3 2 2 2 3 2 3 3 2 4 3 3 3 3 2 2 3 4 2 2 3 3 3 3 3 4 3 3 3 3 2 3 3 3 3 3 3 3 2 4 3 2 3 2 3 3 3 4 4 2 3 4 4 3 3 4 2 3 4 3 3 2 3 3 3 3 3 2 4 2 2 3 3 3 3 3 3 3 3 3 2 3 3 3 4 2 3 3 3 3 3 3 2 3 3 1 3 2 3 3 3 3 3 3 3 3 3 3 3 3 3 4 2 3 1 3 3 2 3 3 3 3 3 3 3 3 3 3 3 2 2 3 2 3 3 3 4 2 2 2 3 3 3 3 3 3 3 4 3 2 2 3 2 3 4 2 3 3 1 1 2 2 4 3 4 3 3 3 3 2 3 3 3 3 3 3 3 3 3 3 3 3 3 2 4 3 3 2 3 3 3 3 2 3 4 3 3 3 4 3 3 3 3 3 2 3 3 4 3 3 2 3 3 3 3 2 3 3 0 4 3 4 3 3 3 3 2 3 3 3 3 2 2 3 2 3 3 3 3 3 1 3 2 3 2 3 3 3 4 3 2 2 3 3 3 3 3 4 3 3 3 3 3 2 3 2 3 3 2 3 3 4 3 3 4 3 3 2 3 3 3 3 3 3 4 3 3 3 3 2 3 3 3 2 3 3 4 3 1 3 3 3 3 3 3 4 3 3 3 3 4 3 3 3 3 3 4 3 3 4 3 3 4 2 4 2 2 3 3 4 3 3 3 2 3 3 3 3 3 3 3 2 3 2 3 2 3 1 3 3 2 3 3 3 3 2 2 3 3 4 3 3 3 3 3 3 3 3 4 3 2 3 3 3 2 2 3 3 3 3 4 2 3 3 3 3 3 3 3 3 3 3 2 3 3 3 2 3 3 4 1 2 3 3 3 3 3 4 2 3 3 3 3 3 2 3 3 3 3 2 3 2 3 2 3 3 
Vertex 293: 3 3 3 3 3 3 3 2 3 2 2 2 3 3 3 2 3 4 3 2 3 3 3 2 4 3 4 3 3 2 2 1 2 3 3 3 2 4 2 3 3 3 3 3 2 3 3 3 3 3 3 4 3 3 2 1 3 2 3 3 3 3 3 3 3 3 3 3 3 3 3 3 2 3 4 3 3 4 4 2 3 3 2 3 2 3 3 3 3 3 2 4 3 3 3 3 4 3 3 3 3 2 2 2 3 3 1 3 3 3 2 3 3 3 3 3 3 3 4 4 3 4 4 3 4 3 2 3 3 3 2 2 3 3 3 3 3 3 2 2 3 3 3 3 4 2 3 1 2 3 2 3 3 3 4 3 2 3 3 3 3 3 3 3 4 3 3 3 3 3 3 3 3 3 2 2 4 3 3 3 4 2 1 3 3 3 3 3 4 4 2 2 2 3 3 3 3 3 4 3 3 3 3 3 4 3 3 3 3 4 3 4 4 3 3 2 3 3 3 3 2 2 4 3 2 2 3 3 4 3 3 3 4 3 2 3 3 3 3 3 3 2 4 4 3 3 4 3 3 2 4 2 1 3 3 3 3 3 3 3 2 2 3 3 3 3 2 3 2 3 3 3 2 3 4 2 3 3 3 3 2 3 3 3 3 2 3 3 3 3 3 4 4 0 3 3 3 3 3 3 3 3 2 3 2 3 2 2 3 4 4 3 3 3 3 3 2 4 3 3 3 2 2 2 3 4 3 3 3 3 3 2 4 3 3 3 2 3 3 3 3 3 4 3 3 3 3 3 3 3 3 3 3 3 3 3 2 3 2 3 3 2 3 3 3 3 3 2 3 3 3 3 3 3 3 3 3 3 2 3 3 3 4 3 3 2 3 4 3 3 3 3 3 3 2 3 4 3 3 3 3 3 3 4 3 4 3 3 2 3 3 3 3 2 3 3 4 3 3 3 3 3 3 2 3 3 3 1 3 3 2 3 3 2 4 3 3 2 3 3 3 3 2 3 3 2 4 3 2 3 3 3 3 3 4 3 2 3 3 3 1 3 3 3 3 3 3 3 2 3 3 2 3 3 3 2 1 4 3 4 3 2 3 2 3 2 1 3 3 3 3 3 2 3 3 4 3 3 3 2 
Vertex 294: 3 3 3 3 3 2 3 3 3 2 4 3 3 3 3 3 3 3 2 3 2 3 3 2 3 3 3 3 3 3 3 3 2 2 3 2 2 4 2 3 3 2 2 2 3 2 2 3 3 3 3 2 3 3 2 2 2 3 2 2 3 2 4 3 2 3 2 3 3 2 3 2 3 3 3 3 2 3 2 3 3 3 3 2 2 2 2 3 3 3 3 2 2 3 3 3 3 2 3 3 3 3 3 3 1 4 3 3 3 3 3 3 3 3 3 3 3 2 3 2 3 3 1 3 2 3 4 2 3 3 3 3 3 2 3 4 1 2 3 3 3 3 3 3 2 2 2 3 2 2 3 3 3 3 3 3 2 3 3 3 4 3 2 2 3 3 1 3 3 3 3 2 3 4 3 2 3 3 2 3 2 2 3 3 3 4 2 3 2 3 3 3 3 2 3 3 3 3 3 3 1 3 3 3 3 3 3 1 2 3 4 3 3 3 3 2 3 3 4 3 3 4 3 3 2 2 3 3 2 2 3 2 3 3 4 3 4 3 3 2 3 3 3 3 3 3 4 3 3 3 2 1 3 1 3 2 3 2 2 3 3 3 3 3 3 2 3 2 3 3 4 2 3 2 3 3 2 3 3 3 3 2 2 3 3 3 3 2 3 2 2 3 3 3 0 3 3 3 1 3 3 3 2 2 3 2 3 3 2 2 1 3 3 3 2 3 3 3 3 3 3 3 3 3 3 3 1 2 2 3 3 3 3 3 3 3 2 3 2 2 3 3 2 3 3 3 2 3 3 3 3 2 4 3 3 2 3 3 3 3 3 3 2 3 3 3 3 3 2 3 3 3 3 3 2 3 3 2 3 3 3 3 2 2 4 3 3 3 3 3 3 4 2 3 3 2 3 2 3 2 3 3 3 2 3 2 3 2 3 3 2 3 4 3 3 2 3 3 3 2 2 3 3 3 3 3 3 4 3 3 3 3 2 3 2 2 3 3 3 1 3 3 2 2 3 3 3 2 3 3 3 2 2 2 3 3 3 3 2 2 3 2 3 3 2 3 2 3 2 3 3 2 3 3 3 3 3 3 3 2 3 2 2 3 3 3 3 2 3 3 3 2 3 1 3 2 2 3 3 3 
Vertex 295: 2 3 3 3 3 2 3 3 3 4 3 3 4 3 3 4 3 2 3 3 4 3 4 4 4 3 4 1 2 3 4 3 2 2 3 3 3 4 3 3 3 3 4 3 3 1 3 4 4 4 3 4 4 3 4 3 4 3 2 3 3 3 3 3 3 3 3 1 4 3 3 3 4 3 4 4 3 4 4 3 4 3 2 3 4 4 1 3 3 3 3 4 4 3 3 3 4 3 4 4 3 4 2 3 3 3 4 4 4 4 4 3 4 2 3 3 3 3 2 4 3 4 4 3 3 3 3 3 3 4 3 3 4 3 4 3 4 3 4 3 3 3 3 4 4 2 3 4 3 3 4 3 3 3 4 3 3 3 4 3 4 4 4 3 2 4 3 3 3 3 3 3 3 3 3 4 3 3 3 3 3 3 3 2 2 3 3 3 3 3 4 4 3 3 3 3 3 3 3 2 2 4 3 4 3 3 2 4 3 4 3 4 3 3 3 4 4 4 4 3 3 4 2 4 3 3 3 3 3 3 3 4 3 4 3 3 4 4 3 3 4 3 3 3 3 3 4 3 4 3 3 3 2 4 3 3 3 3 3 3 3 3 3 4 4 4 3 2 3 3 3 4 3 2 3 4 3 3 4 3 3 3 3 4 3 2 2 2 3 3 3 3 4 3 3 0 3 3 3 3 3 3 4 3 4 4 3 3 3 2 3 3 4 3 3 3 3 4 3 3 4 2 4 3 3 3 3 4 3 3 4 2 4 3 3 3 3 4 3 3 2 4 3 4 4 3 2 3 2 3 4 4 3 3 3 3 4 2 3 3 4 3 4 3 3 3 3 4 3 2 2 3 4 3 4 3 2 3 3 2 4 1 3 2 4 3 4 3 3 2 3 3 4 2 4 3 4 3 3 3 2 2 3 2 3 3 4 3 2 3 3 3 4 4 3 3 3 3 3 3 4 3 2 4 4 3 3 4 2 4 4 3 3 4 2 2 3 3 3 3 3 3 3 3 3 3 3 3 3 3 3 3 3 3 3 3 3 3 3 3 3 3 4 2 3 4 3 3 2 2 4 3 3 4 4 3 3 3 3 3 3 4 3 4 3 4 4 3 3 4 3 3 3 2 3 4 4 3 3 4 
Vertex 296: 3 4 2 3 3 2 4 3 3 2 3 3 3 3 2 3 3 3 3 3 3 2 4 3 3 4 3 3 3 3 3 2 3 3 3 2 3 4 3 4 3 3 3 3 3 2 3 3 3 3 2 3 3 3 3 4 3 3 3 3 3 3 4 3 3 4 3 2 3 3 3 2 3 2 3 3 3 3 2 2 3 3 3 3 3 3 2 3 3 3 3 4 3 3 4 2 3 3 2 3 3 3 3 3 3 3 3 3 2 3 3 4 3 3 3 3 4 3 3 3 2 3 3 4 4 3 3 3 3 2 4 2 3 3 4 3 3 3 3 2 2 4 2 4 3 2 4 3 3 3 2 3 2 3 4 3 3 4 3 4 4 3 3 3 4 3 3 3 1 3 3 3 3 3 3 3 3 2 3 3 2 3 2 1 3 3 3 3 3 3 3 3 2 3 3 4 3 3 3 2 3 4 3 3 3 3 3 3 3 3 2 4 4 3 2 3 3 2 3 3 2 4 3 3 3 2 4 3 3 2 3 3 3 2 2 3 4 3 3 2 3 2 3 3 3 1 4 3 3 3 4 3 3 3 3 3 3 2 3 3 4 2 3 3 3 3 1 3 3 3 4 2 2 3 3 3 3 3 3 3 3 2 2 3 3 2 1 3 3 3 2 3 3 3 3 3 0 3 3 3 3 3 3 4 3 3 3 3 2 3 3 2 3 3 3 3 3 4 2 3 2 3 3 4 2 3 3 3 3 3 3 3 3 4 2 3 3 3 2 4 2 3 2 3 4 3 3 3 3 3 3 3 3 3 3 2 2 3 3 3 3 3 3 3 3 2 2 3 3 3 3 2 3 3 2 3 3 3 4 3 3 3 4 2 3 3 3 3 2 3 3 3 3 3 1 3 3 2 2 3 3 3 3 1 2 3 4 3 3 3 2 3 3 3 3 3 3 3 4 4 2 4 3 3 3 2 3 3 1 3 3 3 3 3 3 3 3 3 4 3 3 1 3 3 2 3 3 3 2 3 3 3 3 3 4 3 3 2 3 4 3 3 3 3 3 4 2 2 2 3 3 3 2 4 4 4 2 2 3 3 3 4 3 1 2 2 3 3 3 3 4 2 3 3 3 2 3 3 3 2 
Vertex 297: 3 3 3 2 3 3 3 2 1 3 3 3 3 2 3 3 3 3 3 2 4 3 3 3 3 3 3 3 3 3 2 3 3 3 3 3 3 1 3 3 3 3 3 3 4 2 3 3 2 3 3 3 4 3 3 3 3 2 3 2 3 2 2 4 2 2 4 3 3 3 3 2 3 3 3 3 3 3 2 3 3 3 3 2 3 3 3 3 3 3 3 3 2 3 3 3 3 3 2 3 3 2 3 3 3 3 2 3 3 1 4 3 3 2 3 2 3 3 3 3 3 3 2 2 3 4 3 3 2 3 3 3 3 2 3 3 3 3 2 3 3 3 2 3 3 2 3 2 2 3 3 2 3 2 3 2 3 3 4 2 4 3 3 3 1 2 3 3 3 3 3 3 3 2 3 3 2 2 3 2 3 3 3 3 2 3 2 2 3 3 2 3 3 1 1 3 2 3 3 3 3 3 2 3 2 3 1 3 3 3 3 3 2 3 3 2 3 2 3 3 3 4 3 3 3 3 3 3 3 2 3 3 2 3 3 2 1 3 3 3 3 3 3 3 3 3 3 3 3 1 2 2 3 3 3 3 3 3 3 3 4 2 3 3 2 3 2 3 3 3 3 3 3 3 3 3 3 2 3 3 2 3 4 3 3 3 2 3 3 3 1 3 3 3 3 3 3 0 3 2 3 3 3 3 3 3 3 3 3 3 3 3 2 3 3 3 2 4 3 2 3 3 2 4 3 3 3 3 3 3 3 3 3 3 2 3 2 2 3 3 3 2 3 3 3 3 2 2 3 3 3 3 3 3 2 3 2 3 1 2 3 4 2 3 3 4 2 3 3 3 3 2 3 2 3 3 2 3 3 3 3 4 3 3 2 3 3 3 3 3 3 3 3 3 2 3 3 3 2 3 3 3 2 3 3 3 4 2 3 3 3 2 2 3 3 2 2 3 3 3 3 3 2 3 3 2 2 3 2 3 3 2 3 3 2 1 3 2 3 3 3 3 3 2 2 3 3 2 3 3 2 2 3 3 2 3 3 3 3 3 2 3 2 2 3 3 2 3 3 3 3 3 2 3 3 3 3 3 2 3 3 3 3 3 2 1 3 3 3 4 2 3 4 2 3 3 3 3 2 2 
Vertex 298: 3 3 2 3 2 3 4 3 3 3 3 3 2 3 3 2 2 3 3 3 3 2 2 2 4 3 4 3 3 3 3 3 3 3 3 3 3 3 3 3 3 3 3 2 3 3 3 2 3 3 2 3 3 3 2 3 3 2 1 2 3 1 3 3 3 3 3 3 2 1 3 3 3 2 2 4 3 2 3 2 3 3 3 2 3 3 2 3 2 3 3 3 3 3 3 3 4 3 3 3 2 3 2 3 2 3 2 3 3 3 3 3 3 3 3 2 4 3 3 3 3 3 2 3 3 2 3 3 2 3 2 3 3 3 4 4 2 3 3 3 3 3 3 4 3 2 3 3 3 1 3 3 2 3 3 3 3 3 3 3 3 4 3 3 3 3 2 3 3 3 2 3 3 4 3 1 3 3 3 2 2 2 3 3 3 3 2 3 3 4 3 3 2 3 3 2 4 2 3 3 2 3 2 3 3 3 3 2 3 2 4 2 3 2 2 3 3 2 3 4 2 4 2 3 3 3 3 3 3 3 4 3 4 2 3 3 3 2 3 3 4 3 2 3 3 2 3 4 3 3 3 2 3 2 3 3 2 2 3 2 3 3 3 3 3 3 3 3 3 3 3 2 2 3 3 2 2 3 3 3 3 1 2 2 3 3 2 3 3 1 3 2 3 3 1 3 3 3 0 3 3 2 3 3 2 3 3 3 3 3 2 3 2 2 3 3 3 2 3 2 3 2 3 3 2 3 2 1 3 2 3 3 4 2 3 3 3 3 1 3 3 3 3 2 3 3 3 2 3 3 3 1 3 3 3 3 3 3 3 2 2 3 3 2 3 2 3 3 3 3 2 2 3 2 3 3 3 3 2 3 3 3 3 3 3 3 3 3 2 3 3 3 3 3 2 3 4 2 3 2 3 3 3 3 3 3 4 3 3 2 3 3 3 2 3 3 3 3 4 3 3 3 3 3 3 3 3 4 3 2 2 4 2 3 3 2 3 3 3 2 2 3 2 2 2 3 2 3 3 2 3 3 3 3 2 2 3 3 1 3 3 3 2 3 3 3 2 3 3 2 3 3 3 3 3 3 3 2 2 3 3 3 3 3 3 3 3 3 3 3 4 3 3 2 3 3 1 3 2 2 
Vertex 299: 4 3 3 3 3 2 3 2 3 3 3 3 3 2 2 1 2 4 4 3 4 4 3 3 3 3 3 3 2 4 2 3 3 3 3 3 3 3 4 3 2 3 3 3 3 4 3 3 3 3 2 3 3 3 3 2 3 3 2 3 3 3 3 4 4 3 3 3 3 3 2 3 2 3 2 4 4 2 3 3 3 3 3 1 3 3 3 3 3 2 3 4 2 3 3 3 3 3 3 3 3 3 3 3 3 4 3 1 4 3 3 3 2 2 3 2 2 4 3 3 3 1 2 3 3 3 3 3 3 3 2 3 3 1 3 3 3 3 3 3 2 2 3 3 3 3 3 3 3 3 3 3 3 2 3 3 2 3 2 3 3 3 3 3 3 3 3 3 3 3 2 3 2 4 3 3 3 3 2 3 2 3 2 2 2 3 2 3 3 3 2 3 3 1 2 3 3 3 4 3 3 3 3 3 4 3 3 3 3 3 3 3 3 3 3 2 3 3 3 3 3 4 3 3 2 4 3 4 3 2 2 3 3 3 3 3 3 2 3 3 3 3 3 4 3 3 3 3 3 2 3 2 3 2 2 2 3 3 3 3 4 4 2 3 3 3 3 3 3 1 2 3 2 3 3 2 3 3 3 2 3 2 4 2 2 2 3 3 3 3 2 1 3 3 3 3 3 2 3 0 4 3 2 3 3 4 2 2 2 3 3 3 3 3 2 2 1 3 3 3 4 3 3 3 2 3 3 3 3 3 3 2 4 2 3 2 3 3 2 4 3 2 3 2 4 3 4 3 3 3 2 3 3 2 3 3 2 3 3 3 2 4 3 3 3 3 3 3 3 1 3 3 2 3 3 3 3 3 3 2 3 3 3 3 3 3 3 3 2 3 3 3 3 3 3 3 4 3 2 3 3 3 3 3 3 2 3 3 3 3 3 2 3 3 2 2 3 3 3 3 4 3 3 4 3 3 4 4 3 2 3 2 3 3 2 3 3 4 2 3 3 3 3 3 1 4 3 3 2 3 3 2 3 2 3 4 3 3 3 4 3 2 3 3 3 3 3 3 3 3 3 3 3 4 4 2 4 3 3 4 3 3 3 3 3 2 3 3 3 4 2 3 3 3 2 4 4 3 3 3 
Vertex 300: 3 3 2 3 2 4 4 3 2 3 4 4 2 4 4 3 4 3 3 2 3 3 3 2 4 2 3 4 3 4 3 4 3 3 3 3 3 3 3 3 3 2 3 3 2 3 4 2 3 3 3 2 2 3 2 3 1 4 3 2 2 3 4 3 3 3 3 2 2 2 2 3 3 4 3 4 3 3 3 2 3 3 3 3 3 3 4 3 3 3 2 4 3 3 3 2 4 3 3 4 3 3 3 3 2 4 2 3 3 3 3 3 3 3 3 3 2 3 3 3 3 4 4 2 4 3 3 3 3 3 2 3 3 3 3 3 3 3 2 3 3 4 3 3 2 1 4 2 3 3 3 3 4 4 3 3 3 4 3 3 4 3 3 4 3 3 3 3 2 1 3 2 3 3 3 3 4 3 3 2 3 2 3 3 4 4 2 2 3 3 3 2 3 3 4 4 4 3 3 3 3 4 4 4 3 3 3 2 3 3 2 4 3 2 3 3 3 3 3 3 3 4 2 3 3 3 3 2 4 2 3 3 3 3 3 2 4 3 3 3 3 3 3 3 3 2 3 3 3 3 3 2 3 4 3 3 2 3 4 3 3 2 2 3 3 2 3 3 4 3 4 1 3 3 3 3 3 4 3 3 3 2 3 3 3 3 3 3 3 3 4 3 2 3 3 3 3 3 3 4 0 3 4 3 3 3 3 2 2 3 3 3 2 3 3 3 3 3 1 2 3 3 3 3 2 2 3 3 4 3 1 4 3 3 2 3 3 4 3 3 3 4 3 3 3 3 3 3 4 3 3 3 3 3 3 3 3 3 3 3 3 3 3 3 4 3 3 3 3 3 3 3 3 2 4 3 3 3 3 4 4 3 3 3 3 3 4 3 3 3 4 2 3 3 2 3 3 3 3 3 3 4 3 4 3 2 3 3 3 2 2 3 3 3 3 2 3 4 3 3 3 3 3 3 3 3 3 4 3 3 3 3 3 4 4 2 3 4 3 3 3 2 3 3 3 4 3 3 3 3 4 4 3 3 3 2 3 3 3 3 4 4 3 3 3 3 3 3 3 3 2 3 3 4 3 4 2 3 3 3 2 4 3 2 3 3 3 3 2 4 4 3 4 4 3 2 3 3 3 3 
Vertex 301: 2 2 3 3 3 3 3 3 2 3 1 3 2 3 3 4 3 2 3 3 3 3 3 2 3 3 3 3 3 3 1 2 3 4 2 3 4 4 3 3 3 3 4 3 3 3 2 2 3 3 3 3 3 4 3 3 2 2 2 3 2 2 3 2 3 3 3 2 3 3 3 3 3 3 3 3 1 3 3 2 3 3 2 3 2 3 3 3 2 3 3 4 2 3 3 3 3 3 3 3 3 3 2 3 3 2 3 4 2 3 3 3 4 3 3 4 3 3 3 3 2 3 3 3 3 3 4 2 2 3 3 3 3 3 2 3 3 2 3 2 3 3 4 3 3 2 3 3 3 3 3 2 3 3 3 3 3 3 4 3 3 4 3 3 3 2 3 3 2 3 2 3 3 3 2 2 2 3 3 1 3 3 3 3 3 3 3 3 4 4 3 4 3 3 3 2 3 3 3 1 3 3 3 3 3 2 3 3 3 2 3 4 3 3 3 4 4 3 3 2 2 3 2 2 3 3 3 1 3 3 3 4 2 3 3 3 3 2 3 3 3 3 2 3 3 3 3 3 2 3 4 3 2 3 3 2 2 3 3 3 2 3 3 3 3 2 2 3 3 3 4 2 3 3 2 3 3 2 3 3 3 3 3 4 3 3 3 4 3 3 3 3 3 3 3 3 3 3 2 3 3 0 3 2 3 3 3 3 3 2 3 3 3 2 3 3 4 4 3 3 3 3 2 3 3 3 3 3 3 3 4 2 4 2 3 3 3 3 3 3 3 3 3 2 3 3 2 2 3 3 4 1 4 3 3 3 4 3 3 3 3 3 3 2 1 2 2 3 3 3 3 2 2 3 3 3 3 3 3 2 3 3 3 4 4 3 3 4 2 3 3 3 3 3 3 3 3 3 3 3 3 4 3 3 4 4 2 3 3 3 3 2 4 3 3 3 3 3 3 3 1 4 3 2 3 3 3 4 4 2 3 4 3 3 3 3 3 4 4 3 4 3 3 3 3 3 3 3 3 2 4 3 3 3 1 2 3 3 3 3 3 3 4 3 2 3 2 3 2 2 1 3 3 4 4 2 3 3 3 4 3 3 3 3 3 2 3 3 3 4 2 4 3 4 3 3 3 3 3 3 
Vertex 302: 3 4 3 3 3 2 4 3 4 3 3 2 3 2 2 3 3 3 3 3 3 2 3 3 4 3 3 3 3 2 3 3 2 3 3 1 3 3 3 3 3 3 2 3 3 4 3 3 3 3 3 3 3 3 3 3 3 3 4 2 3 3 3 3 2 3 3 4 4 3 3 3 3 3 3 3 3 2 3 3 3 3 2 2 3 3 3 3 3 3 2 4 3 3 3 3 3 2 3 3 3 4 3 2 3 3 3 1 4 3 3 4 3 3 4 1 3 2 3 3 3 3 2 4 2 3 4 3 3 4 3 3 2 3 3 2 3 3 3 2 3 3 4 3 4 3 3 3 3 3 3 2 2 3 3 3 3 3 4 3 3 3 3 3 3 3 3 3 3 4 3 3 3 3 3 2 3 2 3 3 3 3 2 4 3 4 3 3 3 3 3 3 2 2 3 3 3 3 4 3 3 3 4 2 3 3 2 3 2 3 2 3 3 3 3 3 2 3 3 3 3 4 4 3 2 2 3 4 3 2 3 3 3 3 3 4 4 3 3 3 3 3 3 2 3 3 3 3 4 4 3 3 2 1 2 3 3 2 2 3 3 3 3 2 3 3 3 3 3 2 2 3 2 3 3 3 3 4 3 2 3 3 3 2 3 3 3 3 3 2 3 3 3 2 2 4 3 3 3 2 4 3 0 3 3 3 3 2 2 3 3 2 3 3 2 2 3 3 3 3 3 4 3 4 2 3 3 2 3 4 3 3 4 2 4 3 2 3 3 3 3 3 2 3 4 3 3 3 3 3 2 3 3 3 3 3 2 3 4 3 3 4 2 3 4 1 3 3 2 3 3 3 3 3 2 3 3 3 3 3 3 3 4 3 4 1 2 3 3 3 3 3 4 3 3 4 4 2 3 2 3 3 3 2 3 3 3 3 2 2 3 2 3 3 3 2 3 3 4 4 3 3 3 3 3 3 3 3 2 3 2 1 3 1 4 3 3 3 3 3 3 3 2 3 3 3 3 3 2 3 3 3 3 3 4 4 3 3 2 4 1 3 2 3 3 3 3 2 3 3 2 3 4 3 3 3 3 3 3 2 2 2 3 4 2 2 3 3 2 3 3 2 3 3 3 3 4 3 4 2 
Vertex 303: 3 3 3 2 2 3 3 3 2 3 2 2 3 3 3 3 3 3 3 3 3 4 3 3 3 3 3 3 1 3 3 4 3 2 3 3 2 3 2 3 3 3 4 3 3 3 2 2 2 3 3 3 3 3 3 3 3 3 2 1 3 2 2 3 3 3 3 3 3 3 3 2 3 3 3 3 2 3 3 2 3 3 3 4 3 3 3 2 3 3 3 3 4 3 2 3 3 3 3 3 3 3 3 3 3 2 3 3 3 3 3 3 3 3 2 2 3 3 3 3 2 3 3 2 4 4 3 3 3 4 3 3 3 2 3 3 2 3 3 2 2 3 3 2 3 3 3 4 3 3 3 3 3 3 4 2 3 2 3 3 3 3 3 3 3 3 3 3 3 3 3 3 2 3 3 3 1 3 2 3 2 3 3 3 3 3 2 3 4 4 3 2 3 3 2 2 2 3 1 3 3 3 1 3 4 3 2 3 3 3 4 4 3 2 3 3 3 3 3 3 2 3 2 4 3 3 4 3 3 2 3 3 3 3 4 2 4 2 3 3 3 3 3 3 3 3 3 3 3 3 3 3 3 3 3 3 3 3 4 3 2 3 4 3 2 2 3 2 3 2 2 2 3 2 2 2 3 3 3 3 4 3 3 2 2 3 3 3 3 3 2 3 3 3 2 3 4 3 3 3 3 2 3 0 3 3 3 3 3 2 3 3 3 3 2 3 3 3 2 1 4 3 3 4 3 3 1 3 2 3 2 3 3 3 2 1 3 3 2 3 2 3 4 3 3 3 3 2 3 3 3 3 3 2 3 3 3 4 4 2 4 3 3 3 3 4 3 3 3 2 3 3 3 3 4 2 3 3 3 3 3 3 3 2 3 3 3 3 2 3 3 3 3 2 3 3 3 3 3 2 4 3 3 3 3 3 3 2 4 3 2 3 2 3 3 3 3 3 2 2 3 4 3 3 3 3 4 4 3 2 1 3 4 3 3 2 3 3 2 2 3 3 2 3 3 3 3 3 3 3 3 2 4 3 1 3 2 3 2 3 3 2 3 3 3 2 3 3 4 3 3 3 3 4 2 1 3 3 2 3 3 3 3 3 3 3 2 3 3 4 3 2 3 3 3 3 3 3 3 3 
Vertex 304: 4 3 3 3 3 3 4 3 4 2 3 3 3 3 3 3 3 3 2 3 3 2 3 2 2 3 4 3 3 2 3 3 3 3 3 3 3 3 3 3 4 3 3 3 3 3 2 3 2 2 2 3 3 3 3 3 3 3 3 3 3 3 3 3 3 3 3 3 3 3 2 3 3 3 3 3 4 3 4 3 3 2 3 3 2 3 3 3 2 3 3 3 3 3 3 3 4 3 2 3 3 3 3 3 3 3 1 3 2 3 3 3 3 3 4 3 4 3 2 3 3 4 4 3 4 2 1 4 3 2 3 3 4 3 3 3 3 3 2 1 3 3 3 3 3 3 3 3 2 3 2 2 3 3 3 2 3 3 3 4 3 3 3 3 4 2 3 2 3 3 2 3 4 3 3 2 3 3 2 3 3 3 3 4 3 3 3 2 3 4 2 4 3 3 2 3 2 3 3 4 3 2 3 3 3 3 3 4 3 3 2 3 3 3 3 3 4 3 4 2 3 3 2 3 3 2 2 3 3 3 3 3 2 3 4 3 3 3 3 3 4 3 3 3 3 3 3 3 3 2 3 4 3 3 3 3 3 3 4 3 3 3 3 3 3 3 3 2 3 3 3 3 3 2 4 3 4 3 4 3 3 3 3 4 3 3 2 3 1 3 3 2 3 2 3 4 3 3 2 3 3 3 3 3 0 3 2 2 2 2 3 3 3 3 3 2 3 3 2 3 2 2 2 3 2 3 3 1 3 3 3 3 4 3 3 3 3 1 3 3 3 3 2 3 2 3 3 3 3 3 3 2 2 2 3 3 2 3 3 2 2 3 3 3 3 2 3 3 3 3 3 3 4 3 3 3 3 3 3 3 4 3 2 3 2 3 3 3 3 3 3 1 2 2 3 3 4 2 1 3 4 4 4 2 3 3 3 3 3 3 3 3 3 2 3 3 3 3 2 4 2 3 3 2 2 3 3 3 3 3 3 4 2 3 4 3 3 3 4 3 3 3 3 3 3 2 2 2 3 3 2 3 3 3 4 2 3 3 3 2 2 3 3 3 3 3 4 3 3 3 3 2 2 1 4 3 2 3 2 4 3 3 3 3 3 2 2 3 3 3 3 3 2 3 3 3 3 3 2 3 
Vertex 305: 4 3 2 3 3 3 2 3 3 3 2 3 3 3 3 3 3 2 3 3 3 3 2 2 3 3 3 3 3 2 3 3 3 3 2 3 3 3 3 3 3 2 3 3 3 3 3 1 2 3 3 3 4 3 3 4 2 3 3 2 3 3 2 3 2 2 3 3 3 2 3 3 3 3 3 3 4 3 3 3 2 3 3 3 3 3 3 3 3 3 3 3 2 4 2 2 3 2 3 3 3 1 3 3 1 3 3 3 3 2 2 3 3 3 3 3 4 3 2 4 2 4 2 4 4 4 3 3 2 2 3 2 3 3 3 3 3 2 2 3 3 3 2 3 2 3 4 3 2 2 2 3 3 3 4 3 3 3 3 2 4 3 2 2 3 3 3 3 3 2 2 3 3 3 3 2 3 3 2 3 3 3 4 4 3 4 3 3 3 4 2 3 3 3 3 3 2 1 3 4 3 3 3 1 3 1 2 3 4 3 3 3 2 3 3 3 3 3 2 3 3 3 3 3 3 3 3 3 3 3 3 3 3 1 3 3 2 3 3 1 3 3 3 3 2 3 3 3 2 4 3 3 3 3 2 3 3 3 2 3 4 3 3 2 3 4 2 3 3 4 3 3 4 3 3 3 4 4 3 2 3 3 2 2 3 3 3 2 3 2 3 3 2 3 2 4 3 3 3 4 3 3 3 3 3 0 3 3 3 2 3 3 3 3 2 3 3 3 3 3 3 3 2 3 3 3 3 3 3 3 3 3 2 3 2 2 2 3 2 2 3 3 3 3 3 2 3 3 3 3 3 2 3 3 3 1 3 3 4 3 4 3 3 2 3 2 1 4 3 3 3 3 3 2 3 3 3 2 3 4 2 4 3 2 3 3 2 3 2 3 4 2 3 3 3 4 3 3 3 2 4 4 3 3 2 4 3 3 3 3 2 3 3 3 3 3 3 1 3 4 3 3 3 3 2 3 3 2 2 2 3 3 2 3 2 3 3 1 3 3 3 2 3 3 3 3 3 2 3 3 3 3 2 3 4 3 3 2 3 4 3 4 3 3 3 4 3 3 4 3 3 3 3 4 2 3 3 4 2 3 3 3 2 4 2 2 2 3 3 4 3 3 3 2 2 3 3 3 3 2 
Vertex 306: 3 3 3 3 3 3 3 3 3 2 3 3 3 3 1 2 2 4 3 3 3 3 3 3 4 3 4 3 2 3 3 3 3 2 2 4 2 3 3 3 3 3 3 3 2 3 3 3 3 2 3 3 3 3 3 3 3 3 3 2 3 3 3 3 3 2 3 3 3 4 3 3 2 3 3 4 2 2 3 3 1 2 3 3 2 3 2 2 3 3 3 3 3 3 3 4 3 3 3 3 3 3 3 1 3 3 1 2 3 3 3 2 3 3 3 3 4 2 3 3 3 3 3 2 3 3 2 3 3 3 3 3 3 1 3 4 3 3 1 3 2 2 3 3 3 3 3 2 3 3 2 3 2 4 4 1 3 2 3 3 2 3 3 3 3 2 3 3 3 3 3 3 2 3 3 2 2 2 3 3 3 2 3 3 3 3 2 2 3 4 3 2 3 3 3 3 3 3 3 3 4 3 3 3 3 3 3 3 2 3 3 2 2 3 3 3 2 3 2 3 3 3 4 3 2 3 3 4 4 3 1 3 3 3 3 3 3 2 3 2 3 3 3 3 3 3 3 3 3 2 4 2 3 3 3 2 3 3 3 3 3 3 2 2 3 3 3 3 3 3 1 3 3 3 3 3 3 3 3 2 3 3 3 3 3 3 2 3 3 3 2 3 2 2 3 3 3 3 3 2 3 3 3 3 2 3 0 2 3 3 4 3 2 3 3 3 3 4 3 3 3 4 2 3 2 4 3 3 3 1 3 2 3 3 2 2 3 3 2 3 2 3 3 2 3 3 2 2 3 3 3 2 2 3 2 2 2 3 3 3 3 4 3 3 2 3 3 2 3 2 3 3 2 3 2 3 3 3 3 3 3 3 3 3 3 3 3 3 2 1 2 3 2 3 3 3 3 3 2 3 3 2 3 3 3 3 1 3 3 2 3 3 3 2 3 2 3 3 4 3 4 1 2 2 3 2 3 2 3 1 3 2 3 3 3 3 3 2 3 3 2 3 2 3 3 3 3 3 2 3 2 3 2 2 3 3 3 4 3 3 3 2 4 3 3 2 3 3 3 3 3 3 3 3 3 3 3 3 3 3 3 2 2 3 3 2 3 3 3 3 3 3 2 3 3 3 4 3 3 2 
Vertex 307: 3 2 3 1 3 3 4 2 2 4 2 2 3 2 2 3 2 3 3 2 2 3 2 3 2 3 3 2 3 2 3 3 1 2 3 3 3 3 3 3 2 3 3 3 3 3 2 3 3 3 2 2 3 4 3 2 3 2 3 2 3 3 3 3 3 3 3 2 3 3 2 3 3 3 4 4 2 2 3 2 3 3 3 3 3 3 3 3 3 3 3 4 3 3 3 2 4 3 3 3 3 2 3 3 3 3 3 1 2 3 3 3 3 1 3 2 2 3 2 3 1 2 3 3 3 3 3 3 2 2 3 3 3 3 3 3 3 3 3 3 3 3 3 3 3 3 3 3 2 3 3 3 3 3 4 3 3 2 3 3 4 3 3 2 3 3 3 2 2 3 1 2 4 2 2 3 3 2 3 2 3 2 2 3 3 3 3 3 3 4 3 3 3 3 3 3 2 2 3 3 3 3 2 2 3 3 3 2 4 3 3 3 3 3 3 3 3 2 4 3 3 3 3 2 2 2 3 2 2 3 3 3 3 3 3 4 3 3 2 3 4 2 3 3 3 3 3 3 3 3 3 3 1 3 2 3 3 2 3 3 3 3 2 3 3 1 3 2 3 2 3 1 3 3 3 2 3 3 3 2 3 2 3 2 3 3 3 3 1 2 4 2 3 2 3 3 3 3 3 2 2 3 2 3 2 3 2 0 2 2 3 3 2 2 2 3 3 3 3 2 2 3 2 3 3 4 3 3 3 3 2 2 3 2 3 3 2 2 3 2 2 3 3 3 3 3 3 3 3 3 3 2 3 3 3 2 3 3 2 3 3 3 3 3 3 3 3 3 4 3 3 3 3 1 3 3 3 3 2 3 3 3 2 3 3 2 4 2 3 3 3 3 2 3 3 4 4 2 3 3 3 3 4 2 2 3 1 3 3 2 2 3 3 3 3 2 3 3 2 2 3 3 3 3 2 3 3 3 3 3 2 3 2 3 3 2 2 3 3 2 2 2 3 3 3 2 3 3 3 3 3 3 2 3 3 2 1 2 3 2 2 4 3 3 3 2 3 3 3 3 3 3 3 3 3 3 3 4 3 2 3 3 3 3 3 3 3 2 3 3 4 3 3 3 2 4 3 3 2 2 
Vertex 308: 2 3 2 2 3 2 3 1 3 3 3 3 3 2 2 2 3 3 3 2 2 3 3 1 2 3 4 3 3 3 3 2 3 3 3 2 2 3 3 3 3 2 2 3 3 3 2 3 3 2 2 2 2 3 3 3 3 3 2 2 3 3 3 3 3 3 3 3 3 3 3 3 3 3 3 3 3 2 3 2 2 3 3 3 3 3 3 3 2 3 3 2 3 3 3 3 3 3 4 3 3 3 3 3 3 3 3 1 2 3 3 3 3 3 3 2 3 3 3 3 3 2 3 3 4 3 3 2 3 3 2 3 3 3 3 2 1 3 3 2 2 2 3 3 3 2 3 3 3 3 3 3 2 3 4 3 2 3 3 3 4 3 3 3 3 2 2 3 2 2 3 2 3 3 2 3 3 3 3 2 1 3 3 2 3 4 2 3 3 3 3 3 3 2 3 3 3 3 3 3 3 3 3 2 3 3 2 2 3 3 2 4 3 2 3 3 3 3 3 2 2 3 3 3 2 3 2 2 3 3 2 3 1 2 3 3 3 3 3 3 3 1 3 2 2 3 3 3 2 3 3 3 2 3 2 2 3 3 4 3 3 3 1 3 3 3 3 3 3 3 3 1 3 2 3 3 3 3 4 2 3 2 2 2 2 3 3 3 1 3 2 3 2 3 2 3 2 3 3 2 2 3 2 3 2 3 3 2 0 2 3 3 2 3 1 1 2 4 3 2 2 3 2 3 3 3 2 2 2 3 3 3 3 3 2 3 3 2 3 3 3 2 3 3 3 3 2 3 2 3 3 3 3 3 3 2 3 3 3 3 3 3 3 3 3 3 2 3 3 2 3 2 3 2 3 2 3 3 2 3 3 3 2 3 4 3 3 3 3 3 3 3 2 3 3 3 3 3 3 3 2 3 3 3 3 3 3 3 3 2 2 3 2 3 2 2 3 3 2 3 3 3 3 3 2 2 3 4 1 3 3 3 2 3 3 3 3 3 3 2 3 2 3 3 3 3 3 2 3 2 3 3 3 4 3 2 2 3 2 3 3 2 3 2 3 3 3 4 3 2 2 2 2 3 3 2 3 3 3 3 3 2 2 3 3 3 2 3 3 3 3 2 3 3 3 3 3 3 3 3 
Vertex 309: 3 3 3 3 3 3 3 3 3 2 3 2 3 3 3 3 3 2 3 3 3 3 3 3 2 3 3 3 2 4 3 4 3 4 2 4 4 3 3 2 3 2 3 3 2 3 2 2 3 3 2 3 3 3 3 3 3 3 3 3 2 3 2 1 1 2 3 3 3 2 3 2 3 1 3 3 2 3 3 2 3 3 3 3 3 3 3 1 3 3 2 3 3 4 3 3 2 3 3 3 3 3 2 4 2 2 3 3 2 3 3 2 3 2 3 2 3 3 3 2 2 3 3 3 2 3 3 3 2 3 3 3 3 3 3 3 3 3 3 3 2 1 3 3 2 3 2 3 3 3 3 3 3 3 3 3 3 3 4 3 3 3 3 3 3 3 3 3 3 3 2 3 2 3 3 2 3 2 3 3 3 3 3 3 2 2 3 3 3 2 4 3 3 3 2 2 4 1 3 3 3 2 1 3 3 3 2 3 3 3 4 3 3 3 3 3 3 3 3 3 2 3 4 3 2 3 3 3 3 3 3 3 3 3 3 3 4 2 1 3 2 3 2 4 3 3 3 3 3 3 4 3 3 3 3 2 3 3 2 3 3 3 2 3 3 2 3 3 3 3 2 3 2 3 3 3 2 3 2 3 2 3 2 4 2 3 2 2 1 3 3 2 3 4 2 2 3 3 3 3 3 2 3 2 2 2 3 2 2 0 1 3 3 3 3 2 3 2 3 3 2 3 2 3 3 3 3 3 3 3 3 2 3 3 2 1 3 3 2 3 3 3 3 3 3 2 3 2 2 3 3 3 2 2 3 3 3 3 3 3 3 2 3 4 1 4 3 2 3 2 3 3 3 2 3 3 3 3 3 3 3 3 2 2 4 3 3 3 3 3 3 3 2 2 3 3 3 2 3 3 3 4 3 3 3 3 3 3 3 3 3 2 4 3 1 3 2 3 2 3 3 2 3 3 3 3 3 4 3 2 2 3 3 3 2 4 3 3 3 3 3 3 4 3 2 3 3 3 3 3 3 3 3 3 3 2 3 2 2 3 3 2 3 3 3 3 2 3 3 3 3 2 3 3 3 3 3 3 2 3 3 3 3 3 3 3 3 3 3 3 2 3 3 3 2 2 2 3 3 3 
Vertex 310: 4 4 2 3 3 3 4 3 4 3 3 3 2 4 4 3 3 3 3 3 3 4 3 3 3 3 4 4 3 4 4 4 3 3 3 3 3 3 3 3 4 3 3 3 3 3 3 3 4 4 3 3 2 4 3 3 3 3 3 3 3 3 3 2 2 3 3 4 3 3 3 3 3 2 3 4 3 3 3 3 4 3 2 3 3 3 2 2 3 4 3 3 3 3 4 3 3 3 3 4 2 4 3 4 2 3 3 4 3 4 4 3 3 3 4 3 4 2 3 3 3 4 2 3 3 2 3 3 3 4 3 4 4 3 3 4 2 3 4 4 3 2 2 2 1 3 1 3 2 3 3 3 3 3 3 3 3 4 4 4 4 3 3 3 4 2 2 3 3 2 3 3 3 4 3 3 3 3 2 3 3 3 4 3 3 3 3 4 2 3 3 3 3 3 2 3 4 2 3 3 2 3 2 3 3 2 3 2 3 2 4 4 3 3 3 3 4 2 3 4 3 4 3 4 3 3 3 4 3 3 3 3 4 4 4 3 3 3 2 3 3 4 3 3 3 2 3 4 4 3 3 2 4 2 4 3 3 3 3 4 4 3 3 3 3 3 4 3 3 3 3 3 3 3 2 4 3 4 3 4 3 3 3 4 3 3 3 3 2 3 2 3 3 4 1 3 3 3 2 3 3 3 3 3 3 3 4 3 3 1 0 3 3 2 3 3 4 3 2 3 2 3 2 3 3 3 2 3 3 3 4 3 3 3 3 2 3 3 3 3 3 3 3 3 4 3 3 3 3 3 4 3 3 3 3 3 3 4 3 3 3 3 3 3 2 3 3 3 3 3 3 3 3 3 3 3 3 2 3 3 4 3 3 3 3 4 4 3 3 3 4 3 3 3 3 3 3 3 3 3 3 4 4 3 3 3 4 3 4 3 3 2 3 3 2 3 3 4 2 3 3 3 3 3 3 3 4 4 4 3 3 4 3 3 1 3 3 4 3 2 4 3 3 3 2 3 3 3 4 2 4 3 3 3 3 3 3 3 3 2 3 2 4 4 3 4 3 4 3 3 3 3 2 4 4 4 4 3 3 3 4 3 3 3 4 3 4 3 4 3 3 3 3 2 3 1 1 3 3 3 
Vertex 311: 2 3 2 3 3 4 3 2 3 2 2 3 2 3 3 3 3 3 3 3 3 3 3 3 3 3 3 3 3 2 3 3 3 2 1 3 4 4 3 3 3 3 2 3 3 3 3 3 3 3 4 2 3 2 1 4 2 3 3 3 3 3 3 3 3 3 3 2 3 3 3 2 3 4 3 3 3 4 2 2 3 3 2 3 3 2 3 4 3 3 3 4 2 3 3 2 3 3 3 3 4 3 3 3 3 3 2 3 2 2 4 3 3 3 3 3 3 3 3 3 3 4 3 3 4 3 3 3 3 2 3 3 3 3 3 3 3 3 3 3 3 4 3 4 3 2 3 4 3 4 3 4 3 3 4 2 3 3 3 3 4 2 3 2 3 3 3 4 1 3 3 3 3 4 2 2 3 3 2 3 3 3 3 3 3 3 3 3 4 1 3 3 3 2 2 3 3 3 4 2 3 4 3 3 3 3 3 2 2 3 4 4 4 3 2 2 3 4 4 3 2 2 4 3 3 2 3 3 3 3 3 3 4 3 3 2 4 3 3 2 3 3 3 4 3 3 4 4 3 3 3 3 3 3 3 3 3 1 3 3 3 3 3 3 3 3 3 2 3 3 3 2 3 2 2 3 2 3 3 3 3 3 3 3 3 3 3 3 2 3 2 3 3 3 3 3 2 3 3 3 3 3 2 3 3 3 3 3 3 3 3 0 3 3 3 3 4 4 3 2 3 3 1 4 3 3 3 3 3 3 3 3 3 3 2 3 3 3 2 3 4 1 3 3 3 3 3 3 4 3 4 3 3 2 3 4 2 3 3 2 3 4 2 3 2 2 2 3 3 2 3 3 3 3 3 2 2 3 3 3 2 3 2 3 3 3 4 3 3 3 4 3 2 3 2 3 3 3 3 4 3 2 4 3 3 4 4 1 4 3 3 3 3 2 2 3 3 3 2 3 4 3 3 3 3 3 2 4 3 3 3 3 3 3 3 4 3 3 3 2 3 3 4 3 3 3 3 3 3 3 3 2 4 3 3 3 2 3 3 3 3 3 3 3 3 3 3 3 2 3 3 3 2 4 2 3 3 3 3 3 3 3 3 3 3 2 3 3 3 3 3 4 4 3 4 4 3 3 3 2 
Vertex 312: 3 3 3 3 2 3 3 3 3 3 3 3 3 3 3 3 2 3 3 2 2 3 3 3 3 3 3 3 3 4 3 3 3 3 3 4 3 3 3 2 2 3 3 2 2 3 2 2 3 2 3 2 2 3 3 2 3 2 3 3 3 3 3 3 3 2 3 3 3 3 3 3 3 4 2 4 3 3 3 3 3 2 3 2 2 3 3 2 3 3 3 3 3 4 2 2 3 3 2 3 3 3 3 2 3 3 2 3 3 3 3 3 2 2 3 4 3 3 3 3 3 3 3 3 3 3 4 2 3 3 3 3 3 2 2 2 3 3 3 3 3 3 3 3 3 3 3 2 3 2 3 3 2 4 3 3 3 3 3 3 4 2 3 3 3 2 3 3 2 3 2 2 4 3 2 3 2 3 3 2 3 2 3 3 3 4 3 3 3 3 3 3 3 3 3 3 3 3 3 3 3 2 3 3 3 3 2 2 3 1 3 4 2 3 2 2 3 3 2 3 3 4 2 2 2 3 3 4 3 3 2 2 3 3 3 3 3 3 3 2 4 3 3 3 3 2 3 3 2 1 4 3 3 3 3 3 3 3 3 2 3 2 3 1 2 3 2 2 3 2 3 1 3 3 3 1 3 3 3 3 1 1 3 3 3 2 3 2 3 3 3 2 3 3 3 4 3 2 2 3 2 3 3 3 3 3 2 2 2 3 3 3 0 3 3 3 2 3 3 2 4 3 3 3 3 3 2 3 3 2 3 3 3 2 3 3 3 3 2 2 2 3 3 3 1 3 3 3 4 3 3 2 2 3 2 4 3 3 1 3 2 3 3 3 2 4 3 3 3 3 3 3 2 2 3 2 3 3 3 2 3 3 3 4 3 2 3 3 2 3 3 3 3 3 3 2 3 3 3 3 3 3 3 4 3 3 2 3 3 2 2 3 2 2 2 2 1 3 3 2 3 3 4 3 3 2 3 3 3 1 3 3 2 2 4 3 1 3 4 2 2 2 3 2 3 3 3 3 3 2 3 2 3 3 4 3 3 3 3 3 3 3 2 2 3 1 2 3 3 3 3 3 2 2 4 3 4 3 3 3 3 3 2 3 1 2 3 2 3 4 3 3 2 3 3 2 3 1 2 3 
Vertex 313: 3 3 3 3 3 3 3 3 3 3 2 3 2 3 3 2 3 3 1 2 2 2 3 3 3 3 3 3 3 3 3 3 3 3 3 3 3 2 3 2 3 3 4 3 3 3 3 3 3 3 2 2 3 3 3 3 3 2 2 2 3 3 2 3 3 3 3 3 3 1 3 3 3 3 3 4 3 3 4 3 3 4 3 3 2 3 2 4 3 4 3 4 3 3 3 4 4 3 3 3 2 3 3 3 2 3 2 3 3 3 3 2 3 3 3 2 3 3 2 3 1 3 3 3 3 2 2 2 3 3 3 3 3 3 3 3 3 1 3 3 3 3 2 4 3 2 3 3 3 3 3 2 2 3 3 3 3 3 3 2 4 3 3 3 3 3 2 3 3 3 3 2 3 4 2 2 3 2 3 1 3 3 3 2 3 3 3 3 3 3 2 3 3 3 3 3 3 2 3 3 3 3 2 3 1 2 3 3 3 3 3 4 4 2 2 3 3 3 3 3 2 3 2 2 2 2 3 3 2 3 3 3 4 4 3 2 3 3 3 2 4 3 2 3 3 3 3 4 2 3 3 3 3 3 3 2 1 2 3 3 2 3 3 3 3 3 3 2 3 3 3 2 3 3 2 2 3 3 3 2 2 3 3 3 3 3 2 3 2 3 2 3 3 3 3 3 3 3 2 3 3 2 3 3 3 3 3 2 3 3 2 3 3 0 3 2 4 4 2 2 3 3 2 2 3 3 4 3 3 2 3 3 3 3 3 4 2 3 1 3 2 3 3 2 3 3 2 3 3 3 3 3 3 3 3 2 3 3 4 2 3 3 3 3 3 3 3 3 3 3 3 3 3 2 3 3 3 3 2 3 3 3 2 3 3 3 3 3 2 3 2 2 2 1 3 3 3 3 2 3 3 3 3 2 3 3 3 2 3 3 3 3 3 1 2 3 3 3 3 4 2 4 3 2 1 3 3 3 3 3 3 3 3 3 1 3 2 2 3 2 3 3 3 3 2 3 3 3 4 3 3 3 3 3 3 3 3 2 2 3 3 3 2 3 3 2 3 4 3 2 3 3 3 2 3 3 3 3 4 3 2 4 3 3 3 2 3 3 3 3 2 3 3 3 3 3 3 3 3 2 
Vertex 314: 3 3 1 1 2 1 3 2 3 2 2 3 2 2 3 2 2 3 2 3 3 3 2 2 3 3 3 2 2 2 3 3 2 3 3 3 2 3 2 3 3 3 2 3 3 3 3 2 3 1 3 3 3 2 2 2 2 3 3 1 2 3 3 3 3 3 3 3 2 2 3 2 3 3 2 3 3 3 3 3 3 3 2 3 3 2 3 3 3 2 3 3 2 3 3 3 3 3 3 3 2 3 3 3 2 3 3 2 2 3 3 3 2 3 3 1 2 2 2 3 2 3 3 2 4 3 3 3 2 3 3 2 3 3 3 2 2 3 3 2 3 3 3 3 3 2 3 3 3 3 3 3 2 3 3 2 3 3 3 2 3 3 3 3 3 3 1 2 3 2 2 3 2 2 3 3 3 3 3 3 2 2 3 3 3 3 3 3 2 3 3 3 3 2 3 3 2 3 3 4 3 4 3 1 3 3 3 3 3 3 3 3 2 1 2 3 2 2 3 3 3 3 3 3 3 3 3 3 3 3 2 2 2 1 3 3 4 3 3 2 3 2 3 2 2 3 3 3 3 2 2 2 3 3 3 2 3 3 3 3 3 2 2 3 3 3 2 2 3 2 2 2 3 2 2 2 3 3 3 3 3 3 2 2 1 2 2 3 2 2 3 2 1 3 2 3 3 3 3 2 3 3 2 2 3 2 3 2 1 3 3 3 3 3 0 2 1 3 3 2 3 3 3 3 3 3 3 3 3 3 2 3 2 2 3 3 3 3 3 2 2 3 3 3 2 3 3 3 3 3 2 2 2 2 2 3 2 3 3 2 2 2 3 2 3 2 3 3 2 3 3 3 2 3 3 2 3 3 3 3 2 2 3 2 3 2 3 4 3 3 3 3 2 3 3 2 3 3 3 2 3 3 3 3 2 3 3 3 3 3 3 4 2 3 2 3 3 3 3 2 3 2 3 3 3 3 3 4 2 3 2 3 3 3 3 2 3 3 2 2 2 3 3 2 3 3 3 2 3 1 3 3 3 3 3 3 3 3 2 2 3 3 3 3 3 3 3 3 3 2 3 2 3 3 2 1 3 3 3 3 3 3 1 3 2 3 2 3 2 3 2 3 3 3 2 3 2 3 3 2 
Vertex 315: 3 3 3 3 3 3 3 2 3 2 2 3 3 3 3 2 3 2 2 1 3 3 2 2 3 4 3 3 2 3 3 3 3 3 3 3 3 3 3 2 3 3 3 3 3 3 3 3 2 2 3 2 3 3 3 3 3 2 3 3 3 3 3 3 3 3 3 3 2 2 3 2 2 2 2 2 3 3 3 3 3 3 3 3 2 3 2 3 3 3 3 3 3 4 3 2 3 3 3 3 3 3 3 3 3 3 3 2 3 3 2 3 3 3 2 3 3 2 3 2 3 3 3 3 3 3 3 3 4 3 3 2 3 3 2 2 2 3 3 1 2 1 2 3 3 3 2 2 3 3 2 2 3 2 3 3 1 3 3 3 3 3 3 3 3 3 3 3 3 2 3 3 2 3 3 3 3 2 3 3 2 2 2 3 3 3 2 3 4 3 3 3 3 3 3 3 3 3 3 3 3 3 3 3 3 2 3 2 2 3 3 3 2 1 2 2 3 3 3 1 2 4 3 2 3 2 3 3 3 3 2 3 2 3 3 3 4 2 2 4 3 2 3 3 3 3 3 2 3 3 3 3 3 3 3 2 3 3 3 3 3 3 2 3 2 3 3 2 2 2 2 2 3 2 2 3 2 2 3 2 2 3 2 3 1 3 2 3 2 3 3 2 3 3 3 3 3 3 3 2 3 3 2 3 2 3 3 3 1 2 3 3 3 2 2 0 3 4 2 2 3 3 3 3 3 3 2 3 3 3 3 2 3 2 2 2 2 3 2 3 2 3 3 4 3 3 3 3 1 2 3 3 2 3 3 3 3 2 3 3 3 2 3 3 3 3 3 3 3 1 2 3 3 2 3 3 3 3 3 2 3 3 3 3 4 3 3 4 3 3 3 2 3 3 3 2 3 4 3 2 3 3 3 3 3 3 4 3 3 3 3 2 3 3 2 3 3 3 3 3 2 2 2 3 1 3 3 3 2 4 3 3 2 3 3 3 3 2 2 3 3 3 3 2 3 2 3 2 3 3 3 3 2 3 3 3 3 3 3 3 2 1 2 2 2 4 4 3 2 2 3 1 3 3 3 3 3 3 2 3 3 3 2 3 3 2 3 3 3 3 2 3 2 3 2 3 4 2 3 3 
Vertex 316: 3 3 2 2 2 2 2 3 3 3 3 4 3 3 3 2 3 3 3 3 3 3 3 3 3 4 3 3 3 3 3 3 3 3 3 3 3 3 3 3 3 3 3 4 2 3 3 3 3 2 3 4 3 3 3 1 3 2 3 2 3 3 3 3 4 3 3 4 3 3 2 3 2 3 3 4 3 3 3 3 3 4 3 2 3 3 2 3 3 2 3 4 3 3 3 3 3 3 3 4 3 4 3 4 3 3 2 2 3 3 4 3 3 3 4 2 1 3 3 4 3 2 3 3 3 2 3 3 2 3 3 2 3 2 3 2 3 3 3 3 3 3 3 4 4 3 4 3 4 3 2 4 2 3 4 3 2 3 3 2 4 3 3 4 3 2 2 3 3 3 3 3 2 3 3 3 3 3 3 3 3 3 3 3 3 3 3 3 3 4 3 3 3 2 3 3 3 2 4 4 4 3 4 2 4 3 3 3 3 3 4 3 3 2 3 3 3 3 3 3 3 3 3 4 3 3 3 3 4 2 3 2 3 2 3 3 3 2 3 3 4 3 4 3 3 3 2 3 3 1 3 2 2 3 3 2 3 4 4 3 4 3 3 3 2 2 3 3 4 2 3 3 3 3 3 3 3 4 4 3 2 2 3 3 2 1 2 4 3 3 3 2 2 2 3 3 3 2 3 1 3 4 3 3 3 3 3 3 2 3 4 4 2 4 1 3 0 3 3 3 4 2 3 3 3 4 3 2 3 3 3 2 3 3 3 3 3 3 3 3 3 3 3 3 3 3 3 4 3 3 1 3 3 3 3 3 3 3 3 3 1 3 2 3 3 3 4 4 3 2 3 3 3 3 4 3 4 4 3 3 3 3 2 3 2 3 3 3 3 3 3 3 2 3 3 3 4 3 3 2 3 2 3 3 2 3 4 3 3 3 2 3 3 3 3 2 3 4 4 3 4 3 3 3 4 2 3 3 3 2 3 2 3 3 3 3 3 3 3 3 3 4 2 3 2 3 3 3 3 2 3 3 2 2 4 4 4 4 3 3 3 3 3 2 3 3 3 2 3 3 4 3 2 4 3 2 3 3 3 3 3 4 2 3 3 3 3 2 3 3 3 3 4 3 1 3 3 3 3 3 
Vertex 317: 4 3 4 3 3 3 4 3 4 4 4 3 4 3 4 4 4 4 3 3 4 4 2 3 2 4 4 4 3 3 4 3 3 3 3 3 3 3 3 3 3 3 3 3 3 3 3 3 3 4 3 3 4 4 4 3 3 4 3 2 3 3 4 3 3 4 3 3 4 3 1 4 3 3 3 4 4 4 3 2 4 2 4 2 4 4 3 3 4 2 3 4 4 3 3 3 4 4 4 3 2 3 3 3 4 3 4 4 4 3 4 3 3 2 4 2 4 4 3 4 3 3 4 3 4 3 3 4 4 3 3 3 2 3 3 4 4 4 3 4 4 3 3 4 3 3 4 4 4 3 4 3 4 4 4 3 3 3 2 3 5 3 3 4 4 3 3 3 3 4 2 3 3 4 4 3 4 4 4 3 3 2 3 3 4 4 3 3 4 4 3 3 4 3 4 4 3 3 3 3 3 4 3 3 4 4 3 4 4 3 4 2 4 3 3 3 3 3 4 4 3 4 3 3 3 3 5 4 3 3 3 4 4 2 3 4 4 4 3 4 4 3 4 3 4 3 4 4 4 4 4 2 3 3 4 2 4 3 3 4 3 3 4 2 3 4 3 4 3 3 4 3 3 3 3 3 3 4 4 3 4 3 4 3 3 3 3 4 3 1 4 3 3 4 3 4 4 4 2 3 3 4 3 3 3 3 4 3 4 2 3 4 3 4 3 4 3 0 3 3 4 4 3 4 4 4 4 3 3 4 2 3 4 4 2 3 3 3 3 4 2 4 3 4 4 3 4 4 4 4 2 3 4 3 4 4 3 4 3 3 3 3 4 3 3 4 4 4 4 4 4 4 4 3 4 3 4 3 4 3 4 4 3 3 2 3 4 3 3 3 4 4 3 3 4 4 3 4 4 3 4 3 3 3 4 3 4 4 3 4 3 3 3 4 3 3 4 3 4 4 4 3 3 4 4 4 4 4 3 4 2 3 4 3 4 3 3 4 3 3 3 4 4 3 4 4 3 4 4 3 3 4 4 3 4 3 4 4 3 4 4 4 4 3 3 4 3 4 2 2 4 3 4 4 3 4 4 4 3 4 4 3 3 4 4 3 4 1 3 3 4 2 3 4 4 4 3 4 3 3 
Vertex 318: 2 3 3 3 3 3 3 2 3 3 3 3 2 3 3 3 3 3 3 1 3 2 2 3 3 2 3 3 3 3 2 3 3 2 4 3 3 3 3 3 3 3 3 3 3 3 3 3 3 3 2 3 3 3 3 3 2 3 3 3 1 2 3 2 2 3 3 3 2 3 3 3 3 4 2 3 3 3 3 3 3 3 2 3 2 3 3 3 3 2 1 4 2 3 2 3 3 3 2 3 3 2 3 3 3 3 3 2 3 2 3 3 3 3 2 3 3 2 2 3 3 3 3 2 3 3 3 2 2 3 3 2 3 3 3 3 3 2 3 3 3 3 2 2 3 2 3 3 3 3 3 3 3 3 2 3 2 3 3 2 4 3 3 3 3 2 3 3 3 2 3 3 2 4 3 2 3 3 2 2 2 3 2 3 3 3 2 3 2 3 2 3 2 2 3 3 3 3 2 3 3 3 3 3 3 3 2 3 3 2 2 3 3 2 2 2 2 3 3 3 2 3 1 2 3 3 2 3 3 3 3 2 3 3 2 2 3 2 2 3 3 3 2 2 2 2 3 2 3 3 3 2 3 3 3 3 1 2 3 3 3 2 3 3 3 2 2 3 4 3 3 2 2 3 3 3 3 4 3 3 3 2 2 3 2 2 3 3 3 3 3 3 2 3 3 3 2 3 3 3 1 3 3 2 2 3 3 3 3 3 2 3 3 2 3 2 3 3 0 1 2 3 2 3 2 1 3 3 3 3 2 3 3 3 1 3 2 3 3 2 2 3 3 3 3 3 3 3 3 3 3 3 3 2 3 3 2 3 3 3 3 3 4 2 3 3 3 3 3 3 2 2 3 3 3 3 2 2 3 3 3 2 3 3 4 2 3 3 2 2 3 1 3 2 1 3 2 3 2 2 2 3 3 3 3 2 4 2 3 3 3 3 2 3 3 1 3 3 3 3 3 3 3 3 2 2 3 3 3 2 3 3 3 3 3 2 3 3 3 3 3 3 3 3 2 3 2 3 3 3 4 3 2 3 3 2 3 2 3 3 3 3 2 3 3 3 2 3 3 2 3 3 2 3 3 3 2 2 3 3 3 3 3 1 3 2 3 2 3 3 3 3 3 3 3 1 3 2 3 3 
Vertex 319: 3 3 2 3 2 3 3 2 3 3 2 2 3 2 3 2 2 3 3 2 3 3 3 3 2 3 3 2 2 2 3 3 2 1 3 3 3 2 3 3 4 2 3 3 3 3 3 2 2 2 2 2 3 3 2 3 3 4 3 2 2 1 2 2 2 2 3 4 3 2 3 2 2 3 2 3 3 3 3 3 2 3 3 3 3 2 3 3 3 2 2 3 3 3 2 3 3 3 3 3 2 2 3 3 3 3 3 3 3 2 2 3 3 3 1 3 2 2 3 3 3 2 3 1 3 3 2 2 2 3 3 3 2 3 2 3 3 3 3 3 3 2 3 3 2 3 3 3 3 3 2 3 2 3 3 3 2 2 3 3 4 2 2 2 2 3 3 3 2 2 3 2 3 3 2 3 2 2 1 2 2 2 3 3 3 2 3 3 3 3 3 3 2 3 3 3 3 3 2 3 4 3 2 3 3 3 1 2 3 3 3 3 3 1 3 2 3 3 3 3 1 4 2 3 3 3 3 2 3 3 2 3 2 3 3 2 3 1 2 3 4 2 3 3 3 3 3 3 3 3 3 2 3 3 3 3 2 2 3 3 2 3 3 3 3 1 2 2 3 3 3 1 2 3 2 2 2 3 3 3 3 2 2 2 3 3 3 2 3 3 3 2 3 3 3 3 3 2 2 3 2 3 3 1 3 3 3 2 2 3 3 2 2 2 2 2 3 3 1 0 3 2 2 3 3 2 2 3 3 2 2 3 4 2 1 2 2 3 3 3 3 3 3 3 3 3 3 3 3 2 3 2 2 1 3 3 3 3 3 3 3 2 3 3 3 3 3 4 3 3 3 3 2 2 3 3 2 2 2 2 2 3 2 3 3 3 3 3 3 2 3 2 3 1 2 2 2 3 2 3 3 2 3 2 3 3 3 1 3 2 2 2 1 2 2 2 2 3 3 2 3 3 3 2 2 3 3 3 3 3 2 2 3 3 3 2 3 2 3 3 3 2 2 2 3 3 2 2 2 2 3 3 3 3 2 2 2 3 3 3 3 3 3 3 3 2 3 3 3 3 3 3 3 3 2 2 2 2 2 3 3 2 2 2 2 3 3 2 3 3 2 3 3 2 2 2 3 3 2 3 
Vertex 320: 3 3 2 3 3 3 4 3 3 2 3 4 2 3 3 3 3 3 3 2 3 3 3 3 2 3 3 3 4 3 4 4 3 4 3 3 3 3 3 3 3 3 1 4 3 4 2 3 4 3 2 3 3 3 2 4 2 4 3 3 3 4 3 3 3 3 4 4 1 3 3 3 3 3 3 3 3 3 4 3 4 3 3 3 3 3 4 3 3 3 3 3 2 3 3 3 3 3 3 3 2 2 3 3 3 3 3 3 2 4 3 3 3 3 3 4 4 3 3 3 3 3 3 4 2 4 1 3 4 3 3 3 4 3 3 4 3 3 3 3 2 3 3 4 1 3 3 3 3 2 4 4 3 2 3 2 4 3 4 4 4 3 2 3 3 3 3 3 3 2 3 3 4 4 3 3 4 3 2 3 2 3 3 3 3 3 2 2 4 4 2 3 3 3 3 3 4 3 4 3 3 4 3 3 3 2 4 4 3 3 4 3 4 3 2 2 4 3 3 3 3 3 3 2 3 3 3 4 3 2 3 3 3 4 3 2 3 3 3 3 2 3 4 3 3 3 4 3 3 3 2 3 3 2 3 3 3 3 3 2 3 2 2 3 3 3 3 3 3 4 4 3 3 3 3 3 3 3 3 3 3 3 4 3 3 4 3 3 1 4 3 3 3 3 3 4 2 3 3 4 3 3 3 4 2 3 3 2 2 2 2 3 4 3 3 3 4 4 2 3 0 4 2 3 3 3 3 3 3 3 3 3 4 3 3 3 3 3 3 3 3 3 3 3 3 2 3 3 3 3 4 2 3 2 2 3 3 3 3 3 3 2 3 3 3 4 3 2 3 3 3 1 3 3 3 3 3 3 3 3 2 4 2 3 2 3 4 4 3 3 3 3 2 2 2 3 4 3 3 3 3 4 4 3 3 2 3 3 4 2 3 3 3 3 3 3 3 3 2 4 3 4 4 4 2 2 3 4 3 3 3 4 3 4 3 4 4 3 3 3 3 3 3 2 3 4 3 4 2 3 2 3 3 3 4 2 3 3 3 4 3 3 3 2 3 4 2 4 4 3 3 2 3 3 4 3 2 3 2 4 4 3 2 1 3 3 2 3 3 1 2 3 3 3 3 3 3 3 2 3 
Vertex 321: 2 2 3 3 2 3 3 2 3 3 3 2 2 3 3 2 3 3 3 2 3 2 3 3 2 3 3 2 3 3 3 3 3 3 3 4 2 3 3 3 3 3 3 3 2 1 3 3 3 3 3 2 3 2 2 1 3 3 3 2 3 1 3 3 4 3 2 2 3 3 3 3 2 2 2 3 3 3 4 2 4 3 2 3 3 3 2 3 3 3 3 4 3 1 3 3 3 2 3 4 2 3 3 3 4 3 3 4 3 4 3 3 3 3 3 3 3 3 3 3 3 3 3 3 3 3 3 3 2 3 3 3 3 3 3 3 3 3 3 2 4 3 1 3 3 3 3 3 4 2 3 3 3 3 4 3 3 3 3 3 4 2 3 2 3 3 3 3 3 2 3 2 2 3 2 3 4 2 3 3 2 3 2 3 1 3 3 2 4 3 3 2 2 2 2 3 3 3 3 3 2 4 3 2 3 3 3 3 3 2 3 3 3 3 2 3 4 3 2 3 3 3 3 2 3 3 3 3 3 3 3 4 4 4 3 3 4 3 4 2 3 3 3 3 2 2 3 3 3 3 3 2 2 3 3 3 3 2 3 2 2 3 3 3 3 3 3 3 2 3 3 3 2 1 3 3 3 2 3 3 2 3 4 3 3 3 2 3 3 3 3 4 3 2 3 2 3 3 2 3 3 3 4 3 2 3 4 3 3 3 3 3 3 3 3 3 2 4 3 2 4 0 2 3 3 3 3 3 3 3 3 2 3 3 3 3 3 3 3 3 2 3 2 3 2 3 3 2 3 3 3 3 3 3 3 4 3 2 4 2 3 3 3 3 3 3 3 3 2 3 1 3 3 2 3 1 3 3 3 3 3 3 3 3 4 3 3 2 2 3 2 3 3 3 3 2 2 3 3 2 3 3 2 3 1 3 3 3 3 4 3 3 3 3 3 3 3 3 3 2 3 4 2 3 3 3 1 3 3 3 2 4 3 3 2 2 3 3 3 2 2 3 2 3 3 3 3 4 3 3 4 3 3 2 2 2 3 3 3 3 3 2 3 3 3 3 3 3 3 3 3 2 3 3 3 2 3 2 3 3 3 3 3 3 4 3 3 3 4 3 3 2 3 3 3 3 3 3 3 3 
Vertex 322: 2 3 3 3 3 3 3 2 3 2 2 2 3 2 3 3 3 3 2 2 3 3 3 2 2 4 4 3 3 3 2 3 3 3 2 3 3 3 3 3 3 2 3 3 3 3 2 3 3 2 3 2 3 3 2 3 3 3 3 2 3 3 2 2 3 3 2 3 3 3 3 1 2 3 2 3 3 3 3 2 3 3 3 2 2 2 3 3 3 3 3 3 3 3 3 2 3 3 3 3 3 2 3 3 3 3 1 3 1 2 3 2 3 3 3 3 4 3 3 4 3 3 3 3 3 2 2 3 3 3 3 3 2 3 3 3 3 3 2 3 3 3 3 3 3 3 3 3 3 3 2 3 3 3 4 1 2 3 3 3 3 3 3 3 2 3 3 3 2 3 3 3 3 3 3 2 4 2 2 2 2 3 3 3 3 4 3 3 4 2 3 3 3 2 2 3 2 3 3 3 3 3 3 3 3 3 3 3 3 2 3 3 3 2 3 2 4 3 4 2 1 3 3 3 3 3 3 3 3 3 3 2 3 3 3 3 3 3 2 3 4 2 3 3 2 2 3 3 2 2 3 3 3 3 3 3 2 2 3 2 3 3 3 3 2 3 2 3 2 3 3 3 3 3 3 2 3 3 3 2 2 3 3 3 3 3 3 3 1 3 3 3 4 2 3 4 3 2 3 3 3 2 3 3 2 2 2 2 2 2 2 1 3 2 3 3 3 3 2 2 2 2 0 3 3 3 2 3 3 3 3 3 3 3 1 3 2 3 3 3 3 2 3 2 2 3 3 2 3 2 3 2 3 3 3 3 2 2 3 3 3 3 3 3 3 3 1 2 3 3 3 3 3 3 3 1 3 3 2 3 3 3 2 3 3 3 3 3 2 2 3 3 2 3 2 2 2 3 2 3 3 3 3 3 3 3 3 2 3 3 2 3 3 1 2 3 2 2 2 3 3 3 3 2 2 3 3 3 3 3 3 3 3 3 3 3 2 3 3 3 3 2 3 3 2 4 2 2 3 3 3 1 3 2 3 2 3 2 2 3 2 3 2 3 2 3 3 3 3 3 3 2 3 3 3 2 2 4 3 3 3 3 3 3 3 1 3 2 3 3 3 3 4 3 3 3 3 3 3 3 
Vertex 323: 3 3 3 3 3 3 3 3 4 2 3 3 4 2 3 4 3 2 1 3 2 3 3 2 3 3 4 4 3 4 4 3 3 4 3 3 3 4 3 2 3 4 2 3 3 3 3 3 4 3 4 3 4 3 3 2 2 4 4 4 3 3 3 2 3 3 3 3 3 3 3 3 3 3 3 3 3 4 4 3 3 4 3 3 3 3 3 4 3 4 2 2 3 4 3 3 3 3 2 3 4 3 2 2 3 3 3 3 2 3 3 3 4 2 4 4 4 4 3 3 3 3 4 3 3 3 3 3 3 3 4 2 3 4 4 3 2 3 4 3 3 4 4 3 3 3 2 3 3 2 3 2 3 3 3 3 3 3 2 2 4 3 3 3 3 3 2 3 4 3 3 3 3 3 3 3 3 3 2 3 3 3 3 3 4 2 3 3 4 4 4 3 2 4 3 3 4 3 3 4 4 3 3 3 3 3 3 3 3 3 4 2 4 3 4 3 4 3 3 3 3 4 3 3 3 4 4 3 3 3 3 3 3 4 2 3 4 3 3 3 3 3 4 2 3 3 4 4 4 4 3 3 3 3 4 3 3 4 4 1 2 4 3 3 3 3 3 3 2 3 3 3 3 3 4 3 4 3 3 3 3 2 3 3 3 3 3 4 2 3 3 3 3 2 3 3 4 4 3 3 3 3 4 4 3 3 3 3 3 3 3 4 3 2 3 3 3 4 3 3 3 3 3 0 3 3 3 3 3 3 4 1 4 3 2 3 4 4 3 4 2 4 3 3 3 2 2 3 4 3 3 4 3 3 3 3 4 3 3 2 3 4 4 4 2 4 3 3 3 2 3 4 4 3 4 2 3 3 3 4 3 2 3 3 4 3 3 3 3 2 2 3 3 3 3 3 3 4 3 2 4 3 3 4 3 3 4 3 3 3 2 3 4 3 4 4 4 4 3 4 2 3 3 4 2 4 2 1 4 3 3 3 2 4 3 4 3 2 3 3 3 4 3 3 4 4 3 3 4 4 3 4 4 3 4 1 3 3 3 3 3 3 3 4 4 3 3 4 3 3 3 3 4 2 4 3 3 4 3 4 2 3 3 4 3 3 3 3 3 3 3 4 2 3 4 4 3 4 3 3 
Vertex 324: 3 2 3 3 3 2 3 3 3 3 3 3 3 3 2 3 2 3 3 3 3 2 3 3 4 3 4 3 3 3 3 4 3 3 3 3 2 4 3 3 2 3 3 2 4 2 3 3 4 3 2 3 4 3 2 3 3 3 3 3 3 3 3 3 3 3 3 3 2 3 3 3 3 3 2 3 3 3 3 4 3 3 3 3 3 3 2 3 3 2 3 3 2 3 3 2 3 2 2 2 3 3 3 3 2 2 2 3 2 3 3 2 2 2 3 3 4 2 2 3 3 3 3 2 3 2 3 3 3 3 2 3 3 2 2 3 2 3 3 3 3 3 3 4 3 2 4 2 1 1 2 3 2 4 2 2 2 2 3 2 3 3 3 3 3 3 3 3 3 3 3 3 3 4 3 1 3 2 3 2 3 3 3 3 3 3 3 3 1 4 2 2 3 3 2 3 3 2 3 3 3 3 3 2 3 3 3 3 2 3 2 2 3 3 2 3 3 3 3 3 3 3 2 3 3 3 2 3 3 3 3 4 3 3 3 3 4 3 3 3 3 3 3 4 3 1 3 2 3 3 3 3 3 2 2 2 2 2 3 3 3 3 3 3 3 3 3 3 3 1 3 3 2 3 3 2 2 2 3 3 3 2 3 2 3 3 3 2 3 3 3 2 2 3 3 3 2 3 2 2 2 3 2 3 2 3 2 3 3 3 3 3 3 3 3 3 3 4 2 3 3 3 3 3 0 3 3 2 2 3 3 2 4 3 2 3 3 3 3 3 2 3 3 3 4 3 3 3 3 3 3 2 3 3 1 3 2 3 2 3 3 3 3 2 3 1 3 3 3 3 2 3 3 3 2 3 3 2 3 3 2 3 3 3 4 3 3 3 2 1 2 1 2 3 3 3 3 2 2 2 3 2 3 2 2 2 3 3 3 3 3 3 3 3 3 2 3 3 3 3 3 3 1 2 2 3 3 4 3 3 3 2 2 3 3 3 3 3 3 3 2 3 3 2 3 3 2 3 3 2 3 4 3 1 3 2 2 2 3 3 3 3 3 3 3 3 4 3 3 3 2 3 2 3 3 2 3 4 3 4 3 3 3 3 3 3 3 3 3 4 4 3 3 2 2 2 3 3 3 3 
Vertex 325: 3 2 2 3 3 3 4 3 4 3 4 4 1 4 3 4 3 4 3 2 4 3 3 3 4 3 3 2 3 3 3 4 3 3 3 2 3 3 3 3 3 3 3 3 3 3 2 3 4 4 3 3 4 4 3 4 3 3 3 4 2 2 3 3 3 2 2 3 3 3 4 4 3 4 2 2 2 3 4 3 3 4 3 3 3 3 3 3 2 3 2 3 1 2 3 3 2 4 2 3 3 2 3 3 3 3 3 3 4 3 3 3 3 3 2 4 3 3 2 3 4 4 3 3 3 3 4 3 3 3 3 3 3 3 3 2 4 2 4 3 3 3 3 3 2 3 3 3 2 3 2 3 3 2 3 3 2 4 4 3 4 3 3 2 3 3 2 4 4 2 3 3 2 4 3 2 3 3 3 3 3 3 3 2 3 4 3 3 3 2 3 3 3 3 3 3 3 3 3 3 3 2 4 3 2 3 3 3 4 3 3 4 3 3 1 3 3 2 4 3 3 4 2 2 3 4 2 4 3 3 3 3 2 3 3 2 3 3 2 3 4 3 2 1 3 3 3 1 3 4 2 3 3 3 3 3 2 2 4 3 3 3 4 2 3 3 3 2 3 3 3 3 3 3 3 4 3 3 2 3 3 3 3 3 3 3 3 3 3 3 2 4 2 4 3 3 3 3 3 3 2 3 3 3 3 3 4 4 3 3 3 3 3 3 3 3 4 4 1 2 3 3 3 3 3 0 3 3 3 4 3 4 4 2 2 4 2 3 3 3 3 2 2 4 3 3 2 3 3 3 3 2 3 3 3 3 3 3 3 3 4 3 3 3 3 3 3 2 3 3 3 3 3 3 3 3 1 3 3 3 3 3 3 3 3 3 3 3 3 3 3 2 4 3 2 3 3 2 3 3 3 3 4 4 2 3 3 3 4 4 3 2 3 3 3 2 2 3 3 4 3 3 2 3 3 3 3 4 3 3 3 4 3 3 3 3 4 3 3 3 3 3 3 2 3 4 3 4 2 3 4 3 3 4 3 3 3 3 3 4 3 3 3 3 3 3 2 4 3 2 2 3 3 3 3 3 3 1 3 2 4 3 2 2 3 3 3 3 3 4 2 3 3 3 3 2 3 3 4 4 
Vertex 326: 2 3 3 3 3 3 3 3 3 2 3 3 3 4 3 3 3 3 3 3 2 3 3 3 3 3 2 3 2 4 4 3 3 3 3 2 2 3 3 3 3 3 3 3 3 3 1 3 3 3 3 3 4 4 3 2 2 3 3 2 3 2 3 3 3 3 3 2 3 3 3 1 2 2 3 3 3 2 3 3 3 3 3 3 3 2 3 3 4 2 3 2 3 3 3 3 4 3 2 2 3 4 3 3 2 3 3 3 3 3 3 3 3 3 3 3 4 3 3 3 3 4 2 3 3 3 3 2 3 3 3 4 3 3 2 3 1 3 2 3 3 2 3 3 3 3 2 3 3 3 3 3 3 3 3 3 3 3 3 4 4 3 3 3 2 3 2 3 2 4 3 2 3 3 2 3 2 3 2 3 3 3 3 3 3 3 2 2 3 3 3 3 3 2 2 3 3 3 2 3 2 3 2 3 3 4 3 2 2 3 4 4 3 3 3 2 3 3 4 2 3 4 3 3 3 3 3 3 3 1 2 2 3 4 4 3 4 3 4 2 4 3 3 3 2 3 3 2 3 3 3 2 3 2 3 3 3 3 3 3 3 3 3 3 2 3 3 3 2 2 3 3 3 3 3 3 3 3 3 3 3 3 2 3 3 2 2 3 2 3 3 3 3 3 1 3 3 3 2 3 3 3 3 1 3 3 3 3 2 3 2 3 2 4 3 2 3 4 3 2 3 3 2 3 3 3 0 3 2 3 3 3 3 3 3 2 3 3 3 3 2 3 3 3 3 3 3 3 3 2 3 3 3 3 3 3 3 3 3 3 4 3 3 3 4 4 3 2 3 2 2 2 3 4 3 3 4 3 2 2 4 3 2 3 3 3 3 4 3 3 3 3 3 3 3 3 4 3 3 3 3 3 3 3 4 3 4 3 3 3 3 3 3 3 2 3 2 3 3 3 2 3 3 2 3 3 4 3 3 3 2 3 3 2 3 3 3 4 3 2 3 3 1 2 2 3 4 2 3 3 4 1 3 3 2 3 3 3 2 3 3 1 2 2 2 3 3 3 3 3 3 2 3 4 3 2 4 3 2 3 4 2 3 4 3 3 3 3 3 3 3 3 3 2 2 3 2 2 3 2 
Vertex 327: 3 2 3 3 3 3 4 2 3 3 3 3 2 3 3 3 2 3 3 3 3 3 3 1 3 3 4 4 3 3 3 3 3 3 3 3 4 4 2 3 3 3 3 3 3 3 2 3 3 3 3 3 3 3 3 3 3 2 2 3 3 2 3 4 3 2 2 3 2 2 3 3 3 3 2 4 3 3 3 3 3 3 3 3 3 3 3 2 1 2 3 2 3 3 3 3 3 2 3 3 3 3 3 4 2 4 2 3 3 3 3 3 3 2 3 3 3 2 3 3 3 3 3 4 3 3 2 3 2 3 3 2 4 3 3 3 3 4 3 2 2 3 3 4 3 3 4 4 3 2 3 3 2 3 4 3 2 3 4 3 3 3 2 2 4 2 3 3 4 2 3 3 4 4 3 2 4 3 3 3 3 3 3 3 3 3 3 3 3 4 3 3 2 3 2 3 3 3 4 3 2 3 3 2 3 4 3 3 3 2 3 3 3 3 3 3 3 3 3 3 3 3 3 3 3 3 3 2 3 3 3 3 3 3 4 3 3 2 3 3 3 3 3 4 2 3 3 3 4 3 3 3 4 2 2 2 3 2 3 3 3 3 3 3 3 3 3 3 2 3 3 3 3 3 3 3 3 3 3 3 2 2 3 3 3 3 3 3 2 2 3 3 3 3 2 4 3 3 1 3 3 3 2 3 1 3 3 3 2 3 3 3 3 3 3 3 2 3 3 3 3 3 3 3 2 3 3 0 3 3 3 2 4 3 3 2 3 2 2 3 4 3 3 3 3 3 3 2 2 2 3 2 3 3 2 4 3 2 3 3 1 3 3 3 3 1 2 3 3 3 3 3 3 2 3 3 3 3 3 3 3 3 3 3 3 3 3 2 3 3 4 2 2 3 3 3 4 1 2 3 3 4 3 2 3 2 4 3 3 3 4 3 4 3 4 3 3 3 3 4 3 3 3 3 3 2 3 3 3 3 3 3 1 3 3 3 3 3 3 3 3 2 3 3 3 3 3 3 2 3 3 3 4 3 3 2 3 4 2 3 3 3 3 3 3 4 3 4 3 3 2 3 3 2 4 3 3 3 1 3 4 3 3 3 3 3 2 3 4 3 4 3 3 3 3 3 2 3 3 3 
Vertex 328: 3 3 3 2 2 2 1 3 3 3 2 3 3 3 3 3 3 2 3 3 2 3 3 3 3 3 3 3 3 3 4 3 3 3 3 2 2 3 3 2 2 2 3 3 3 4 2 3 3 3 3 2 2 2 3 3 3 3 2 3 3 2 3 3 3 1 3 2 3 2 3 3 2 3 3 3 2 3 3 3 3 3 3 3 3 4 3 2 3 3 3 2 2 3 2 2 2 3 3 3 2 2 2 4 3 3 3 3 3 4 3 2 3 3 3 2 3 3 2 3 2 2 3 3 4 3 4 2 3 3 3 3 1 3 3 3 1 3 3 3 4 3 2 3 3 3 3 3 3 3 2 2 3 4 2 3 3 3 1 4 4 3 2 2 3 3 3 3 2 3 3 2 3 3 3 3 3 2 3 2 2 2 3 3 3 4 2 4 3 3 4 2 3 3 2 3 3 2 3 3 3 3 3 4 3 3 2 2 3 2 3 3 3 3 3 3 3 3 2 3 3 4 2 3 3 1 3 3 2 3 3 2 3 3 2 4 2 3 3 3 4 3 1 2 2 3 4 3 3 3 3 3 3 3 3 3 3 3 2 3 2 3 2 3 2 3 3 3 3 3 4 3 3 3 4 3 3 3 3 3 4 3 2 3 2 3 3 3 3 2 3 3 3 3 2 3 3 3 3 3 4 3 3 2 3 3 3 3 2 3 3 3 3 3 3 3 3 3 3 3 3 3 3 3 2 3 2 3 0 3 3 3 3 3 3 3 2 2 3 3 3 3 3 3 2 3 3 3 3 3 3 3 2 3 3 2 3 3 4 2 2 2 3 3 3 3 3 4 4 3 3 3 3 3 3 3 2 3 3 2 3 3 2 3 3 2 3 3 2 3 3 3 3 3 3 4 3 3 2 2 4 3 3 3 3 3 3 3 3 3 2 2 2 3 3 3 3 3 3 3 3 4 3 3 3 1 4 3 2 2 1 3 3 3 3 3 3 2 4 2 2 3 3 3 3 4 2 2 3 4 3 3 3 3 3 3 3 2 2 3 2 3 3 3 2 3 3 3 2 1 3 2 3 3 2 3 3 3 2 3 3 2 3 2 3 3 3 3 3 3 3 3 2 2 3 3 4 3 3 3 
Vertex 329: 4 3 3 3 3 3 4 3 2 3 4 3 3 4 2 2 3 4 3 4 3 4 3 3 3 3 4 2 3 3 3 3 2 1 3 4 3 4 4 3 3 3 4 3 2 3 3 3 3 3 3 2 4 3 3 3 2 2 3 3 2 3 4 3 3 3 3 3 3 3 4 3 3 3 4 4 3 3 3 3 2 3 3 3 3 3 3 2 3 3 4 3 4 4 3 3 4 3 4 3 3 4 3 2 2 2 2 3 4 3 4 3 3 2 3 3 4 3 3 3 3 4 3 3 4 2 3 3 3 4 2 2 4 2 3 3 2 3 2 2 2 2 3 3 2 3 3 3 3 3 3 3 2 4 3 2 4 3 3 3 3 4 2 3 4 3 3 4 3 3 3 3 3 3 3 3 2 3 3 3 3 3 3 3 3 3 1 3 3 4 2 3 3 3 3 3 3 3 3 4 3 3 2 3 3 3 3 3 3 3 4 3 3 3 3 3 3 4 2 3 3 3 3 3 3 3 4 4 4 3 2 3 3 3 3 3 4 3 3 2 4 4 4 3 3 3 3 3 3 3 4 2 4 3 3 3 3 2 3 4 3 3 3 3 3 3 3 2 3 3 2 3 2 2 3 2 4 3 3 3 3 3 2 3 3 3 2 3 4 3 3 3 3 3 3 3 3 3 2 3 3 3 4 3 3 3 1 3 3 3 3 3 2 2 3 3 3 4 3 2 3 3 3 3 3 4 3 3 3 0 4 3 3 3 3 3 3 2 1 3 3 4 3 3 3 3 3 3 3 2 3 2 1 2 3 3 2 3 3 2 3 3 4 2 2 3 3 3 3 2 3 2 2 3 3 3 3 2 3 3 3 3 3 3 4 3 3 3 2 2 3 3 3 3 3 3 4 3 3 3 3 3 3 4 4 3 2 3 3 3 3 3 3 3 3 2 2 3 3 2 3 2 3 3 3 2 4 2 3 1 2 3 3 3 3 3 3 3 3 3 3 3 3 3 2 3 3 2 3 3 3 3 3 3 3 3 2 4 3 2 3 3 4 3 4 3 3 3 3 2 3 3 2 2 3 3 3 4 3 3 3 3 3 3 3 3 3 3 3 3 2 4 1 3 4 3 3 3 3 2 
Vertex 330: 4 3 3 3 3 3 4 4 3 3 3 3 3 3 4 3 4 3 3 3 3 3 3 3 3 3 4 3 3 3 3 3 3 3 3 4 2 3 2 4 3 1 3 3 3 3 4 2 3 3 3 3 3 4 3 3 2 3 3 1 3 3 4 3 4 2 3 3 3 3 1 3 3 3 3 4 4 3 3 2 3 3 3 2 3 2 3 4 4 3 3 3 3 3 3 3 3 3 2 3 2 3 3 3 3 4 3 3 4 3 4 2 3 3 3 3 3 3 4 3 2 3 4 1 4 3 3 4 3 2 3 3 4 3 4 4 3 3 2 3 3 4 3 2 3 2 3 3 3 3 2 4 3 3 4 2 3 3 2 3 4 3 3 3 4 3 2 2 2 2 2 3 3 4 3 3 3 3 3 3 2 1 3 3 3 4 3 3 3 3 3 3 3 3 4 3 3 2 3 3 2 4 3 3 4 4 3 2 3 3 3 4 3 2 3 3 3 3 4 3 2 4 3 3 3 3 3 3 3 3 2 3 4 3 4 3 4 3 3 4 2 3 3 4 3 3 2 3 3 4 3 2 2 3 3 3 3 3 4 3 3 3 2 3 4 3 4 2 3 4 4 2 3 2 2 3 2 4 3 3 3 2 3 2 3 3 3 4 3 3 4 3 3 3 3 4 3 3 3 3 1 4 3 2 3 3 3 2 3 3 4 3 3 3 2 3 3 2 2 2 3 3 3 4 3 3 3 3 3 4 0 3 3 3 3 3 3 3 4 3 2 3 3 3 3 2 3 3 4 3 2 3 4 3 2 3 3 3 3 3 3 3 3 3 4 4 3 2 3 3 4 3 2 3 3 3 4 3 3 3 4 3 4 2 2 3 4 2 3 2 4 3 2 3 3 2 2 3 3 3 4 3 3 3 4 1 3 3 4 3 3 3 3 3 3 2 3 3 3 3 4 4 4 2 3 3 4 4 3 3 3 3 3 4 3 2 3 3 2 2 3 3 3 3 3 3 3 3 3 2 3 3 4 3 3 3 3 3 2 3 3 3 3 3 3 4 3 4 2 3 3 3 3 3 4 3 3 4 3 3 3 4 3 3 3 2 4 2 3 3 4 2 3 4 3 3 3 3 3 3 
Vertex 331: 2 2 3 2 3 3 3 2 3 3 3 2 3 1 3 3 2 3 2 3 3 3 3 3 3 3 4 3 3 3 3 3 2 3 2 3 2 3 3 1 2 3 2 3 2 3 3 2 3 3 3 2 4 4 3 1 3 3 3 3 3 3 3 3 2 3 3 2 3 3 3 3 2 2 3 3 3 3 3 3 3 3 2 3 3 3 2 3 2 3 3 3 4 3 2 3 4 2 3 3 3 3 2 3 2 2 3 2 3 3 3 3 3 1 3 3 3 3 2 3 3 3 4 2 4 3 3 3 2 3 3 1 3 3 3 3 3 3 3 3 2 3 3 4 4 3 3 3 3 3 2 3 2 3 4 2 2 2 3 3 3 3 3 2 3 2 3 3 3 3 3 3 3 3 2 2 2 2 3 3 3 2 3 3 3 1 2 3 3 4 4 3 2 3 3 3 3 2 3 3 3 3 3 4 2 3 3 3 2 2 3 3 3 2 3 3 3 3 3 3 3 3 2 3 2 3 3 3 4 3 3 3 4 4 2 2 3 2 2 3 3 3 3 3 2 3 3 3 4 3 3 2 2 3 3 3 3 3 3 2 3 3 3 3 3 3 3 2 3 2 2 3 3 3 3 3 3 3 3 2 2 3 3 3 2 3 3 3 3 3 3 2 4 2 3 2 3 3 3 2 4 2 3 3 3 3 2 2 3 2 3 3 3 3 3 2 2 3 3 3 3 2 3 1 2 4 3 2 3 3 3 0 4 2 2 2 3 3 3 3 3 3 3 3 3 1 3 3 3 2 2 3 2 2 2 2 3 2 2 3 3 3 3 3 1 3 3 3 3 1 3 3 3 2 3 3 3 3 3 3 3 1 3 3 3 2 3 2 3 1 3 3 3 3 2 3 3 3 3 2 3 4 2 3 3 3 3 3 2 2 3 4 3 3 3 3 3 3 3 4 3 3 3 3 2 3 3 2 3 2 3 3 1 3 3 3 3 3 2 3 3 3 2 3 3 3 3 3 3 3 3 3 3 3 3 2 3 3 3 3 3 2 3 3 3 4 2 3 2 2 3 3 3 3 4 3 2 3 3 3 3 3 3 3 3 2 3 2 3 4 2 3 3 3 3 3 3 4 2 3 
Vertex 332: 3 4 2 3 3 3 4 4 2 4 3 3 3 4 3 3 3 4 3 2 3 4 3 3 4 2 4 3 4 4 3 4 2 3 2 3 3 4 4 4 3 3 3 3 3 4 3 3 3 3 3 3 2 3 3 4 3 3 3 3 2 3 3 3 4 3 3 4 3 4 4 2 4 4 2 4 4 2 2 3 2 3 3 3 3 2 3 3 3 3 4 2 3 4 3 3 3 3 4 3 3 3 3 4 3 4 3 3 3 4 4 3 2 3 3 3 4 3 3 3 4 3 2 3 4 4 3 3 3 4 3 4 3 3 3 4 2 2 3 4 3 3 3 1 3 3 2 3 3 3 3 4 2 4 3 3 2 4 3 3 4 3 3 2 4 4 3 3 3 2 4 3 3 3 4 4 3 3 3 3 3 4 3 4 3 4 3 3 3 3 2 3 4 3 3 3 3 3 2 4 3 3 4 3 4 2 4 3 3 4 4 3 3 3 3 3 4 3 1 3 4 3 3 3 3 3 3 4 3 4 4 3 4 3 3 3 4 3 3 1 4 3 4 4 4 3 3 3 2 2 3 3 3 3 4 2 3 3 2 4 3 2 3 3 1 4 4 3 4 3 3 3 3 4 3 3 3 3 3 3 3 3 3 3 3 3 3 3 4 4 4 3 3 4 3 4 3 3 4 4 3 4 4 3 4 2 3 3 3 3 3 3 3 3 2 3 3 4 3 4 4 3 3 4 4 4 3 4 3 3 3 4 0 4 3 2 3 3 3 3 3 4 2 3 4 4 3 3 4 4 3 3 3 3 3 3 2 3 4 3 3 2 3 3 3 4 3 4 2 3 3 4 2 3 3 3 3 3 3 4 4 4 3 4 4 4 3 4 3 3 2 3 3 3 3 3 2 3 3 3 3 3 3 4 4 4 4 3 4 4 2 3 3 3 3 3 3 3 4 3 3 3 3 4 3 3 3 4 3 2 2 3 3 3 3 4 3 3 4 3 4 2 4 4 3 4 2 2 2 3 3 3 1 4 3 4 3 4 3 3 3 3 3 3 3 4 4 3 4 3 4 3 3 4 3 3 4 4 3 4 2 2 3 4 3 3 3 3 2 4 4 3 4 4 3 4 3 3 3 4 
Vertex 333: 3 2 3 3 3 2 4 3 2 3 3 3 2 3 3 3 3 3 2 3 4 3 2 3 4 4 4 2 2 3 3 3 3 3 3 2 4 4 3 3 3 3 2 3 3 3 4 2 3 3 2 3 4 4 3 3 3 3 3 3 3 3 3 3 2 2 3 3 3 2 3 4 3 3 4 3 3 3 3 3 3 2 3 3 3 3 3 3 2 3 3 3 3 3 3 2 3 3 2 3 3 2 3 3 3 3 3 3 3 3 2 3 3 3 2 3 4 2 3 2 3 3 3 3 4 1 4 3 3 3 3 3 3 3 3 3 3 3 3 2 3 3 3 4 3 3 3 2 3 3 4 1 3 3 2 3 3 3 3 3 3 3 2 3 3 3 3 3 3 2 2 3 3 3 3 2 3 2 3 2 3 2 4 4 3 3 2 3 3 2 4 3 3 3 3 2 3 2 3 3 3 2 4 2 3 3 3 3 4 1 2 3 2 1 3 3 2 3 3 3 2 3 3 3 3 3 2 3 2 3 3 3 3 3 2 3 3 2 3 3 3 3 2 3 3 3 2 3 3 3 3 3 2 3 3 3 3 3 3 3 3 3 2 3 3 3 3 2 3 3 2 2 3 3 2 3 3 4 2 2 3 3 2 2 3 2 3 3 3 3 2 2 3 3 3 3 4 3 2 2 3 2 2 3 3 3 3 2 3 3 3 3 2 3 2 2 3 4 3 2 3 3 3 3 3 2 3 3 3 3 3 2 4 0 3 2 3 3 3 3 3 2 3 3 3 3 2 3 3 3 4 1 4 3 3 3 3 3 3 3 4 2 3 2 3 3 4 3 3 1 3 2 3 1 4 2 1 3 3 3 1 3 3 3 4 1 3 3 2 3 3 3 3 3 3 3 3 3 3 3 3 3 3 3 2 3 3 3 3 2 3 2 3 2 3 3 3 3 4 4 3 3 3 3 2 3 4 3 3 2 3 3 2 3 3 2 3 3 2 3 3 3 3 2 3 3 3 4 2 2 3 4 4 2 3 3 3 2 3 3 3 2 3 3 3 3 3 4 2 2 3 3 3 3 4 3 3 3 3 2 3 3 2 3 2 3 3 3 3 4 3 3 3 3 3 2 2 3 3 2 
Vertex 334: 3 3 3 3 3 3 2 1 3 2 3 3 3 3 3 3 3 3 3 2 2 3 3 2 2 3 3 3 3 3 3 2 3 2 3 3 2 3 3 3 3 2 3 3 3 3 3 3 2 3 2 3 2 3 3 3 2 4 3 2 2 2 2 3 3 2 3 3 2 3 3 2 3 3 1 4 3 3 3 3 3 3 3 2 2 3 2 3 3 2 2 3 2 3 3 3 3 3 3 3 3 1 3 3 3 3 2 3 2 1 3 3 3 2 2 3 3 3 3 3 3 2 3 2 4 3 3 3 3 3 3 3 3 3 3 3 3 3 3 3 3 3 2 3 3 3 4 3 3 2 3 3 2 3 3 2 1 2 3 2 4 3 3 3 3 2 3 3 2 3 3 2 3 3 3 3 3 2 2 3 1 2 2 2 3 3 3 3 3 2 3 3 2 2 3 4 3 3 3 3 3 3 3 3 3 3 2 2 2 3 3 4 3 2 3 1 3 4 3 3 2 3 2 3 3 3 3 3 3 2 3 3 3 2 2 3 2 2 1 3 4 3 3 3 2 3 3 2 3 3 3 2 3 3 2 2 2 2 2 3 3 3 3 2 2 2 1 3 3 2 3 2 3 2 2 3 2 3 3 2 3 3 3 3 2 3 2 2 2 3 3 3 3 3 3 3 2 2 3 3 2 3 4 2 3 2 2 3 2 2 3 2 3 3 3 2 3 2 1 1 3 3 1 2 2 2 3 3 3 3 3 2 3 3 0 3 3 4 3 2 3 2 3 3 3 3 2 3 2 3 3 3 3 2 2 3 3 2 2 3 3 2 4 3 3 3 2 3 2 3 3 2 3 2 2 2 3 3 3 3 3 3 3 3 4 3 3 3 3 1 3 2 3 2 2 2 1 4 3 2 2 3 3 3 3 3 3 2 3 3 3 3 2 2 3 2 3 3 3 3 2 3 2 3 3 3 2 3 3 3 3 3 2 3 3 3 3 3 3 2 3 3 3 3 2 3 3 3 3 3 3 2 3 3 3 1 2 3 3 4 3 3 3 3 3 3 3 3 3 2 2 3 3 4 3 3 3 3 2 3 4 3 3 2 2 2 2 1 3 3 3 4 3 3 2 2 4 3 3 2 
Vertex 335: 3 2 3 3 3 3 4 4 3 3 3 1 3 3 3 2 3 3 3 3 3 4 3 2 3 3 4 3 2 3 3 4 2 3 3 3 3 3 3 3 3 3 3 3 3 4 2 1 2 2 3 3 2 3 3 3 3 3 3 2 3 3 3 2 2 2 3 3 2 3 4 3 3 2 2 4 3 3 3 2 3 2 3 3 3 3 3 2 3 2 3 2 3 4 3 2 3 2 3 3 4 3 3 3 3 3 3 3 3 3 3 3 3 2 3 3 4 3 3 3 3 3 3 3 3 3 4 3 3 4 3 2 4 2 3 3 3 4 3 3 1 2 3 3 3 4 3 4 3 3 3 3 3 3 4 3 3 3 3 3 2 3 4 3 4 3 4 4 3 2 3 3 2 2 3 2 2 3 2 3 3 3 3 2 3 3 2 3 4 3 4 3 4 3 2 3 3 2 2 3 3 3 2 3 3 3 3 4 4 3 4 4 2 3 3 3 3 3 3 3 2 4 3 3 3 3 4 3 3 3 3 3 4 3 4 3 4 2 2 3 3 3 3 4 3 3 3 3 4 4 3 3 3 3 2 3 3 4 3 4 3 3 3 2 3 3 3 3 2 3 1 3 3 3 3 3 3 4 3 2 3 3 3 3 3 3 3 3 2 3 3 2 3 3 3 3 3 3 3 2 3 3 3 1 3 2 2 3 3 1 2 3 3 4 3 2 3 3 3 2 3 3 3 3 3 4 2 2 3 3 3 2 2 2 3 0 2 3 3 3 3 3 4 3 4 2 4 2 2 2 3 2 3 3 3 3 2 4 3 3 3 3 3 3 2 3 3 3 3 1 3 2 3 3 3 3 3 2 2 3 3 3 3 3 4 3 3 3 3 3 2 4 2 3 3 3 4 3 3 3 3 3 4 4 4 3 3 3 3 3 3 3 3 3 2 4 3 3 3 3 3 3 3 3 3 3 3 3 4 3 2 2 3 3 3 3 3 3 2 3 3 3 3 3 3 3 3 4 2 3 3 3 3 3 2 3 3 3 3 4 2 2 4 3 3 3 3 3 3 3 4 3 3 4 3 2 3 3 1 4 3 3 3 4 2 3 3 3 3 4 3 3 3 3 2 3 3 3 3 3 
Vertex 336: 3 3 2 3 3 2 3 3 3 3 2 3 3 2 3 3 2 3 3 1 3 3 3 3 3 3 3 2 2 1 2 3 3 2 3 1 3 3 3 2 3 2 3 3 3 3 3 1 2 3 3 2 3 4 3 2 3 2 2 2 3 3 3 3 3 3 3 2 2 2 2 3 3 3 3 3 3 3 2 3 3 3 3 2 3 3 3 3 3 3 3 3 2 2 2 2 3 2 3 3 2 3 2 3 2 3 3 3 3 3 3 2 2 3 2 3 3 3 2 3 3 3 2 3 3 4 2 3 3 2 3 2 2 2 3 3 3 2 2 3 3 3 2 3 3 2 3 3 2 3 3 2 2 3 3 2 3 3 3 3 4 3 2 2 3 3 3 3 3 2 1 3 2 4 2 2 3 3 2 2 2 2 3 3 3 3 3 3 3 3 3 2 3 3 3 3 2 2 3 3 3 3 4 2 3 3 3 3 3 3 3 3 2 3 1 2 3 2 3 3 3 4 2 2 2 3 3 3 2 2 3 3 3 2 2 3 3 2 2 3 3 2 3 2 3 3 3 3 3 3 3 1 1 2 2 2 3 3 3 3 2 3 2 2 3 3 3 2 3 3 3 2 3 3 3 2 3 3 3 3 2 3 3 3 2 3 3 1 3 2 3 2 3 2 2 3 3 2 3 3 3 3 2 3 3 2 3 2 3 3 3 3 3 2 3 2 3 3 2 2 3 3 2 4 3 2 3 3 2 3 3 3 3 3 3 2 0 2 3 3 2 2 3 2 3 3 3 3 3 2 3 2 3 3 3 3 3 3 3 2 3 2 2 3 3 2 2 3 3 3 2 3 3 3 3 3 3 2 1 3 3 3 2 1 3 2 2 2 3 2 3 3 3 1 2 3 3 3 2 3 3 3 2 3 2 3 3 2 3 3 2 3 3 3 2 2 2 3 2 3 3 3 4 3 2 3 3 3 2 3 3 3 3 3 3 2 2 2 3 3 3 3 3 2 3 2 3 2 2 3 2 2 2 3 3 4 3 3 3 3 2 3 3 3 3 4 3 4 3 1 3 3 3 4 3 3 3 3 3 2 3 3 2 2 2 1 3 2 3 3 2 1 2 3 3 3 3 2 3 2 
Vertex 337: 3 3 3 2 2 3 3 3 3 3 3 2 3 3 3 3 3 3 3 3 3 3 2 3 3 2 3 3 3 3 4 3 3 3 2 3 3 3 4 4 3 3 3 3 2 3 3 3 2 2 3 4 2 3 3 3 3 2 3 3 3 3 2 2 3 3 3 3 3 3 2 2 3 3 3 3 3 3 3 3 3 1 3 3 3 4 3 3 3 3 3 3 3 4 3 3 3 3 3 3 3 3 3 3 3 3 2 3 3 3 3 3 2 3 3 3 3 3 3 3 2 3 3 3 3 2 2 3 3 2 3 2 3 3 2 2 3 3 3 2 2 2 2 2 4 3 2 3 3 3 3 3 3 4 3 2 3 3 3 3 4 3 2 3 3 3 3 3 2 3 1 3 3 3 3 3 3 2 3 3 3 2 3 3 2 3 3 3 3 4 3 3 3 3 1 3 3 2 3 3 2 1 2 2 3 4 2 3 3 2 3 3 3 3 3 3 3 2 3 3 3 3 3 2 3 1 2 4 2 3 4 2 1 3 3 3 3 3 3 3 3 3 3 2 2 3 3 2 3 3 3 3 3 4 3 3 4 3 3 4 3 3 3 3 3 3 3 3 3 3 3 3 3 3 3 2 3 3 3 2 3 3 3 3 3 3 3 3 2 2 2 2 2 3 3 4 3 2 3 3 4 3 3 3 1 3 3 2 2 3 3 3 3 3 3 3 3 3 3 3 3 3 3 4 3 3 3 2 2 2 3 3 3 3 4 3 2 0 3 2 2 2 3 3 3 3 3 2 3 3 3 2 1 2 2 3 2 3 3 3 2 3 3 3 3 3 4 3 3 3 3 3 3 3 3 3 3 3 3 3 3 4 3 3 3 3 3 3 3 3 3 2 1 3 3 3 3 3 2 3 3 3 3 3 2 3 3 4 2 4 3 3 3 3 3 3 2 3 3 3 3 3 2 2 3 2 3 3 3 3 3 3 3 4 3 3 2 3 4 2 2 3 3 2 4 3 2 3 3 3 2 3 3 3 4 3 3 2 3 1 2 3 3 3 2 2 3 3 2 3 2 2 2 2 3 4 3 4 2 3 4 2 3 3 3 3 3 3 3 4 4 3 2 2 3 3 3 3 2 2 
Vertex 338: 3 3 2 3 2 2 4 3 3 3 3 3 2 3 2 1 2 4 2 3 3 3 3 3 3 3 3 3 3 3 3 2 3 2 2 3 3 3 4 3 2 3 3 2 3 2 3 3 3 2 3 3 3 3 3 4 2 1 2 3 3 2 3 3 2 3 3 3 3 2 3 2 3 2 3 4 2 3 3 3 3 3 2 3 3 3 3 3 2 3 3 4 3 3 3 3 3 2 3 3 3 3 3 2 1 3 3 3 3 2 3 2 3 2 3 3 3 3 3 3 2 3 3 3 3 3 3 2 3 3 2 3 3 2 3 3 3 2 3 2 3 3 2 3 3 3 3 3 2 2 3 3 1 3 4 3 3 3 3 3 3 3 2 3 3 3 3 4 2 3 2 2 3 3 2 2 3 3 3 2 3 3 2 3 3 3 2 2 3 3 3 3 2 3 2 3 3 3 2 3 3 4 1 2 2 2 3 3 3 2 3 3 3 3 3 2 2 3 2 3 3 3 3 3 2 3 3 3 3 2 3 3 3 3 3 3 4 3 3 3 3 3 3 3 3 2 3 3 3 2 3 3 3 3 3 3 2 1 3 3 3 3 2 3 3 2 2 3 2 2 2 3 3 2 2 1 3 2 3 3 3 2 2 3 2 2 1 2 3 2 2 3 3 3 2 3 2 3 1 2 3 3 3 2 3 2 2 3 3 2 3 2 2 1 3 2 3 3 3 3 3 3 3 3 3 3 3 2 3 1 4 3 3 3 3 3 3 3 0 3 3 3 3 3 3 3 3 2 3 3 3 2 2 2 3 3 3 3 3 1 2 3 3 2 3 2 3 3 2 3 2 3 3 3 3 2 3 2 2 3 3 3 3 2 3 2 3 3 1 2 3 3 3 2 2 3 3 3 3 3 4 2 3 3 3 3 3 3 2 3 2 3 2 2 3 2 3 3 3 3 3 3 3 3 2 3 3 3 2 2 2 3 2 2 2 3 2 3 2 2 3 3 3 3 2 2 3 3 3 2 3 3 3 3 3 3 2 3 2 3 3 3 3 3 3 3 3 3 2 2 2 3 3 3 3 2 4 3 3 3 3 3 2 3 2 3 3 3 3 2 3 3 2 3 3 3 2 2 3 1 
Vertex 339: 3 3 3 1 3 3 4 3 3 4 3 3 3 2 3 3 2 3 3 3 2 3 3 3 3 3 3 3 3 3 2 3 3 3 2 3 4 2 3 3 3 3 3 3 2 2 3 3 3 2 3 3 2 3 3 3 3 2 3 3 1 2 2 2 3 2 2 4 3 2 3 2 3 3 3 3 3 4 3 3 4 3 2 3 3 3 3 3 3 2 3 3 2 4 3 3 3 2 3 3 3 1 4 3 3 4 3 3 2 3 3 3 3 3 3 3 4 3 3 4 3 3 3 3 3 3 3 2 2 3 3 3 3 3 3 3 3 3 3 3 2 4 4 3 4 3 3 3 3 3 4 3 2 3 2 2 3 3 3 3 4 4 3 3 3 3 3 2 3 3 2 4 3 3 3 3 4 3 3 3 3 2 3 3 3 4 2 3 3 3 3 3 3 3 3 3 4 3 3 3 1 3 3 3 3 3 2 3 3 3 4 3 3 3 3 3 3 2 3 3 3 3 3 3 3 3 4 4 2 2 3 3 3 3 2 3 2 3 3 3 3 4 3 3 3 3 3 4 3 3 4 3 3 3 3 3 2 3 3 3 3 3 2 3 3 3 3 2 3 3 3 3 3 3 3 3 2 3 3 3 2 3 3 4 3 3 3 2 2 3 3 3 2 3 2 3 4 3 3 4 3 3 3 3 3 2 3 2 3 3 3 3 2 3 2 3 3 4 2 3 3 3 3 4 3 3 3 3 3 3 3 3 3 3 2 3 3 2 3 0 2 3 4 3 1 3 3 3 3 3 3 3 3 3 2 3 3 3 3 3 2 3 4 3 3 3 3 3 3 3 4 3 3 2 4 2 3 3 3 2 3 3 3 3 3 4 3 3 3 3 3 3 1 3 3 3 3 2 3 2 2 4 3 4 3 2 3 3 3 4 2 3 3 2 3 3 3 3 3 4 4 3 3 3 3 3 3 3 3 3 2 3 3 2 3 2 1 3 3 2 2 3 3 3 3 4 3 4 3 3 2 4 4 3 3 3 3 3 3 2 2 4 1 3 3 3 3 3 2 3 3 2 3 2 3 3 4 3 3 3 4 3 2 3 3 3 2 3 3 4 3 4 3 3 3 3 3 3 3 3 
Vertex 340: 2 3 3 2 3 3 4 3 3 3 3 4 3 3 3 2 3 3 1 1 2 3 3 4 3 3 2 3 3 3 3 3 3 3 4 2 3 3 3 3 1 3 3 3 3 1 3 2 2 3 3 3 2 3 3 2 2 2 3 3 3 3 3 3 3 3 3 3 2 3 1 3 3 3 2 3 3 4 2 3 3 3 3 2 3 3 3 4 3 2 3 3 3 3 3 2 3 3 3 3 2 3 3 1 3 3 3 3 2 3 3 3 3 3 2 3 3 3 3 3 3 3 2 3 3 3 3 3 2 2 2 2 3 3 3 2 3 3 3 3 3 3 2 2 3 2 3 3 2 3 2 2 2 3 3 3 3 3 3 3 4 3 3 3 3 3 2 1 3 3 1 3 3 4 3 3 3 3 3 3 2 2 3 3 3 3 3 2 3 3 3 3 3 2 3 2 3 2 1 3 2 3 3 2 3 3 4 3 2 3 3 3 2 3 2 2 3 2 3 3 3 4 2 2 2 3 4 3 2 1 3 3 3 3 3 3 4 2 3 3 3 3 2 3 2 1 3 3 4 3 3 3 3 3 3 3 3 3 2 3 3 4 3 3 3 3 3 3 3 3 3 2 3 2 3 2 3 3 4 3 2 2 3 3 1 3 2 2 3 2 4 2 3 3 3 2 2 3 3 3 3 3 3 2 3 3 2 2 3 3 3 4 2 2 2 2 3 2 2 3 3 2 3 2 2 3 2 4 3 3 2 3 3 3 3 3 2 2 3 2 0 3 3 3 3 2 2 3 3 2 2 2 3 2 3 3 3 3 3 3 3 3 4 3 3 3 3 3 3 3 2 2 3 3 2 3 3 1 3 2 3 3 3 3 2 3 3 4 2 3 2 3 3 3 3 3 4 3 2 3 3 3 3 3 2 3 3 3 3 3 3 3 3 2 2 3 3 3 3 4 3 3 2 3 2 2 3 2 3 3 3 3 3 3 3 2 1 3 4 3 3 3 3 3 3 3 3 2 3 3 3 3 2 3 3 3 3 2 3 3 3 3 2 3 3 2 3 3 2 2 3 3 4 2 3 3 3 3 3 2 2 3 3 3 3 2 3 3 3 3 2 2 2 3 2 2 3 2 3 2 
Vertex 341: 3 3 2 3 4 3 4 1 3 3 3 3 3 3 3 3 3 4 3 2 2 4 4 3 3 3 3 3 3 3 3 2 3 3 2 3 4 3 4 4 3 3 2 3 3 3 3 3 3 4 3 3 3 3 2 3 3 2 3 3 3 3 2 3 4 2 3 3 3 3 3 2 2 3 2 2 3 3 3 3 3 3 3 3 3 3 3 3 3 3 4 3 1 4 3 3 2 4 2 3 3 2 3 4 3 3 3 3 3 3 4 3 3 3 3 2 4 3 2 4 3 3 2 4 3 3 3 4 2 1 3 4 3 3 3 3 3 2 3 3 4 3 2 4 4 3 4 3 2 3 4 3 4 2 3 3 3 4 4 3 4 3 2 2 3 3 2 3 2 4 2 3 3 4 3 2 3 2 3 3 2 3 3 3 2 4 3 3 3 2 2 3 3 1 1 4 3 3 3 3 3 3 2 2 3 4 3 3 3 3 3 3 3 3 1 3 3 3 4 3 3 3 4 3 3 3 4 4 2 2 3 3 3 2 2 3 3 2 3 3 3 3 3 3 3 3 4 3 3 3 3 3 3 3 3 3 3 2 4 3 3 3 3 2 3 3 3 2 3 3 4 3 3 3 3 3 3 3 2 3 3 3 4 3 3 3 3 3 3 3 2 3 3 3 3 4 3 2 3 2 4 3 3 3 3 3 3 3 2 3 3 1 3 3 3 3 3 4 3 3 3 3 2 4 3 2 3 3 3 4 3 3 4 2 2 3 2 2 3 3 3 0 4 3 3 3 4 2 3 3 4 3 3 3 3 4 2 4 3 3 3 3 3 3 3 3 3 3 3 3 3 3 3 3 3 2 3 3 3 4 1 3 3 3 2 3 3 3 3 3 3 3 3 3 3 3 3 3 2 3 2 3 3 3 2 3 4 2 3 3 3 3 4 3 2 2 2 3 3 3 3 2 2 3 3 2 3 3 3 3 3 4 2 3 3 3 3 3 4 3 3 3 3 2 2 4 3 3 3 4 4 2 3 4 4 3 2 3 3 3 4 3 3 3 3 3 3 3 3 3 2 3 3 3 3 3 3 3 2 4 4 4 4 2 3 3 3 3 3 4 2 3 3 3 3 4 3 3 3 3 
Vertex 342: 2 2 3 3 3 3 4 3 3 3 3 3 1 4 3 3 3 3 3 2 2 2 3 3 3 3 3 2 3 3 3 4 2 3 3 3 3 3 3 2 3 3 2 3 2 3 2 3 4 3 3 1 3 3 2 3 3 3 2 3 3 3 4 3 3 3 3 3 3 3 2 3 3 3 3 4 2 3 2 2 2 3 3 2 3 3 3 3 2 3 3 4 3 2 3 3 3 2 3 3 1 4 3 3 3 4 3 3 3 3 4 2 2 3 3 3 3 2 3 1 4 3 2 4 2 4 3 3 3 3 2 3 3 3 3 4 3 3 3 3 3 2 2 3 2 4 3 3 4 3 3 3 3 3 4 3 3 3 2 3 3 1 3 3 3 3 3 4 3 2 3 3 3 4 3 2 3 2 2 3 3 3 3 3 3 4 3 3 3 2 3 2 3 3 3 3 3 3 4 3 3 3 4 4 2 2 4 2 2 3 4 3 3 3 3 3 2 2 3 4 3 4 3 2 3 3 3 3 3 3 3 3 3 3 3 2 4 3 3 2 3 3 3 3 3 3 3 3 3 2 4 3 4 1 3 3 3 2 2 3 3 2 3 2 3 3 3 2 3 3 3 2 4 3 3 3 3 3 2 3 3 3 3 2 3 3 3 3 3 3 3 3 2 4 2 3 2 3 3 3 3 3 2 4 2 3 3 3 3 3 3 3 3 3 3 3 3 3 3 3 3 2 3 3 3 2 3 3 3 3 3 3 2 3 3 4 3 3 3 4 3 4 0 3 3 3 3 3 3 3 3 2 3 3 3 4 3 3 4 3 4 3 2 3 4 3 2 2 2 4 3 2 3 3 2 2 3 3 3 2 3 3 2 4 3 3 3 3 3 3 3 3 4 2 3 3 3 2 3 2 4 3 4 3 3 3 3 2 3 3 3 3 3 3 3 3 3 3 3 3 3 3 3 4 2 4 1 4 3 3 3 3 3 3 3 4 3 3 4 3 3 1 3 3 3 3 2 3 2 3 3 2 1 4 3 2 3 4 2 3 3 3 4 1 3 2 3 3 3 2 3 3 3 3 3 3 4 3 3 2 4 3 2 3 3 3 3 3 3 2 3 2 3 3 4 3 3 3 3 3 
Vertex 343: 3 2 3 3 2 3 4 3 3 3 3 3 3 2 1 3 2 4 3 3 3 4 2 4 4 3 3 4 3 3 1 2 3 4 3 3 3 3 3 3 3 3 3 2 3 3 4 3 3 3 3 3 1 3 4 3 4 3 2 2 2 3 2 3 3 4 4 3 4 3 3 3 2 2 3 4 3 3 3 3 3 2 3 2 3 4 3 3 3 3 3 3 3 4 3 2 3 4 3 3 3 3 2 3 4 3 2 2 3 3 3 3 3 4 3 3 3 3 4 3 3 1 3 2 3 2 3 3 3 3 3 4 3 3 3 3 2 3 3 3 3 3 3 3 4 3 4 4 4 3 3 3 2 3 3 3 3 3 2 3 3 4 3 3 4 2 4 2 3 3 3 3 3 4 3 3 4 3 3 2 2 3 3 3 3 3 3 4 4 4 3 3 2 3 3 3 3 3 4 3 4 3 3 3 3 3 3 3 3 3 3 3 2 3 3 3 2 4 3 3 3 4 3 3 3 2 3 3 3 3 3 3 4 3 1 3 2 2 3 2 4 2 4 3 3 3 2 3 1 3 4 3 3 2 3 3 3 3 3 3 4 4 2 3 3 2 2 3 3 3 3 3 3 3 3 2 3 3 2 2 2 3 3 3 3 3 2 3 3 3 4 3 3 3 3 4 3 3 2 2 3 2 3 3 3 3 2 3 3 3 3 3 3 2 3 4 3 4 3 3 3 3 2 3 3 4 3 3 3 3 3 3 3 3 3 3 2 3 3 3 3 3 3 0 3 2 3 2 3 3 3 3 3 3 4 3 3 3 4 3 3 3 3 3 3 4 3 3 3 3 4 3 3 3 3 3 3 4 3 3 2 3 3 3 4 3 3 4 2 3 2 4 3 3 3 3 4 3 3 3 3 3 3 3 2 4 3 2 3 2 3 3 3 1 3 3 2 3 4 4 3 3 2 3 3 3 4 2 3 3 3 4 3 3 3 3 2 3 3 3 3 3 4 2 3 4 3 3 4 3 2 3 3 3 3 3 3 3 1 3 3 3 4 3 3 3 3 4 3 2 3 3 3 2 3 4 3 4 3 4 3 3 3 3 3 2 4 4 4 4 4 3 3 3 3 3 3 3 1 3 
Vertex 344: 2 3 3 2 2 3 3 2 4 4 3 4 3 3 3 3 3 3 2 3 3 4 3 3 4 3 4 3 3 4 3 3 3 3 3 3 3 3 4 3 3 3 3 3 1 3 3 3 4 3 3 2 3 2 3 2 3 3 3 3 2 3 3 2 3 3 2 3 2 3 3 3 2 4 3 3 3 3 3 2 4 3 2 3 3 3 4 3 3 3 3 4 3 3 3 3 3 3 3 4 2 2 3 3 2 3 3 3 3 4 2 3 2 3 3 3 4 3 3 4 4 4 4 2 3 4 3 3 3 3 3 3 3 3 3 3 3 4 3 3 3 3 3 4 3 3 3 3 3 3 4 3 2 3 3 3 3 3 3 4 3 3 3 4 4 3 3 3 3 2 3 3 3 3 3 4 3 2 3 3 4 3 2 3 3 4 3 3 3 2 4 3 3 3 3 3 3 4 3 2 2 3 3 3 3 3 3 3 3 2 4 4 3 2 3 3 4 3 3 3 3 4 3 3 3 3 3 3 3 3 2 2 3 3 3 3 3 3 4 3 4 3 3 2 3 3 4 4 3 2 3 2 3 3 3 3 3 3 3 2 3 2 3 2 3 3 3 3 2 3 4 2 4 3 3 2 3 3 4 3 2 2 3 3 3 3 4 3 3 3 3 3 3 3 3 4 4 3 3 4 3 3 4 3 2 3 3 3 3 3 4 3 1 3 2 3 3 4 3 3 3 2 2 3 4 3 3 3 2 3 3 3 4 3 3 4 3 3 3 1 3 3 3 3 0 3 3 2 3 3 3 3 2 3 3 3 3 2 2 3 3 3 4 3 3 4 3 3 3 4 3 4 3 3 3 1 2 4 4 3 3 3 3 3 3 3 3 4 2 3 3 3 2 3 3 2 2 3 3 3 3 3 3 4 3 3 3 3 4 3 3 4 3 3 3 3 2 2 3 3 4 4 4 3 2 3 3 3 3 2 3 3 3 3 4 3 2 3 4 3 3 3 3 3 3 4 3 3 3 3 3 3 3 4 4 4 3 3 3 2 3 3 2 3 3 2 3 2 3 3 3 3 3 1 3 2 3 3 3 3 3 4 1 3 2 3 3 3 4 3 3 3 3 4 3 3 3 2 2 3 
Vertex 345: 3 2 2 3 2 2 3 3 3 3 3 3 3 2 3 3 2 2 3 3 3 3 3 2 3 3 4 3 3 3 3 4 3 3 3 3 3 3 2 2 1 2 1 3 3 3 4 3 3 3 3 3 3 3 2 2 3 2 2 3 3 3 3 3 3 2 3 3 3 2 2 4 2 2 3 4 2 3 2 3 3 2 3 2 3 3 3 3 3 3 3 3 3 4 3 2 3 3 3 3 3 3 1 3 3 3 3 3 3 3 2 3 3 2 3 4 3 3 3 3 2 3 3 3 3 4 3 3 2 3 2 2 3 2 3 3 3 3 2 4 1 3 4 3 3 3 4 3 3 3 2 3 3 2 4 3 3 3 2 3 4 3 3 2 3 2 2 2 3 3 2 3 3 2 1 2 3 2 3 2 2 1 4 2 3 2 3 3 3 4 3 4 3 3 3 2 4 1 3 4 4 3 3 3 3 3 3 3 3 3 3 4 4 2 2 3 3 3 4 3 3 4 3 3 2 2 2 3 3 3 3 3 3 3 3 3 2 3 3 3 2 3 2 3 1 3 3 3 3 3 3 3 2 2 3 2 3 3 3 2 3 3 2 3 3 2 3 3 3 3 3 3 3 3 3 2 3 2 3 2 2 2 2 3 3 3 3 3 3 3 3 3 4 3 3 3 3 3 3 3 3 3 3 3 3 2 3 3 3 2 3 3 3 3 3 3 3 3 3 3 2 3 3 2 3 3 3 3 3 3 2 1 4 3 3 2 3 3 3 3 2 3 3 2 3 0 3 3 2 2 3 3 3 2 3 1 3 2 3 2 3 3 3 4 2 4 3 3 3 2 2 2 3 2 2 3 3 2 3 3 2 2 3 3 3 3 3 3 3 2 2 3 2 4 3 3 3 3 3 3 4 4 3 3 3 3 3 3 3 2 3 3 3 3 3 4 3 2 3 4 3 3 3 3 3 2 3 3 2 3 3 4 2 4 4 4 3 3 3 3 3 3 3 3 3 3 3 2 2 4 3 2 4 3 3 3 3 2 2 3 3 3 3 3 3 3 3 3 3 2 3 3 3 2 3 3 2 3 3 3 3 3 3 3 4 3 3 2 3 3 3 3 3 2 2 3 3 4 1 3 
Vertex 346: 1 2 2 3 1 3 3 3 3 3 3 3 2 3 3 4 3 3 2 3 2 3 3 2 3 3 3 2 4 3 3 3 2 3 3 2 3 3 3 2 3 3 3 3 3 2 3 3 3 3 3 3 3 2 2 3 2 2 2 2 3 2 3 3 3 3 3 3 3 3 3 2 3 3 3 4 3 4 4 2 3 3 3 3 2 3 1 3 3 3 2 3 3 3 3 3 4 3 4 3 3 3 3 1 3 4 3 3 3 3 3 3 3 3 2 3 4 3 2 3 3 3 3 3 3 3 3 3 3 3 3 3 3 3 2 3 3 2 3 2 3 3 3 2 3 3 3 3 3 2 4 1 2 3 2 3 3 3 4 3 4 3 3 2 1 3 3 3 3 2 3 3 3 4 2 2 3 3 3 1 2 3 3 3 2 3 3 2 3 2 3 3 3 3 3 3 3 3 3 2 3 3 3 3 3 3 2 3 3 3 3 4 4 3 3 2 3 4 3 3 2 4 2 2 3 2 2 2 2 3 3 3 3 4 3 2 3 4 3 3 4 1 2 3 3 3 3 3 2 3 2 3 2 2 3 2 2 2 3 3 3 3 3 3 3 3 3 3 3 3 3 2 3 2 3 3 3 2 3 2 3 2 3 3 3 2 3 3 2 3 2 3 3 3 2 2 3 2 3 4 3 2 3 3 3 3 2 3 2 3 3 3 3 2 3 3 3 4 3 3 3 3 3 2 3 2 3 3 3 3 3 3 3 2 2 4 3 3 3 3 2 4 3 3 3 3 0 2 2 3 2 3 3 3 3 3 2 3 3 3 3 3 3 3 3 3 3 3 1 3 3 3 3 3 3 2 1 3 3 2 3 2 3 3 4 3 3 3 3 2 3 3 2 3 3 3 3 3 3 3 2 3 2 2 3 3 3 3 3 3 2 2 4 3 3 3 3 3 3 3 2 3 3 2 3 3 2 2 2 3 2 3 3 3 2 3 3 2 3 1 3 3 3 3 3 3 3 3 2 3 3 2 2 3 3 1 3 2 2 2 3 3 3 2 3 2 2 4 2 2 3 3 2 3 3 3 3 3 3 2 3 4 2 3 3 2 3 3 3 3 4 3 3 2 4 3 3 4 2 2 
Vertex 347: 1 2 2 3 3 3 3 2 2 4 3 3 2 3 1 3 2 3 4 3 3 3 2 2 3 4 3 3 3 3 3 3 3 3 3 2 4 3 3 2 3 3 2 3 3 2 2 3 3 3 3 2 3 3 3 3 3 2 1 3 3 3 2 3 3 2 2 2 2 2 3 2 3 3 2 4 3 3 3 2 3 3 3 3 3 3 2 3 1 2 2 2 3 3 3 3 3 3 3 3 2 3 3 3 3 3 3 2 3 3 2 3 3 3 3 3 4 3 3 3 2 3 3 3 3 3 3 2 3 3 3 2 3 3 2 4 3 2 3 3 3 3 2 2 3 3 3 3 3 3 4 3 2 3 3 3 3 3 3 3 3 2 2 3 2 3 3 3 2 2 3 3 3 3 3 3 3 2 3 3 3 3 3 3 2 3 3 3 4 3 4 3 3 3 1 2 3 3 3 1 3 3 1 4 3 3 3 3 3 2 3 3 3 2 3 2 2 3 3 3 3 3 3 3 3 3 2 2 3 3 3 2 3 3 3 1 3 2 3 3 3 3 3 3 3 3 3 3 3 3 3 2 4 2 2 3 3 3 3 2 3 3 3 2 3 3 3 3 2 3 3 3 3 3 1 3 2 3 3 2 3 3 3 3 3 3 2 3 3 3 2 4 3 3 3 3 3 2 2 3 3 2 3 2 3 3 2 3 3 2 3 3 3 3 3 3 4 4 3 3 3 2 2 3 3 3 3 2 3 3 3 3 3 3 3 2 3 2 2 3 3 2 3 2 2 3 2 0 2 2 3 2 3 2 3 3 2 2 3 3 3 3 3 3 2 3 3 3 1 3 3 3 3 3 2 1 3 3 3 2 3 2 3 3 3 3 1 3 2 3 3 3 3 3 3 2 2 3 3 2 3 3 3 3 3 4 3 2 3 3 3 3 4 3 3 3 3 3 3 3 3 3 2 3 3 2 2 3 3 3 3 4 3 3 2 3 3 2 3 2 3 3 3 2 2 3 2 2 2 3 2 3 3 3 2 3 3 2 3 3 3 3 3 2 3 3 1 3 2 3 3 3 3 3 3 2 2 2 1 3 3 3 3 2 3 3 3 3 4 3 3 3 3 3 3 3 3 3 2 3 
Vertex 348: 3 2 3 3 3 3 4 3 4 3 3 3 3 3 3 3 3 3 3 2 4 4 3 2 2 3 4 3 3 3 2 3 3 3 3 3 3 4 2 3 3 3 2 3 2 3 2 2 3 3 2 3 4 3 3 3 3 3 2 3 3 3 3 3 3 2 3 3 2 3 3 3 3 3 2 3 2 3 3 3 3 4 2 2 3 2 1 3 3 2 4 2 3 3 3 2 3 3 4 3 3 3 3 3 3 3 4 3 3 3 2 3 3 2 3 3 3 2 2 2 3 3 2 3 4 3 3 3 3 4 3 3 3 2 3 3 3 4 3 2 1 2 3 4 3 4 3 3 3 3 3 3 3 1 4 3 2 3 3 3 3 3 3 3 3 4 3 4 3 3 3 3 3 4 3 4 3 3 3 3 3 3 3 2 2 3 3 3 3 3 2 4 2 2 2 3 3 3 4 3 3 2 3 3 3 3 3 2 3 3 3 4 3 2 3 3 3 3 4 2 3 4 4 3 3 3 4 3 4 3 3 3 3 3 4 3 4 2 1 3 3 3 2 4 3 3 3 3 4 3 3 3 2 3 2 2 3 3 4 3 4 3 3 3 3 2 3 3 2 3 3 3 3 3 3 4 2 3 2 3 3 3 3 4 2 2 3 2 3 4 3 3 4 3 3 2 3 3 3 3 4 3 3 3 3 3 3 3 2 2 3 4 4 3 3 1 3 4 3 3 3 3 3 4 3 3 3 2 3 3 4 3 4 3 2 2 3 3 3 3 3 3 3 3 3 2 2 2 0 2 3 3 3 2 3 3 3 3 3 4 3 2 3 3 3 3 3 3 3 2 3 2 3 3 4 3 3 3 3 2 3 3 3 3 4 3 3 3 4 2 3 3 2 4 3 3 3 3 3 3 2 3 3 2 3 3 3 3 4 3 3 3 4 4 3 3 3 3 2 3 3 3 2 4 2 3 4 3 3 3 3 4 3 4 2 2 3 3 3 3 3 3 3 3 3 1 3 3 2 3 3 2 3 3 3 3 3 4 3 3 3 2 3 3 1 3 3 3 2 3 3 2 2 4 4 4 3 2 1 3 4 3 3 3 3 3 3 3 4 4 3 4 3 2 3 3 4 3 3 2 
Vertex 349: 2 2 3 2 2 3 4 3 3 2 3 3 3 3 2 3 3 3 3 3 3 3 3 3 3 3 2 2 2 3 3 2 2 1 2 2 4 3 3 1 3 2 2 2 3 3 2 3 3 3 3 2 3 3 2 3 2 3 3 3 3 3 3 3 2 2 3 3 2 2 3 2 2 2 2 3 3 3 3 2 3 4 2 3 3 3 3 3 3 2 2 2 3 3 3 3 3 3 3 3 3 3 2 3 3 4 3 2 3 4 3 3 3 3 3 3 4 4 3 3 3 3 3 3 4 3 3 3 3 3 3 3 3 2 2 4 3 2 2 2 3 2 3 3 2 2 2 3 2 3 3 3 3 3 3 3 3 2 3 3 3 3 3 2 3 3 2 3 3 2 3 3 3 4 1 3 4 3 2 2 3 3 3 3 3 3 3 3 4 4 3 2 2 2 2 2 3 3 3 3 3 2 3 3 2 3 3 2 2 3 3 4 3 3 2 2 3 3 4 3 3 3 3 3 2 2 2 2 2 1 2 1 3 4 3 3 4 2 3 3 3 3 3 3 3 3 3 3 3 3 3 2 2 3 2 3 3 2 3 3 3 3 2 3 3 3 3 1 2 3 3 2 4 3 3 2 3 2 3 1 3 2 4 3 3 3 2 3 2 3 3 3 3 3 3 3 3 3 3 3 3 3 3 3 3 3 3 3 3 3 3 3 3 3 3 2 3 4 3 2 3 3 2 3 3 3 2 2 3 2 3 2 4 3 3 2 2 3 3 3 2 3 3 3 3 2 3 2 2 0 3 3 3 2 3 2 3 2 3 2 3 3 3 3 3 3 3 3 2 2 2 2 3 2 2 3 3 3 1 3 3 2 3 3 4 2 2 3 3 3 3 3 3 2 3 3 3 3 3 2 3 3 3 4 3 4 3 3 4 1 3 3 3 2 3 3 3 3 3 2 3 3 3 2 2 3 3 3 3 3 3 4 3 3 3 3 3 3 3 3 3 3 3 2 3 3 3 2 2 4 3 2 3 3 4 3 2 2 2 3 3 1 2 2 3 3 3 3 3 2 3 3 3 4 3 3 3 4 1 3 3 3 2 3 2 3 3 3 3 3 3 3 3 3 2 4 3 2 3 3 
Vertex 350: 3 2 3 3 1 3 3 4 4 3 3 4 3 3 3 3 3 4 3 3 3 3 3 3 3 3 4 4 3 4 3 3 3 4 3 3 3 3 3 3 3 3 3 3 3 3 3 2 3 3 3 3 4 2 3 2 4 3 3 3 3 2 3 3 3 3 3 3 3 3 1 2 3 3 3 4 4 4 4 3 3 3 2 2 2 3 3 3 2 3 2 4 3 3 3 2 2 2 4 4 2 4 3 3 3 2 3 3 2 2 3 3 3 3 4 3 2 3 2 3 4 3 3 3 2 3 3 3 3 3 3 1 2 3 3 3 4 2 3 3 4 2 2 4 3 3 3 4 3 4 3 3 3 3 4 4 3 3 3 1 3 3 3 3 3 3 3 3 3 2 2 3 1 4 3 3 3 4 3 3 3 2 3 3 3 3 3 3 4 4 3 3 3 3 3 3 3 3 3 3 3 3 4 2 3 4 2 3 4 3 3 4 3 3 3 3 3 3 3 3 3 4 3 3 3 3 4 4 3 3 3 3 3 3 3 2 3 3 4 2 3 3 3 3 3 3 3 3 2 2 3 3 3 3 3 3 2 3 3 4 3 3 3 3 3 3 3 3 3 2 2 2 3 3 4 3 3 3 3 2 3 3 4 4 2 2 2 3 3 3 3 3 3 3 3 4 3 3 3 2 3 4 2 3 3 3 3 3 3 3 4 4 3 3 2 3 1 2 3 3 4 3 3 3 3 3 3 3 3 3 2 2 3 4 3 3 3 3 3 3 2 4 3 3 3 3 2 3 3 3 0 3 2 3 4 3 3 3 4 2 2 3 3 3 3 3 3 4 3 3 3 3 3 3 4 3 3 3 4 3 3 3 3 2 2 3 4 3 3 3 2 3 3 3 2 3 4 4 4 3 3 3 2 3 3 3 3 3 2 3 1 3 3 3 3 3 3 3 3 3 3 3 2 3 4 3 3 4 3 3 2 1 3 3 3 3 3 3 4 2 4 3 3 4 2 2 3 3 4 3 3 3 3 3 3 3 3 3 4 2 3 3 2 3 3 2 3 2 2 2 3 3 2 3 3 2 2 2 3 4 2 3 2 3 3 3 3 3 4 3 3 2 3 4 2 3 4 3 2 2 
Vertex 351: 3 3 3 3 3 3 3 3 3 3 2 2 1 2 2 3 3 3 3 2 3 3 2 2 4 3 3 3 3 3 2 3 3 3 3 3 3 3 3 3 3 2 3 2 2 3 3 1 2 3 2 3 3 3 2 3 3 3 2 2 2 2 3 2 3 2 2 3 3 2 2 3 2 3 3 4 2 3 4 3 2 2 2 3 3 2 3 2 1 3 3 3 3 2 3 2 3 2 2 3 3 3 3 3 3 3 2 3 3 3 3 2 3 3 3 3 4 3 3 3 3 2 3 2 3 2 3 3 3 2 2 2 2 2 3 3 3 3 3 3 2 2 3 3 2 3 3 3 3 2 3 2 2 3 3 3 3 3 3 3 3 3 2 3 3 3 3 3 3 2 1 3 3 3 2 1 2 3 2 2 2 3 3 3 3 3 2 3 3 3 3 3 3 3 3 1 3 2 2 2 2 3 3 2 2 3 3 3 3 1 3 3 2 2 2 3 3 2 2 3 1 3 3 2 3 3 3 2 2 2 3 4 3 2 3 3 3 1 2 2 3 2 3 3 3 3 3 3 3 3 4 3 3 2 3 3 2 2 3 3 3 3 3 2 4 3 3 3 3 3 3 3 3 3 3 2 3 3 2 3 3 2 3 3 3 3 3 3 3 2 3 2 2 3 2 4 3 3 1 3 3 1 3 3 2 2 2 2 3 3 3 3 2 3 2 3 3 3 3 2 2 3 2 4 2 2 3 2 3 2 3 3 3 1 3 2 2 2 2 3 2 3 2 3 3 3 3 2 3 3 3 0 3 3 2 3 3 2 3 3 3 3 3 1 2 3 3 2 3 2 3 1 2 2 3 2 2 2 3 3 2 3 3 3 3 2 3 3 2 3 4 3 3 3 2 2 3 2 3 3 3 4 2 4 3 3 3 3 3 3 3 2 3 3 4 2 3 3 3 4 2 3 3 3 2 2 3 4 3 1 3 4 2 3 4 3 2 3 3 3 3 3 3 2 3 3 3 4 3 1 3 3 3 3 2 3 3 3 2 3 3 3 3 2 3 3 3 3 3 3 2 3 3 3 3 3 2 3 2 3 3 3 3 3 2 3 3 3 4 3 3 3 3 3 2 2 2 3 3 2 
Vertex 352: 3 3 2 3 2 3 3 3 3 3 3 2 3 3 3 2 2 4 4 3 4 3 3 3 2 3 3 2 2 4 3 3 3 2 3 3 3 3 3 3 4 3 3 3 1 4 3 2 3 3 3 3 3 3 2 2 3 3 3 3 2 3 3 2 3 3 2 4 3 2 3 3 2 2 3 4 3 3 3 3 3 2 2 3 3 3 2 3 2 2 3 4 4 4 2 3 3 2 3 2 2 4 3 3 3 3 2 3 3 4 3 3 3 3 3 2 3 3 3 2 3 3 3 3 3 3 2 4 4 3 3 1 3 3 3 2 3 3 3 3 3 1 3 3 3 3 3 4 3 4 3 3 3 3 3 3 3 2 3 3 4 3 3 3 3 3 3 4 2 2 2 2 2 3 2 3 3 3 3 3 3 3 2 3 3 2 2 3 4 3 3 3 3 3 2 3 4 3 4 3 3 2 2 3 2 4 2 3 3 3 3 3 2 3 2 3 3 3 3 3 3 2 3 3 3 2 3 4 3 3 3 3 2 3 3 2 3 2 2 3 3 3 3 3 3 4 3 3 2 2 4 3 3 3 3 2 4 2 3 4 4 3 2 3 2 3 2 3 3 2 3 3 3 3 3 3 3 3 4 3 3 3 3 4 2 3 3 3 3 3 3 2 3 3 4 3 3 3 3 3 3 4 3 3 2 3 2 3 3 2 3 3 2 3 2 2 3 4 3 2 3 3 3 3 3 3 3 3 2 1 4 2 3 4 3 3 3 1 2 3 3 3 3 3 2 3 3 3 3 3 2 3 0 1 3 3 1 2 3 3 3 3 3 3 3 3 3 3 2 3 3 3 3 3 2 3 3 2 3 2 3 3 3 3 3 4 2 2 3 3 3 2 2 3 2 2 3 3 3 3 3 3 3 3 3 4 3 3 3 3 3 2 2 3 2 3 1 3 4 3 3 2 3 3 3 3 3 3 4 2 3 3 3 3 3 3 3 3 4 3 3 2 3 3 3 2 2 3 2 3 3 2 3 4 4 4 3 3 3 2 3 2 3 3 3 3 4 2 3 3 3 3 1 3 4 3 2 3 3 4 4 2 3 3 3 3 3 3 3 3 3 3 2 3 3 3 3 3 3 3 
Vertex 353: 3 3 1 3 3 2 2 3 3 2 3 3 2 2 3 1 2 3 3 3 3 3 2 3 1 3 3 3 3 3 3 3 3 2 3 3 3 3 3 3 3 3 2 3 2 3 2 2 3 3 2 3 2 2 1 3 2 3 2 3 2 2 3 3 3 2 3 3 2 3 3 3 3 2 3 3 2 3 2 2 2 2 2 2 3 3 2 3 3 1 2 3 3 3 1 3 3 2 3 3 2 3 3 3 3 3 3 3 2 3 3 3 2 2 2 3 3 2 2 3 2 3 2 2 4 3 1 3 3 4 2 2 3 2 3 3 2 2 3 3 3 2 2 3 3 2 3 3 2 3 3 3 3 3 3 2 3 1 3 3 3 2 3 2 2 3 3 3 3 2 3 3 3 4 1 2 3 3 2 2 3 2 2 3 3 1 3 2 3 3 2 3 3 3 2 2 4 3 3 2 3 2 1 3 3 3 2 3 2 3 3 2 3 2 2 2 3 3 3 3 2 3 2 3 3 3 2 3 3 2 3 3 3 3 3 1 3 2 1 2 3 3 2 3 2 3 3 3 3 3 3 3 2 3 3 3 3 1 3 3 3 3 2 2 3 2 3 3 2 3 2 2 3 2 3 2 2 2 3 2 3 3 3 3 2 2 2 2 2 3 3 3 3 3 3 3 3 3 3 2 3 3 3 2 2 3 3 3 3 2 3 2 3 3 2 3 3 3 2 1 2 3 3 3 3 3 3 3 3 2 3 2 3 3 2 3 3 2 2 3 2 3 3 3 3 2 3 2 2 2 3 3 1 0 3 3 2 3 3 2 4 2 2 3 3 2 3 3 2 2 2 3 3 3 2 3 3 1 3 1 3 3 3 3 2 3 3 2 3 2 3 2 3 2 2 3 3 3 3 2 3 3 2 3 3 4 2 2 3 3 3 3 2 3 3 3 2 2 3 3 3 3 2 3 3 3 2 3 3 3 2 3 3 3 3 3 2 3 3 2 3 3 3 3 2 3 1 3 3 3 2 3 2 3 3 3 2 2 3 2 2 3 3 3 2 3 3 2 2 2 3 2 2 3 3 3 2 2 2 4 3 1 3 3 3 3 2 2 3 3 2 3 2 3 3 2 2 3 3 2 
Vertex 354: 4 3 3 3 3 1 4 2 3 3 3 3 3 3 3 3 2 3 3 3 2 3 2 3 3 4 3 2 4 3 4 3 3 3 2 3 3 3 3 3 3 3 3 3 3 3 2 3 3 2 3 3 4 3 2 3 3 3 2 3 3 3 4 3 3 3 3 3 3 3 3 3 3 3 1 4 4 3 3 3 2 3 2 2 3 2 3 3 3 2 3 3 2 4 3 3 3 3 2 1 3 3 3 3 2 3 3 3 3 2 3 2 3 2 3 3 4 3 3 3 4 3 4 2 4 3 3 4 3 3 3 3 3 3 3 3 3 3 3 3 2 3 2 4 2 3 3 2 2 2 2 3 2 3 3 2 2 3 3 3 4 2 3 2 3 2 2 3 4 2 3 3 3 3 3 2 4 3 3 3 3 2 3 3 3 3 2 4 2 3 3 1 2 3 3 3 3 3 4 3 2 3 4 3 4 3 3 2 3 2 3 3 3 3 3 2 3 4 3 3 3 3 3 3 3 3 3 4 2 3 3 3 2 2 3 3 3 3 2 3 2 3 3 3 2 2 3 3 3 3 3 3 2 3 3 2 3 3 3 3 3 3 3 3 3 3 3 3 3 2 3 3 3 3 3 3 1 3 3 3 2 3 3 3 2 3 2 3 2 3 3 2 3 3 3 3 3 2 3 3 3 3 3 3 3 3 2 3 3 3 3 3 2 3 2 3 3 4 3 3 2 3 3 3 1 3 3 2 3 3 2 2 3 3 2 3 3 2 3 2 3 3 3 4 3 3 3 3 3 3 4 2 3 3 0 3 2 3 1 3 2 3 3 1 3 2 3 3 3 3 3 3 3 2 3 3 3 3 2 3 3 3 3 3 4 2 4 3 3 2 3 2 1 3 3 3 3 3 3 3 3 3 3 3 2 1 3 3 4 3 3 3 3 4 3 2 3 3 3 3 3 3 2 3 3 3 3 4 3 3 2 3 1 3 3 3 3 3 2 2 2 4 3 3 3 3 3 3 3 3 2 3 3 2 3 3 3 3 3 3 3 3 2 3 3 3 3 4 2 2 3 3 3 4 3 3 4 3 2 3 4 3 3 3 3 3 3 3 3 3 3 4 3 3 3 3 3 3 3 3 
Vertex 355: 3 3 3 3 2 3 3 3 4 3 2 4 4 3 2 3 3 3 3 3 3 2 3 3 3 3 3 3 3 3 3 4 3 2 3 2 3 3 3 3 2 2 2 2 3 4 3 2 3 3 2 3 3 3 3 3 3 3 3 2 2 3 3 3 3 3 3 2 3 3 3 3 2 2 3 4 3 2 3 2 2 3 3 3 3 3 2 4 3 3 2 3 3 3 3 3 4 3 3 3 4 2 2 3 2 4 2 2 3 3 1 4 3 3 4 3 4 2 3 3 1 4 3 4 4 3 3 3 3 3 3 3 3 3 4 3 2 3 1 3 2 2 3 2 3 3 3 2 3 3 1 3 2 3 3 3 3 2 3 3 4 3 3 2 3 3 3 3 3 3 3 3 3 3 2 3 3 3 2 3 3 2 3 3 3 3 3 2 2 4 3 3 3 4 3 3 3 2 3 3 3 2 2 2 3 2 3 3 4 4 2 4 3 3 3 2 3 3 3 2 3 3 4 3 2 2 3 4 3 3 3 3 3 2 3 4 3 3 3 2 3 2 3 3 2 2 3 2 3 3 3 3 3 3 3 2 3 3 3 3 4 3 3 3 3 3 3 2 2 3 3 3 3 3 3 3 4 3 3 1 3 3 3 3 2 3 3 3 3 3 2 3 3 3 2 3 2 3 3 3 3 3 3 3 3 1 2 2 2 3 3 4 4 2 3 3 3 4 3 3 3 4 3 3 3 3 3 4 2 3 3 2 3 3 3 3 3 3 3 3 3 4 4 3 3 1 3 3 3 2 3 3 3 3 3 0 3 3 3 3 3 3 3 3 3 3 2 3 3 2 3 3 3 3 3 3 3 3 3 3 3 3 3 3 4 3 2 3 3 3 3 3 3 3 3 3 3 4 2 3 3 4 3 2 3 4 3 3 3 2 3 3 2 2 3 3 4 2 4 3 4 3 3 3 3 2 3 3 1 3 3 4 3 3 3 3 3 2 3 3 2 3 2 4 3 3 3 1 3 4 3 3 3 3 4 4 3 2 3 3 3 3 4 3 2 3 3 3 3 3 4 3 3 3 3 3 2 4 3 3 3 3 3 3 3 2 3 3 2 4 3 2 4 1 2 3 4 4 2 3 
Vertex 356: 2 3 2 2 3 3 3 3 2 2 3 1 3 3 3 3 2 3 3 3 3 2 2 3 3 3 4 3 3 3 3 3 2 3 3 3 3 3 4 3 3 2 2 3 2 3 2 3 2 3 3 3 3 2 1 3 2 2 3 3 3 3 2 3 3 3 3 3 3 3 4 2 3 3 3 4 3 2 2 3 3 1 3 3 2 3 3 3 2 3 3 3 3 3 3 3 3 3 3 1 3 3 3 3 3 3 1 3 3 3 4 3 2 2 3 1 3 3 3 3 3 3 3 3 3 3 2 3 3 3 3 2 3 3 2 3 2 3 3 3 3 2 2 2 3 3 3 3 3 3 2 3 2 3 3 3 2 3 3 3 3 3 3 3 3 3 3 3 3 3 3 1 3 2 2 2 3 2 2 3 2 3 2 3 2 3 3 3 3 3 3 3 3 2 1 3 3 3 3 3 3 3 2 3 2 4 3 3 2 2 3 3 3 3 3 2 2 3 3 3 2 3 3 3 4 3 2 3 2 3 2 3 3 2 3 3 3 3 3 3 3 3 3 4 3 3 3 3 3 2 3 3 3 2 3 2 3 2 3 3 3 2 3 3 1 2 2 3 3 1 3 4 2 3 3 2 2 3 4 3 3 3 3 3 3 3 3 3 3 2 2 3 3 2 3 4 2 2 3 2 3 4 2 3 2 3 2 3 3 3 3 2 3 3 2 3 3 3 2 3 3 3 2 4 2 3 3 3 3 2 3 3 2 3 3 2 3 2 3 3 3 2 3 3 3 3 2 2 3 3 3 3 1 2 2 3 0 3 3 3 3 3 2 3 3 3 3 2 1 3 3 2 3 3 1 3 3 2 3 3 3 3 3 4 3 3 3 3 3 3 2 3 3 3 1 3 3 3 3 3 3 3 3 3 3 3 3 3 2 3 3 2 3 2 3 3 2 3 4 3 3 3 2 2 3 2 2 3 3 3 2 2 3 3 3 3 3 3 3 2 3 3 3 2 3 3 3 3 2 3 3 3 3 3 3 3 3 3 3 3 2 3 3 3 3 2 3 3 3 3 3 3 2 3 3 2 3 3 2 4 3 2 3 3 3 2 3 3 2 3 3 3 3 3 3 3 3 3 2 3 
Vertex 357: 2 2 3 3 3 3 3 3 3 3 3 3 2 3 3 3 3 3 3 3 3 3 2 2 3 3 4 3 4 3 3 3 2 3 3 3 3 3 3 1 3 3 3 3 1 3 3 3 3 2 1 2 3 2 3 2 4 3 3 3 3 3 3 2 2 4 2 3 3 2 3 3 2 2 3 2 3 3 3 3 3 3 2 3 2 3 3 3 1 3 3 3 3 3 3 3 3 2 3 3 2 3 3 3 3 3 2 3 3 3 3 3 3 3 3 3 4 3 3 3 3 3 3 2 3 4 3 3 4 3 3 2 2 3 3 3 2 3 3 2 3 3 2 4 3 3 3 2 3 4 3 3 2 3 4 3 1 3 3 3 4 3 2 3 3 3 2 3 3 2 3 3 3 3 3 3 3 3 3 3 3 3 2 3 3 3 3 2 4 4 3 3 3 3 3 3 3 3 4 3 3 3 3 3 2 3 3 2 2 3 3 4 3 3 3 2 4 4 3 3 3 4 3 3 2 2 3 3 3 3 3 3 4 4 2 3 4 2 2 2 3 3 3 3 3 3 3 2 3 3 3 3 3 2 3 3 2 3 1 3 3 3 4 4 2 3 3 3 3 2 3 3 3 2 3 3 2 2 3 2 3 3 3 3 3 3 3 3 3 3 4 4 3 3 3 2 3 3 3 3 3 3 3 4 3 3 3 3 3 3 4 3 3 3 3 2 3 4 3 3 3 2 2 3 3 3 3 2 3 3 3 2 3 3 2 4 3 3 3 3 3 4 3 3 2 2 3 2 3 2 3 2 2 3 3 3 3 0 3 3 3 3 3 3 3 3 3 3 3 3 3 3 3 3 3 2 3 4 3 2 3 3 3 3 4 3 3 4 3 3 3 2 3 3 3 1 3 3 4 2 3 3 2 3 3 4 4 3 3 2 3 4 3 3 3 3 2 3 4 3 3 3 2 3 2 3 3 3 2 2 3 3 2 3 3 2 3 2 4 3 3 3 3 3 2 3 3 3 3 2 3 3 3 3 4 3 3 3 3 2 3 3 2 2 3 4 3 2 3 2 3 1 3 3 3 3 3 3 3 3 3 3 3 2 3 3 3 3 3 3 3 3 3 3 2 4 3 4 3 3 
Vertex 358: 3 3 3 3 3 2 4 3 2 4 4 2 3 3 3 3 3 3 3 2 3 3 3 3 3 4 3 3 3 3 3 3 2 3 3 3 4 2 4 2 3 3 3 3 3 3 2 3 3 3 3 3 3 3 3 3 3 3 3 3 4 3 3 4 3 3 4 2 2 4 4 3 3 3 2 3 4 3 3 3 3 3 3 3 3 3 3 3 4 3 4 4 2 4 3 3 3 3 1 2 3 3 3 3 3 4 3 3 4 2 4 3 3 1 3 3 4 3 2 4 3 4 3 3 4 4 3 3 3 4 2 3 3 3 3 3 3 3 2 3 2 4 3 3 2 3 4 1 2 3 3 3 3 3 4 3 3 3 4 3 3 3 3 3 2 3 3 4 3 3 3 3 3 3 3 3 3 3 3 3 3 3 3 3 3 3 3 3 3 4 3 2 3 2 2 4 3 4 4 3 3 3 3 4 3 3 2 3 3 2 3 4 3 4 3 1 4 3 3 4 3 3 3 3 3 3 3 4 3 2 3 3 3 3 4 3 2 3 2 3 3 4 3 4 3 3 4 3 3 2 3 2 3 3 3 3 3 2 2 2 3 2 3 2 3 3 3 3 4 2 4 2 3 3 3 2 2 3 3 2 2 2 4 4 2 3 3 3 3 4 2 3 4 2 3 3 3 1 3 3 3 3 4 4 3 4 3 2 3 3 3 3 1 4 3 3 3 3 3 3 3 4 3 3 2 3 3 3 4 3 3 2 4 3 2 3 3 3 3 3 3 3 4 4 2 3 3 3 3 3 4 3 3 3 1 3 3 3 0 3 2 3 3 2 3 3 3 2 2 3 3 3 3 3 3 3 3 3 3 3 4 3 3 4 3 3 4 2 3 3 4 2 2 4 3 3 3 3 3 3 4 3 3 4 3 2 3 2 3 3 3 3 3 3 3 3 2 3 3 3 2 4 3 2 3 3 3 3 3 2 3 3 2 3 3 2 2 3 3 3 2 3 2 3 2 2 3 3 3 3 3 3 3 3 3 3 3 4 4 3 3 4 3 3 4 2 3 4 3 3 3 2 3 3 3 3 3 4 3 4 4 4 3 4 2 2 2 2 4 4 3 3 3 2 3 3 4 2 3 3 
Vertex 359: 3 3 3 3 3 2 3 3 2 3 2 3 3 3 2 2 2 3 3 2 3 2 3 3 3 3 4 2 3 3 3 3 3 3 1 3 3 3 3 2 3 3 3 1 3 3 3 3 3 3 3 3 3 3 2 3 2 2 3 2 2 3 3 3 3 3 3 2 3 3 3 3 3 3 3 3 3 3 3 2 3 4 3 4 2 3 3 3 2 3 3 3 4 3 2 3 3 3 3 3 2 3 2 3 2 3 3 3 2 3 2 3 3 3 3 3 3 3 2 3 3 3 3 3 3 3 3 3 3 4 2 3 2 2 3 3 2 3 4 3 3 3 3 3 3 3 3 3 3 2 3 2 1 4 3 2 3 3 3 3 4 3 3 3 2 3 3 4 3 3 3 3 2 3 1 2 2 3 3 2 2 3 3 3 2 3 1 3 3 3 3 3 3 3 2 2 2 3 3 3 3 3 2 3 3 3 2 2 3 3 3 3 3 3 2 3 3 4 2 2 3 2 2 3 3 3 2 4 3 3 3 3 3 3 2 3 3 3 3 2 4 3 3 2 2 3 2 3 2 3 3 3 2 3 2 3 3 2 3 3 3 3 2 3 3 3 3 2 3 2 3 2 3 3 2 2 3 1 4 2 3 3 3 3 2 2 2 3 3 2 1 3 3 3 3 3 3 2 2 3 3 3 3 2 2 3 3 3 3 3 3 2 3 2 2 3 3 3 3 3 3 2 3 2 3 3 3 3 2 2 3 3 3 3 3 3 2 3 1 3 3 3 3 3 3 2 3 3 4 2 2 3 3 2 3 3 3 3 3 0 3 2 2 2 2 3 3 3 2 2 1 2 3 3 2 2 2 3 3 3 3 3 2 1 3 3 3 2 2 2 3 3 2 2 3 3 3 3 3 3 3 3 2 3 3 4 4 2 3 3 1 3 3 3 3 3 3 3 3 2 2 3 2 3 3 3 3 3 2 3 2 3 3 2 2 3 2 2 3 2 3 3 3 3 2 3 3 3 3 3 2 3 3 2 3 3 3 2 2 3 3 2 2 3 3 4 2 4 2 1 3 2 2 3 3 1 3 3 3 3 3 3 2 3 2 3 2 4 3 3 3 3 2 2 3 4 3 3 3 2 
Vertex 360: 4 3 3 3 3 2 3 3 4 3 3 4 3 4 3 3 3 3 4 3 3 3 4 2 3 3 3 3 4 3 4 4 3 3 2 3 3 3 3 3 2 3 3 4 3 4 3 4 4 2 3 3 2 2 3 2 3 1 3 3 3 3 3 3 4 3 3 3 3 3 3 3 3 3 3 3 2 4 3 3 4 3 4 2 3 4 3 3 2 3 4 3 4 4 3 3 4 3 3 3 3 3 2 4 3 4 3 3 3 4 3 2 3 3 3 3 2 3 4 3 4 3 3 4 3 3 3 2 3 4 3 3 3 3 4 3 3 3 2 3 2 2 3 4 4 3 3 3 4 2 3 3 3 4 3 2 3 4 3 3 4 3 2 3 4 3 3 3 3 3 3 2 3 3 3 3 3 3 3 2 3 2 3 3 3 3 4 3 2 4 3 3 3 3 2 2 4 3 3 3 3 3 3 3 3 3 3 3 4 3 3 3 4 3 3 3 3 3 3 4 3 3 2 3 3 3 4 3 4 3 3 3 3 3 4 4 3 3 4 3 4 2 3 4 3 2 3 4 3 2 4 2 3 3 2 1 3 3 3 2 3 3 2 3 3 3 4 3 3 2 3 2 2 3 3 3 3 4 3 3 3 1 4 3 3 2 3 3 2 3 3 2 3 3 3 4 3 3 2 2 3 3 3 4 2 4 3 3 3 3 3 3 2 3 2 3 1 3 3 3 3 3 3 3 3 4 4 1 2 3 3 3 3 4 3 3 3 2 2 2 3 3 4 3 3 3 3 3 3 3 2 3 3 4 2 3 3 3 2 3 0 3 3 3 3 2 3 3 4 3 3 3 3 3 4 3 4 4 3 3 3 3 2 3 3 3 4 3 2 3 4 3 1 4 3 3 4 2 3 3 3 3 2 3 3 3 3 3 2 2 3 2 3 3 3 3 3 3 3 4 4 3 3 3 4 1 4 4 2 2 3 3 2 2 4 3 2 4 4 2 3 3 3 2 3 2 4 4 3 3 2 3 3 3 4 3 3 3 3 3 3 3 3 3 2 3 2 3 3 3 3 3 3 3 4 3 3 3 2 4 3 4 3 2 3 3 3 2 3 2 4 3 3 3 2 3 2 3 4 3 
Vertex 361: 3 3 3 3 3 2 3 3 4 3 3 3 3 3 4 3 3 3 3 2 4 3 3 2 3 3 4 3 2 2 4 3 3 3 3 3 4 4 3 2 3 3 3 3 3 3 3 3 3 3 2 3 3 3 3 3 2 4 3 3 3 3 3 3 3 3 3 2 1 2 3 4 3 3 3 3 3 4 4 3 3 4 3 3 3 3 3 3 2 3 4 3 3 4 2 4 4 4 3 4 2 2 2 3 2 3 3 4 3 3 4 3 3 2 2 3 3 2 3 4 3 3 4 3 4 2 2 3 4 4 3 3 3 3 1 3 3 3 3 3 3 3 3 3 3 3 3 3 3 2 4 2 3 3 3 3 3 3 3 4 4 3 1 3 3 3 3 3 4 2 3 3 3 4 3 3 3 3 3 2 2 2 3 3 3 3 3 3 4 3 2 3 4 3 3 4 3 3 3 3 3 3 3 3 3 4 3 3 4 3 3 3 3 1 3 2 4 3 3 3 3 2 2 3 3 3 3 3 3 3 3 3 3 3 2 2 3 2 1 3 4 3 3 2 3 4 3 3 3 4 2 2 3 3 3 3 3 3 3 3 3 2 3 3 3 2 3 3 3 3 4 3 3 2 2 3 2 3 3 3 2 3 2 3 2 3 3 2 3 2 3 3 3 2 3 3 3 4 3 4 3 3 4 3 3 3 4 3 3 2 3 4 3 3 2 2 3 3 3 2 2 3 3 4 3 3 3 3 2 3 3 3 2 2 2 3 2 3 3 3 3 3 3 3 3 3 3 3 2 3 3 3 3 2 3 3 3 3 3 2 3 0 3 4 3 3 3 4 2 3 3 3 4 3 3 3 3 3 3 3 2 3 2 3 3 3 4 3 3 3 4 3 3 3 3 3 3 4 4 3 3 3 4 4 3 4 4 3 4 3 2 3 3 3 3 3 4 3 3 3 4 3 4 3 3 2 3 3 2 3 3 3 3 4 3 3 3 4 3 3 2 4 4 2 3 3 3 3 3 3 3 3 3 2 3 3 4 3 3 2 3 2 3 4 3 4 4 2 3 1 2 3 4 4 4 2 3 3 2 3 4 3 2 3 3 3 1 3 3 3 3 3 2 3 3 3 3 3 3 4 
Vertex 362: 3 2 2 3 3 3 3 4 2 2 3 3 3 3 3 3 3 3 3 3 4 3 3 3 3 3 4 3 3 1 3 3 3 4 3 3 4 3 3 3 3 3 2 3 3 4 3 3 3 2 4 3 4 2 1 3 2 3 3 3 3 3 3 3 3 3 4 4 3 4 3 3 3 3 3 4 3 3 3 3 3 3 3 2 2 2 3 3 3 3 3 3 3 3 3 3 3 3 3 3 3 4 3 3 3 3 3 3 3 3 4 3 3 4 3 2 1 3 3 3 4 3 3 3 2 4 3 3 3 3 3 2 3 2 3 2 3 3 3 3 2 2 3 3 3 3 2 4 3 3 2 2 3 3 3 3 3 3 4 3 4 3 2 3 3 4 3 4 3 4 3 2 3 3 2 2 2 3 2 3 3 3 3 3 3 3 3 2 3 3 3 4 3 3 2 2 3 3 3 4 3 4 3 4 3 3 2 3 2 4 3 4 3 4 3 3 3 3 4 3 4 3 4 3 3 3 3 3 3 3 3 4 3 2 4 3 3 3 3 3 3 3 3 4 3 3 3 3 4 3 3 3 2 1 3 3 3 3 2 3 3 3 3 3 2 2 3 4 3 3 3 2 3 3 3 2 2 3 3 4 3 3 4 2 3 3 3 2 4 3 1 3 3 3 2 4 3 2 3 3 3 3 2 3 3 3 3 3 3 3 3 2 3 3 3 3 2 4 4 3 3 3 3 4 3 3 3 3 3 4 3 3 3 3 4 3 2 3 3 4 4 3 2 3 4 3 3 3 3 3 3 3 3 2 3 3 2 3 3 2 3 3 0 3 3 3 2 3 2 4 3 3 2 3 2 4 2 3 3 3 3 4 3 3 4 3 3 3 3 3 3 4 3 3 3 3 4 2 3 2 3 3 3 4 3 2 4 2 3 3 3 1 3 3 4 3 3 3 3 4 4 3 3 4 4 2 2 4 3 3 3 3 4 2 2 3 3 3 3 2 2 2 3 3 3 3 3 3 1 4 4 3 3 3 3 3 3 3 2 3 2 3 3 3 4 3 2 4 3 3 2 3 4 4 3 3 3 2 2 3 3 3 4 3 3 3 4 4 1 3 3 2 3 2 3 4 3 3 3 3 
Vertex 363: 3 4 3 3 3 2 4 3 2 3 3 3 2 3 2 3 3 3 3 3 3 3 2 3 4 3 4 3 3 2 3 3 3 3 2 3 3 4 4 3 3 3 3 3 2 3 3 2 3 3 3 3 3 3 3 3 2 3 3 3 2 3 3 3 3 3 3 3 3 3 3 3 3 3 2 3 3 3 3 3 3 3 1 3 3 1 3 3 2 3 3 3 3 3 3 3 3 2 3 2 3 3 3 3 3 3 3 2 4 3 3 3 2 3 4 3 4 2 4 3 3 2 3 3 4 3 3 3 2 3 2 3 3 3 3 3 2 3 3 3 3 3 3 3 3 3 2 3 2 3 3 3 1 2 3 3 3 3 3 4 4 3 3 3 3 3 2 3 3 3 2 3 2 3 3 2 3 3 2 3 2 3 3 3 2 4 1 3 2 2 3 2 3 2 3 2 2 3 3 3 3 3 3 3 3 3 3 3 3 2 3 2 3 3 3 3 2 3 2 4 2 3 3 3 2 3 3 3 3 3 3 3 3 1 3 3 4 2 3 3 3 3 4 2 3 3 3 2 3 3 3 2 3 3 3 3 3 2 3 4 3 3 3 3 3 4 2 2 4 3 3 4 3 3 2 3 2 3 3 3 3 3 3 3 3 2 3 3 3 2 3 3 2 3 3 3 3 3 2 3 3 2 3 3 3 2 3 3 3 4 3 3 3 3 2 3 3 3 2 3 3 3 3 4 2 3 3 3 3 2 3 3 3 2 3 3 3 3 2 3 3 3 3 3 3 4 3 3 3 3 3 1 3 3 1 3 3 3 2 2 3 4 3 0 3 3 3 3 2 2 3 2 3 3 3 3 3 3 3 3 3 2 2 3 4 3 4 3 2 2 3 3 2 2 3 3 3 3 3 3 3 3 3 3 3 2 3 3 3 3 3 3 4 3 3 1 3 3 3 3 3 3 3 3 3 3 3 4 2 2 2 4 2 2 3 2 2 3 3 3 2 3 3 3 2 3 3 3 2 2 3 2 3 3 3 3 3 4 2 3 2 3 3 3 3 3 3 3 3 3 3 3 2 4 3 3 3 2 3 3 3 3 2 3 2 3 3 3 3 4 2 3 3 3 3 3 3 2 4 3 
Vertex 364: 3 3 3 2 2 3 4 3 2 3 2 3 3 2 3 3 3 3 2 3 4 4 2 3 3 2 3 2 3 3 2 3 3 3 1 3 3 4 3 2 3 3 3 3 2 3 3 3 3 3 3 3 3 3 3 2 3 3 2 3 3 2 2 2 2 3 3 3 3 3 3 3 3 2 3 2 2 3 3 2 3 3 2 4 3 3 3 2 3 3 3 4 3 4 3 4 3 3 3 2 3 3 3 3 3 1 3 3 3 3 4 3 3 2 3 3 4 4 3 3 3 4 3 3 3 3 3 3 1 3 4 2 3 2 3 3 4 3 3 3 3 2 4 3 3 3 2 4 4 2 3 3 3 3 4 2 3 2 3 2 4 4 3 3 4 3 3 2 3 3 3 3 3 3 3 3 2 3 4 2 3 3 3 3 3 2 3 4 3 3 3 4 3 2 3 2 4 2 3 2 3 3 2 3 3 3 3 4 3 3 3 4 3 3 3 3 3 3 2 3 3 2 3 2 3 3 4 2 3 3 3 4 3 4 3 3 4 3 2 2 3 3 3 3 3 4 4 3 3 2 4 3 3 3 3 3 3 3 2 3 3 3 3 2 3 3 3 2 3 3 3 3 3 3 3 3 3 3 3 3 3 3 3 3 2 2 3 3 2 3 2 3 3 3 3 3 3 3 3 3 4 1 4 3 3 3 2 3 3 1 2 2 2 3 3 3 3 3 3 3 3 3 3 2 3 3 4 3 3 2 4 1 3 3 3 2 3 3 3 3 3 3 4 3 3 2 3 2 3 3 3 2 3 3 3 3 3 3 3 2 3 3 3 3 0 3 3 3 3 2 3 3 2 2 4 3 3 3 4 3 4 2 3 3 4 3 3 3 3 2 3 4 2 2 3 4 4 2 3 3 4 3 3 3 3 3 3 3 3 3 3 3 4 3 2 2 3 3 2 4 2 3 2 3 3 2 3 3 3 1 3 3 2 3 3 3 3 3 3 2 3 3 3 3 3 4 3 3 3 3 3 3 4 3 2 3 4 3 3 3 3 3 4 3 3 3 1 2 3 3 2 3 3 3 3 3 3 2 3 3 3 4 3 2 3 3 3 3 4 4 1 4 2 3 3 3 3 3 3 3 
Vertex 365: 4 3 2 3 3 3 4 3 4 4 3 3 2 3 3 3 3 4 4 3 3 3 3 2 3 2 3 3 3 3 3 3 3 2 3 2 3 4 3 3 3 4 3 3 3 3 3 2 3 3 3 4 3 3 3 4 2 3 3 3 2 3 2 3 3 3 2 3 3 3 3 4 4 4 3 3 2 3 4 3 3 3 2 3 2 2 2 3 2 3 3 3 2 3 3 3 3 1 3 3 3 3 3 3 3 3 3 2 3 3 3 3 3 3 3 2 4 1 3 3 2 3 3 3 3 3 3 2 3 3 2 2 3 3 2 3 3 3 3 3 3 3 3 4 3 3 3 3 2 2 3 3 3 3 3 3 3 3 4 2 3 2 3 3 3 3 3 3 3 3 2 3 3 4 3 2 3 2 3 3 2 3 3 3 3 3 3 3 2 3 3 3 3 3 3 3 2 3 4 2 2 3 3 1 3 3 3 4 3 3 3 3 2 2 3 2 2 2 4 4 4 4 3 3 2 3 3 3 3 3 3 4 2 3 3 3 4 3 3 3 2 3 3 3 3 2 3 3 4 4 4 3 3 2 1 2 3 1 2 3 2 3 3 3 3 3 3 3 3 2 3 4 3 2 3 3 3 3 3 3 3 3 3 3 3 3 3 3 3 3 3 3 3 3 3 3 2 4 2 3 3 2 1 4 2 2 3 3 3 4 3 2 4 3 2 3 3 4 3 3 4 3 3 4 1 3 4 1 3 3 4 3 4 3 3 3 2 3 2 3 3 3 3 4 4 4 3 3 3 3 3 3 3 2 2 3 3 3 3 3 2 3 3 3 3 0 3 3 3 4 3 3 3 3 3 3 4 3 3 3 2 3 3 2 3 2 3 3 2 2 3 2 3 3 2 3 4 2 2 3 3 3 3 1 2 3 3 3 3 3 3 2 4 3 3 3 3 2 4 3 3 2 2 3 3 3 2 3 3 4 3 2 2 2 3 3 3 3 4 2 3 3 3 3 3 2 2 3 3 3 3 3 3 2 3 3 2 3 3 3 2 3 3 4 3 3 3 3 2 3 1 3 3 3 3 3 3 3 2 3 3 2 3 3 3 3 3 3 3 4 3 3 2 2 3 2 3 3 4 2 
Vertex 366: 3 3 3 3 3 3 3 3 3 3 1 3 3 2 4 3 3 3 3 2 3 3 2 1 3 3 3 3 3 3 2 3 3 2 3 3 3 3 3 4 3 3 4 4 3 2 3 2 2 3 3 3 4 4 3 3 3 4 3 3 3 4 3 3 3 3 3 3 3 3 3 2 3 3 3 3 3 3 3 2 3 3 3 2 3 3 3 3 2 4 3 3 2 4 2 3 3 3 3 3 3 2 3 3 2 3 2 3 2 1 3 3 3 3 3 4 3 3 2 3 2 3 3 4 4 3 3 3 3 3 3 3 3 3 3 3 2 3 2 3 2 3 3 2 3 3 3 3 3 3 3 3 3 4 3 2 3 3 4 2 4 3 3 3 3 2 3 3 3 2 3 3 3 4 3 3 3 2 3 2 3 3 3 3 4 4 3 3 3 3 2 3 3 3 3 4 2 2 3 3 3 4 3 2 3 2 3 3 4 3 3 3 3 3 3 3 3 2 3 2 2 3 3 3 3 3 4 2 3 4 3 3 3 2 3 3 3 2 3 2 4 3 3 4 2 3 3 4 3 3 3 3 2 3 2 2 3 3 3 3 3 3 3 3 3 3 3 3 3 3 4 2 3 2 3 3 4 3 3 3 2 3 3 2 2 3 3 3 2 3 3 3 3 3 3 3 2 2 3 3 3 2 3 3 3 1 3 3 2 3 3 2 3 3 3 3 4 4 3 3 3 3 1 3 3 3 3 2 3 3 3 3 3 4 2 3 2 4 3 3 3 3 2 3 3 3 3 3 3 3 3 3 3 3 3 2 3 3 3 3 3 3 2 3 3 3 0 3 3 4 3 3 3 3 4 2 3 3 3 3 3 3 3 3 2 3 2 3 3 3 3 3 3 3 2 3 3 2 2 3 3 3 3 3 3 4 4 2 3 3 3 3 4 2 3 3 3 1 3 3 3 3 3 3 3 3 3 3 3 3 3 4 3 4 3 3 3 2 3 3 3 1 3 2 2 3 3 1 2 3 3 2 3 2 3 2 3 2 3 4 2 3 3 3 3 4 4 4 3 3 3 3 4 3 2 2 3 4 3 4 3 3 3 3 2 1 2 3 3 4 2 3 4 3 3 3 3 3 2 2 
Vertex 367: 3 3 3 3 3 3 4 3 3 3 3 3 1 3 3 2 3 3 2 3 3 3 3 3 3 4 3 3 4 3 3 3 2 3 2 3 2 3 3 3 3 2 3 4 2 4 3 3 4 3 3 3 3 4 3 3 3 3 2 2 3 3 4 3 3 3 3 3 3 3 3 3 3 3 3 4 2 3 3 2 3 3 3 3 3 3 3 3 2 3 3 4 2 2 4 3 3 3 1 3 2 3 3 3 3 2 3 3 3 4 3 2 3 3 3 3 3 4 3 3 3 2 3 3 2 3 2 3 3 3 3 3 4 3 3 2 3 3 3 4 2 3 3 4 2 3 4 3 2 3 3 3 3 3 3 1 2 3 3 3 3 3 3 3 3 3 3 4 3 2 3 3 4 4 2 3 3 3 3 3 2 3 1 3 3 4 2 3 3 4 3 3 2 3 3 3 3 3 4 3 3 3 3 4 2 3 3 3 2 2 3 3 3 3 2 3 4 4 4 3 3 3 3 2 2 3 3 4 4 2 2 4 3 3 3 3 3 3 3 3 3 2 3 3 3 2 2 3 3 3 4 3 3 2 3 3 4 2 3 2 3 3 3 3 3 4 2 3 4 3 3 4 3 3 3 3 3 2 2 3 2 3 4 2 3 3 3 3 3 3 4 4 2 2 3 4 3 3 3 3 3 3 3 3 3 4 2 3 3 2 3 3 3 3 3 3 4 4 3 4 2 3 2 3 3 2 2 3 4 3 2 3 4 3 3 3 3 3 3 3 3 3 2 3 3 3 3 3 3 3 4 2 3 3 3 3 2 3 2 3 3 4 3 3 3 3 3 0 3 3 3 1 3 4 1 3 3 2 4 3 3 4 4 3 3 3 4 3 3 2 3 2 2 3 2 3 3 2 3 3 3 3 4 4 3 2 3 4 4 4 4 3 4 3 3 3 3 3 3 4 3 3 3 3 3 3 3 3 2 3 3 4 3 2 4 3 3 4 3 3 2 3 2 2 3 4 3 3 3 3 3 3 3 2 3 4 2 3 3 3 3 3 3 2 3 3 3 3 3 3 3 3 3 3 3 4 3 3 4 4 3 4 3 3 2 2 3 3 3 3 4 3 3 3 3 3 4 4 3 3 
Vertex 368: 1 3 1 3 2 3 3 3 3 3 2 2 3 4 2 3 3 3 3 2 3 2 3 3 3 3 3 3 3 3 4 4 3 3 3 3 3 4 3 2 3 3 2 3 3 2 3 3 3 3 3 3 3 3 2 3 3 3 2 3 3 3 3 3 3 3 3 3 2 3 3 2 3 3 3 4 3 3 3 3 4 2 3 2 3 3 2 3 2 3 2 3 3 3 3 4 4 2 3 2 3 3 3 2 3 3 2 3 3 3 3 3 3 3 2 2 3 2 2 3 3 3 3 3 2 3 3 3 3 4 3 3 3 3 1 3 3 3 4 3 4 3 3 1 4 2 2 3 3 3 3 2 1 3 3 3 3 3 4 4 4 3 3 3 2 3 3 4 3 3 3 2 3 3 2 2 3 3 3 2 3 3 3 3 3 3 3 3 4 3 3 3 3 3 2 3 3 3 2 2 3 3 2 3 3 3 3 3 2 3 3 3 3 3 2 1 3 3 2 3 3 3 3 2 3 3 1 2 3 2 3 3 2 3 4 2 3 3 3 2 3 2 3 3 4 3 2 4 3 3 3 2 3 1 3 3 3 2 2 3 3 3 3 3 2 3 3 3 3 2 3 3 3 3 2 3 3 3 3 2 2 3 4 4 3 2 2 3 3 3 3 3 3 3 2 3 3 3 3 3 3 3 2 3 3 3 3 4 3 3 3 3 3 3 2 3 3 4 3 3 3 2 3 3 3 3 3 3 4 3 3 3 2 3 2 3 3 3 2 3 3 3 2 3 3 3 1 1 3 2 3 3 2 2 3 3 1 3 2 2 4 2 2 2 3 3 3 3 0 2 3 3 2 3 2 2 2 3 3 3 3 2 3 3 4 3 2 3 3 2 3 2 3 2 2 3 3 2 3 2 3 3 3 3 3 4 3 2 3 3 3 3 4 3 3 3 3 3 3 4 3 3 3 2 2 3 1 3 2 3 3 3 3 2 3 3 2 3 3 2 4 3 3 3 2 3 3 2 3 3 3 3 3 2 3 2 3 3 2 2 3 2 3 2 4 3 2 4 3 3 2 3 3 3 3 3 3 3 2 3 3 3 2 3 2 3 2 3 3 3 3 2 3 3 3 3 2 3 3 3 
Vertex 369: 3 3 3 3 2 2 4 3 2 2 3 2 3 2 2 2 3 3 3 2 3 3 3 3 3 3 4 3 3 4 3 3 3 3 3 3 3 3 3 2 3 3 3 2 3 3 3 2 3 2 2 3 3 3 3 2 2 3 3 2 2 3 3 3 3 3 4 3 3 3 3 3 2 2 3 3 3 3 3 2 3 3 3 2 3 3 3 3 3 3 3 3 3 4 3 3 3 3 3 4 3 3 2 3 3 3 3 2 3 3 3 3 2 2 3 3 3 3 3 3 3 2 3 3 4 2 3 3 3 3 2 2 3 2 2 3 2 3 3 2 2 2 3 3 3 3 2 3 3 3 3 2 3 3 3 3 2 2 3 4 2 3 3 2 3 3 3 3 3 3 2 3 2 3 3 3 3 3 2 3 3 3 3 3 3 2 1 3 3 3 3 3 3 2 3 3 3 3 3 3 3 2 3 3 3 3 3 3 3 2 3 3 3 2 3 2 3 3 3 2 3 4 3 3 3 3 3 4 3 3 2 3 3 3 3 3 3 3 3 3 3 3 3 4 3 3 3 3 3 3 2 3 3 3 3 2 4 3 3 3 3 3 3 3 3 4 2 2 2 2 1 3 3 3 3 3 3 3 3 1 3 2 3 3 2 3 3 2 3 3 3 1 3 3 3 2 3 3 3 1 3 3 3 2 3 3 2 3 2 2 3 2 3 3 3 1 2 4 3 3 3 3 3 2 3 3 2 3 3 2 3 1 3 1 3 1 3 3 3 3 3 3 4 3 4 2 3 3 2 2 3 2 3 2 3 2 3 3 3 2 3 3 4 2 2 4 4 3 2 0 2 2 3 2 3 3 2 3 3 3 2 2 3 2 4 2 4 3 3 2 2 3 3 4 3 3 3 4 2 3 3 3 3 3 3 2 3 3 3 3 3 3 3 2 3 3 4 4 3 4 3 3 3 3 2 4 3 3 3 3 2 2 2 4 3 3 3 3 1 3 3 4 3 2 2 3 3 3 3 3 2 3 3 3 3 3 3 3 3 3 3 1 3 3 3 3 3 3 3 3 3 2 2 4 3 3 3 3 2 3 3 3 3 3 3 3 3 3 3 3 3 3 3 3 3 3 3 3 3 3 
Vertex 370: 3 2 3 3 2 2 4 3 3 2 3 3 3 3 3 3 3 3 3 1 3 1 3 3 3 4 3 1 3 3 3 4 2 2 2 3 3 2 3 2 3 3 3 2 3 2 3 3 3 3 3 3 3 3 2 2 3 3 3 3 3 2 4 3 3 4 3 3 2 2 3 3 2 2 2 4 4 4 3 3 3 3 3 3 3 3 3 3 3 3 3 4 3 2 3 3 4 3 3 3 3 4 3 3 3 3 3 3 3 3 3 3 3 2 2 3 3 4 3 3 3 3 3 3 3 2 3 3 3 3 3 3 3 2 2 3 3 3 3 3 3 2 2 3 4 3 2 4 3 1 2 3 2 4 3 2 3 3 4 3 4 3 3 3 3 3 3 3 3 3 3 3 3 2 1 3 3 3 3 2 2 3 3 3 2 2 2 3 3 3 4 3 3 3 3 2 3 3 3 4 3 3 3 3 3 3 3 3 3 3 3 2 3 3 2 2 4 3 3 3 3 3 3 2 3 2 2 4 3 3 2 3 3 4 3 3 4 2 3 3 4 3 3 3 1 3 3 3 3 3 3 3 2 3 3 2 3 3 3 3 3 3 2 3 3 4 3 2 2 3 3 2 2 2 3 2 3 2 4 3 3 2 4 2 3 3 3 2 3 3 2 3 4 3 3 2 3 3 2 3 3 3 3 3 3 3 3 3 3 3 3 3 3 3 3 2 3 4 2 3 3 1 3 3 2 3 2 3 3 3 4 3 3 3 3 3 2 3 2 4 2 3 3 4 3 2 3 3 3 2 3 3 3 2 3 3 3 3 3 1 3 3 3 3 3 3 3 3 3 2 0 3 3 3 2 2 2 2 3 3 3 3 3 2 3 3 4 3 3 3 3 2 3 2 2 2 3 3 3 3 2 2 1 4 2 3 4 3 3 3 2 3 3 3 3 3 3 2 3 3 3 3 3 3 2 3 2 3 3 3 3 4 4 2 3 3 3 3 3 3 2 3 3 2 3 3 3 3 3 3 3 2 2 1 3 2 3 2 3 3 3 1 3 2 3 3 3 3 3 2 3 3 3 4 3 2 4 3 3 3 4 3 3 3 3 2 3 3 3 3 3 3 3 3 2 3 3 2 3 3 
Vertex 371: 2 3 3 3 3 2 4 3 2 3 2 3 2 3 3 3 3 4 3 2 3 2 3 2 3 3 2 2 3 4 3 3 3 3 3 2 3 3 3 3 3 3 2 3 3 3 2 2 3 3 3 3 2 4 3 3 2 3 3 2 2 3 3 3 4 3 3 3 2 3 3 3 3 3 3 3 3 3 3 2 3 3 3 3 2 3 3 3 2 2 3 3 3 3 3 3 4 3 2 3 3 3 3 3 3 3 3 3 3 3 3 2 3 3 3 3 3 3 3 2 3 2 3 3 2 3 2 3 3 2 2 2 3 2 3 3 2 3 3 3 1 3 3 3 2 3 3 3 3 3 3 3 2 3 2 2 3 4 3 4 4 3 3 3 3 2 3 3 3 3 2 2 3 3 3 2 3 3 3 2 1 3 2 2 3 4 1 3 3 3 3 3 3 2 2 2 3 3 3 3 3 4 3 3 2 3 3 3 2 2 4 4 3 2 3 2 3 3 3 3 2 4 3 1 2 3 4 3 3 1 3 3 3 3 3 3 2 2 3 3 3 3 3 2 2 3 3 3 3 2 3 2 3 3 2 3 3 2 3 3 2 2 3 3 3 3 3 2 3 3 3 3 2 2 2 3 3 3 3 3 3 2 3 3 3 3 2 3 2 3 3 3 3 3 3 3 2 2 2 3 3 2 3 3 3 3 3 3 2 3 3 3 3 3 3 3 3 4 2 3 1 3 3 4 3 3 2 3 3 2 3 3 4 2 2 2 3 3 3 3 2 3 2 3 4 2 3 3 2 2 3 1 3 3 3 3 2 3 3 2 3 3 3 2 3 3 3 1 3 2 3 0 2 3 2 3 3 3 3 3 3 3 3 3 3 3 3 3 3 3 4 3 2 3 1 3 3 3 3 3 2 3 3 3 3 3 4 3 3 3 3 3 4 3 3 2 4 2 3 4 3 4 3 3 3 3 2 4 3 2 2 4 3 3 3 3 3 4 3 2 3 3 3 1 2 3 4 3 2 2 3 3 3 3 3 3 3 3 2 3 3 2 2 1 3 3 3 3 3 2 3 3 2 4 3 3 3 3 3 3 3 3 3 2 3 2 3 3 3 2 3 3 3 3 2 3 3 3 3 3 
Vertex 372: 3 3 3 3 3 3 4 3 3 3 3 3 2 3 3 2 3 4 3 2 3 3 3 3 3 3 2 3 2 3 3 3 3 3 3 3 3 3 4 2 2 3 3 3 2 3 2 2 3 3 2 3 4 3 3 3 2 3 2 3 2 3 3 3 3 3 3 3 3 3 3 3 3 4 3 3 3 2 3 3 3 3 3 3 2 2 3 2 3 3 3 3 2 3 3 3 3 2 3 3 3 3 4 3 3 3 3 2 4 3 2 3 3 4 3 3 3 2 3 2 4 3 3 1 2 4 3 4 3 3 3 3 4 2 3 3 3 2 3 3 2 3 3 1 3 3 2 3 3 4 4 3 3 3 3 3 3 3 3 3 4 3 3 3 3 3 2 4 3 2 2 3 2 4 3 3 2 3 3 2 3 3 3 2 3 4 2 2 2 2 3 3 2 2 3 3 2 3 2 3 3 3 4 3 2 3 3 3 3 2 3 3 1 3 3 2 3 3 2 4 3 4 3 1 1 3 3 3 3 3 2 2 2 2 3 3 3 3 3 2 3 3 3 2 3 3 3 3 2 3 3 3 2 3 3 3 3 3 3 3 4 3 3 3 2 3 3 3 3 3 3 3 3 4 3 3 2 3 1 3 2 3 4 3 2 3 4 2 3 3 3 3 1 3 3 4 3 3 3 2 3 2 3 3 4 3 2 3 3 3 3 3 2 3 2 3 3 4 3 2 3 3 3 4 3 3 3 3 3 2 2 3 2 3 3 3 3 3 3 3 3 3 3 3 3 3 3 3 3 3 3 2 3 3 3 3 3 3 3 3 3 4 2 3 2 3 3 3 2 3 3 2 0 4 3 3 2 3 3 3 2 4 3 3 4 3 3 4 2 2 3 3 3 3 3 2 4 3 3 3 3 3 3 4 4 3 3 3 3 3 3 3 3 4 2 2 2 3 3 3 3 2 2 2 3 2 2 3 3 1 3 3 3 4 2 2 3 4 4 3 4 2 3 3 1 3 3 2 1 2 2 2 3 3 3 3 3 4 3 3 2 3 3 3 2 3 3 3 3 3 3 4 3 4 2 3 3 3 2 3 2 3 3 3 3 3 3 4 3 3 3 2 3 2 4 3 3 1 3 2 
Vertex 373: 3 3 3 2 3 3 3 2 1 3 3 3 3 3 3 2 2 2 2 2 3 2 1 3 3 3 4 2 2 3 4 3 2 2 2 2 3 3 3 2 3 2 2 3 3 3 3 3 3 2 3 2 4 3 3 3 3 3 2 3 3 3 2 3 3 2 3 3 3 2 3 3 3 3 3 3 3 3 2 3 3 2 2 3 3 3 3 2 3 3 2 3 2 2 3 3 3 3 3 2 3 1 3 4 2 2 3 2 3 3 3 3 3 2 3 3 3 3 3 3 2 3 3 3 3 2 3 3 2 3 2 3 3 3 3 3 3 2 3 2 3 3 3 4 3 2 3 3 3 3 3 2 3 3 3 3 2 2 3 3 4 3 3 2 3 2 2 3 2 3 2 3 3 2 2 2 3 3 3 2 3 3 3 4 2 3 2 3 4 3 3 2 2 3 3 3 3 1 3 3 3 3 3 2 3 2 3 2 3 2 3 3 3 2 2 3 3 3 3 3 2 3 3 3 3 3 3 3 3 3 2 3 3 3 3 3 2 3 3 3 3 3 3 3 3 2 3 3 2 3 3 3 2 3 3 3 3 3 2 3 4 3 1 3 2 2 3 1 3 3 3 1 2 3 2 2 3 3 3 2 2 2 2 3 3 3 3 3 2 2 3 2 3 3 3 3 3 2 2 3 2 3 3 3 3 2 3 1 2 2 3 3 2 2 3 2 3 3 3 2 3 2 3 3 3 3 4 2 3 3 3 2 3 1 2 3 3 3 3 2 3 3 3 3 3 2 3 3 3 2 3 2 3 3 2 3 3 3 3 3 3 3 3 3 2 3 3 4 3 2 3 3 4 0 3 3 2 4 2 3 2 2 3 3 4 2 3 3 3 3 3 2 3 3 3 3 3 3 3 2 3 3 3 2 1 3 2 3 3 2 2 3 3 3 2 3 3 2 3 3 3 3 3 3 1 2 3 3 3 3 3 4 1 3 3 3 3 2 3 3 2 2 4 3 3 3 3 3 3 2 3 3 3 3 2 3 2 3 2 3 3 3 3 2 3 3 3 3 3 3 3 2 2 2 3 3 3 4 3 1 3 3 3 3 2 3 2 3 3 3 3 3 3 4 2 3 3 3 3 3 
Vertex 374: 3 3 3 3 3 3 4 3 3 2 3 2 2 3 3 3 3 3 3 3 4 3 3 4 3 4 3 3 3 3 3 2 3 3 3 3 3 4 3 3 3 3 2 3 3 3 3 2 3 3 4 3 4 3 2 3 3 3 3 3 3 3 3 3 3 4 4 3 3 4 3 3 3 3 2 3 3 3 3 3 3 2 3 2 3 4 3 3 3 3 2 4 3 3 3 3 4 3 2 2 3 3 3 2 3 3 2 3 3 3 4 3 2 3 2 2 3 3 3 3 3 3 2 2 2 4 3 3 3 4 3 3 3 3 3 3 3 3 3 3 3 3 3 3 3 3 3 3 2 3 3 3 3 3 4 2 3 3 4 4 4 3 3 3 3 2 3 3 3 3 3 2 3 3 1 2 3 3 3 2 3 3 2 3 3 3 3 3 3 4 3 4 2 3 2 2 3 3 3 3 3 4 3 3 3 4 3 3 1 3 4 4 2 3 2 3 3 4 3 2 3 4 3 3 3 3 2 4 3 2 1 3 3 2 2 3 3 4 3 3 3 3 4 3 2 3 3 4 3 3 4 3 2 1 4 3 3 3 2 3 2 3 2 2 2 3 1 3 3 2 3 3 3 3 3 2 3 2 3 3 3 3 3 3 3 3 2 2 4 3 3 3 3 3 2 4 2 3 3 3 4 3 2 4 3 3 2 3 3 3 3 3 3 3 3 3 4 4 3 3 3 3 3 4 2 3 3 3 3 3 3 3 3 4 2 3 3 3 3 4 2 3 2 3 3 2 3 2 4 2 4 3 2 2 3 3 1 3 3 2 4 3 2 3 4 3 4 1 2 3 2 2 3 3 0 3 3 1 3 3 3 4 3 3 4 3 3 3 3 2 3 3 3 3 2 3 3 2 3 2 4 2 3 3 3 3 3 3 3 3 3 3 3 3 3 4 3 3 3 4 2 3 3 3 3 3 3 3 3 3 3 3 3 3 4 3 3 3 4 3 3 3 3 3 4 3 3 4 3 3 3 3 3 3 4 3 3 2 2 3 3 2 3 3 3 3 3 3 3 2 2 2 3 4 4 3 4 4 3 4 4 3 2 3 2 3 4 3 3 3 4 2 2 3 3 2 3 4 3 2 
Vertex 375: 1 2 3 3 3 3 3 1 3 3 2 3 3 3 2 3 3 2 3 3 2 3 3 3 3 3 3 3 3 3 3 2 3 3 2 3 3 2 3 2 3 2 2 3 2 2 3 3 3 3 3 1 3 3 3 2 2 2 2 3 3 2 3 3 3 2 1 3 3 3 3 2 3 3 2 4 3 2 3 1 3 2 3 3 3 3 3 3 2 3 2 3 3 2 3 2 3 3 2 3 3 3 2 3 3 3 2 3 2 3 2 3 2 3 4 3 3 3 3 3 3 3 3 2 4 3 3 3 3 3 3 3 3 3 3 3 3 3 3 3 3 3 2 3 3 3 3 2 3 3 3 3 3 3 4 2 2 2 2 3 4 3 3 3 3 3 2 3 2 3 3 3 2 3 3 3 3 1 2 3 3 3 2 2 2 3 3 2 3 3 3 3 2 2 2 3 2 3 2 2 2 3 2 3 2 2 3 2 3 1 3 3 2 3 3 3 3 2 3 3 2 3 3 3 3 2 3 2 3 3 3 3 3 3 3 2 4 2 3 3 3 2 2 3 3 2 3 3 3 3 3 3 3 3 2 3 2 3 3 1 2 3 3 3 3 2 3 3 1 2 3 2 3 2 2 3 3 3 3 2 3 2 3 2 3 3 3 3 2 2 3 3 3 3 3 3 3 3 3 3 3 3 3 2 3 3 3 3 2 3 3 2 2 3 2 3 3 3 3 3 3 1 1 2 3 3 3 3 3 3 3 3 3 2 2 3 3 3 2 2 3 2 2 3 1 3 2 1 3 3 3 2 3 3 3 3 3 2 3 2 3 3 4 3 3 3 2 3 2 3 2 3 3 3 3 0 3 3 3 3 2 2 3 3 3 2 2 3 1 2 3 3 3 3 3 1 1 3 3 2 2 3 2 4 2 3 3 2 3 3 3 3 3 2 2 2 2 3 2 2 4 3 3 3 2 3 2 2 3 2 2 3 2 3 3 3 3 3 4 3 3 2 3 3 2 3 3 3 3 2 3 2 3 3 3 3 2 3 3 3 3 2 3 2 3 3 2 3 2 3 2 3 3 2 3 1 3 3 2 2 4 3 2 3 3 2 2 3 3 3 3 3 3 3 3 2 3 2 3 2 
Vertex 376: 2 1 3 3 2 2 3 3 3 4 4 3 2 4 3 3 2 3 3 2 3 3 3 3 3 4 4 1 3 3 2 3 2 2 3 2 4 3 2 2 2 3 3 3 3 3 3 3 3 4 3 2 4 3 3 4 3 3 3 3 3 3 3 3 3 3 3 3 3 2 4 3 3 4 3 3 2 3 3 3 3 3 3 3 3 2 2 3 3 3 3 3 2 3 4 3 3 3 3 3 3 3 3 2 3 3 4 4 3 3 3 2 3 3 1 3 3 3 2 3 4 4 3 3 4 2 3 2 3 4 3 4 3 2 2 3 3 3 3 3 2 2 2 3 3 3 4 3 3 3 3 2 3 3 3 3 3 4 3 2 4 2 2 3 2 3 3 3 3 3 3 3 3 4 2 3 2 2 3 2 3 3 3 3 3 3 3 2 3 1 3 3 3 3 2 3 3 2 4 3 3 3 3 3 3 3 3 2 4 2 3 4 3 2 2 3 3 3 4 4 3 3 3 3 3 3 1 3 2 3 3 3 2 3 3 3 2 3 3 3 4 2 1 2 2 3 2 2 3 3 3 3 3 3 3 3 3 3 4 4 4 3 3 3 2 3 4 2 3 2 3 3 3 3 3 3 3 3 3 3 3 3 2 3 3 3 3 2 3 3 1 3 3 3 3 2 3 2 3 3 3 3 3 3 3 3 3 3 3 3 3 2 3 3 3 3 4 4 2 2 3 3 3 3 3 1 4 3 2 3 4 3 3 1 3 3 3 3 3 3 3 3 3 3 2 3 1 3 3 3 3 2 3 3 3 3 3 3 3 2 4 3 2 3 3 4 3 3 2 2 2 3 2 2 3 3 0 3 3 2 2 3 3 3 4 2 3 3 2 3 3 2 3 3 3 3 4 3 3 3 3 2 3 3 3 3 3 3 3 3 3 3 3 3 2 3 3 3 3 3 3 3 2 3 3 3 3 3 3 3 3 3 3 3 2 3 3 3 3 2 3 2 3 3 3 4 3 3 1 3 3 3 3 3 4 2 2 3 3 3 2 3 3 2 2 3 2 3 3 3 3 3 3 3 3 3 3 2 2 1 4 3 3 3 3 3 4 4 3 4 3 4 3 2 3 3 3 3 3 3 
Vertex 377: 3 2 2 3 2 2 3 3 3 3 3 3 3 3 3 2 2 4 2 2 3 3 3 3 2 3 3 3 3 3 3 2 3 3 3 2 3 3 3 3 2 4 3 3 3 2 3 1 2 3 3 3 3 3 2 3 3 3 3 2 3 3 4 3 3 3 4 3 3 3 2 3 3 3 3 4 3 4 2 3 3 3 3 3 3 3 3 3 3 2 3 3 2 3 2 2 3 2 2 3 3 3 3 2 2 2 3 3 3 2 3 4 3 3 3 3 3 2 3 3 3 3 1 3 3 4 2 3 3 3 3 2 3 3 3 3 3 3 3 2 3 3 3 3 3 3 3 2 1 3 3 3 3 3 3 3 4 2 3 3 4 3 2 3 3 2 3 2 2 2 2 3 4 4 2 3 3 3 2 3 2 3 3 3 3 2 3 2 2 4 2 3 2 2 3 3 3 3 2 3 3 3 2 2 4 3 3 3 2 2 3 3 2 3 3 3 2 3 4 3 3 4 3 3 2 2 3 4 3 2 2 3 4 3 3 2 3 3 2 2 3 3 3 3 1 2 3 4 3 4 4 3 3 2 3 3 3 2 3 3 3 3 3 2 3 3 2 3 2 3 3 3 2 3 4 3 3 3 3 2 3 3 2 3 2 3 3 2 3 3 4 3 3 3 2 3 3 3 3 3 3 3 3 3 3 2 3 3 3 3 2 3 3 3 3 3 4 3 2 2 3 3 3 3 2 3 3 3 3 2 3 3 3 3 3 2 2 3 2 3 1 3 3 4 4 2 3 3 3 3 3 2 2 1 3 3 2 4 3 3 4 3 3 3 3 3 3 2 3 3 2 3 3 4 1 3 3 0 3 2 3 4 3 3 3 2 3 3 3 3 3 3 4 3 3 3 4 3 2 3 4 3 3 3 3 3 3 3 4 3 3 4 3 3 3 3 3 2 3 4 3 3 3 2 3 3 3 2 3 3 3 4 3 3 3 3 2 3 3 3 3 3 3 4 3 2 2 3 3 2 3 2 2 3 3 3 2 3 3 2 3 3 3 4 2 3 3 3 3 2 3 3 3 3 3 4 3 3 3 3 3 2 3 3 2 3 3 3 4 4 3 3 1 3 3 1 3 3 3 1 
Vertex 378: 3 3 3 3 3 3 4 3 3 3 2 3 3 3 2 2 3 3 3 2 2 2 3 3 3 4 3 3 3 2 3 3 3 2 3 2 4 3 4 2 3 2 2 3 3 4 3 2 2 4 2 2 4 3 2 2 3 3 2 3 4 3 3 4 3 3 4 3 3 1 3 2 3 3 3 3 3 4 3 3 3 3 3 3 3 2 3 3 4 3 3 3 3 3 3 3 4 3 4 3 3 3 3 4 3 4 3 3 3 3 3 3 3 3 3 3 4 3 3 3 3 4 3 3 3 3 3 3 3 3 2 3 3 3 3 3 3 3 3 3 3 3 3 3 2 2 3 3 3 3 3 3 3 3 4 3 4 3 3 4 4 2 3 3 2 3 3 3 3 2 2 3 3 4 2 3 3 3 1 3 3 2 3 3 3 4 3 3 3 3 3 1 3 2 3 3 3 2 3 4 4 3 3 3 3 3 3 3 3 4 3 3 3 2 2 3 3 3 4 3 3 4 3 2 2 3 3 3 3 2 2 2 3 3 3 3 4 3 3 3 3 2 2 3 2 3 3 4 2 3 3 2 1 3 3 3 3 3 3 3 3 3 1 3 3 3 4 2 3 4 3 3 3 4 3 3 3 3 3 2 3 3 3 3 3 4 3 2 3 3 3 2 3 2 3 3 4 3 2 3 3 3 3 3 3 3 3 2 2 3 3 3 3 2 3 3 3 4 3 2 3 3 2 3 3 3 2 3 3 3 3 3 3 3 3 2 1 3 2 3 3 3 3 3 4 3 3 3 3 1 4 3 3 3 2 3 3 3 3 3 3 3 3 3 4 3 3 4 3 3 3 3 3 2 3 3 3 3 0 3 3 3 3 2 4 2 3 3 3 3 3 3 3 2 3 3 3 4 2 3 3 3 3 3 2 3 3 3 3 2 3 3 3 3 2 3 2 3 3 3 4 4 3 3 3 2 3 3 3 3 2 4 3 3 3 3 3 3 3 3 4 4 3 3 2 2 3 3 3 3 3 1 2 4 3 3 3 3 3 4 2 2 2 3 2 3 3 4 3 2 4 3 2 4 3 3 3 3 2 3 3 3 3 3 3 2 3 3 3 3 3 2 3 2 3 4 2 3 3 3 
Vertex 379: 3 3 2 3 3 3 3 3 4 3 3 4 3 3 3 2 3 3 3 3 2 3 2 4 2 3 4 3 4 4 3 3 4 3 3 3 3 3 4 3 2 3 3 3 2 3 1 3 3 2 3 3 2 3 2 3 3 2 2 3 3 3 3 3 4 3 3 2 3 2 2 3 3 2 2 2 2 2 3 2 3 3 3 1 4 4 1 3 3 2 3 3 3 3 2 3 4 3 4 2 1 3 3 3 3 3 3 3 3 4 3 2 2 3 3 3 4 3 2 3 3 2 3 3 3 3 2 2 3 3 2 3 3 3 3 3 2 3 3 2 3 3 2 4 2 3 3 2 3 3 3 3 2 3 3 3 3 2 3 4 4 3 3 3 3 4 3 3 2 3 2 3 3 3 2 3 3 2 3 3 3 3 3 3 2 2 3 3 3 3 2 3 3 3 3 3 3 3 3 1 3 3 2 3 3 3 3 3 2 3 3 3 4 3 3 3 4 3 3 3 3 4 3 3 3 2 3 3 3 3 3 3 3 4 3 2 4 2 2 3 4 3 1 3 3 3 3 2 4 3 3 2 3 2 3 3 3 2 3 3 3 3 3 3 3 3 3 3 3 3 3 3 3 2 3 3 3 2 3 3 2 2 3 3 3 2 3 2 2 3 3 3 4 3 3 2 3 3 3 2 4 2 3 3 3 4 3 3 3 3 3 3 2 3 3 2 3 3 3 2 3 3 3 4 3 3 2 3 2 3 3 3 4 3 3 3 3 3 3 2 2 4 2 3 3 3 2 2 2 3 3 3 2 1 3 3 3 2 3 3 3 3 3 3 3 3 3 3 3 3 3 3 3 3 3 3 2 2 3 0 3 3 3 4 3 3 2 3 3 2 3 3 3 2 3 3 4 3 3 3 2 3 3 2 3 3 3 3 3 3 3 2 3 2 3 3 3 3 3 3 2 3 3 2 3 3 3 4 3 3 2 4 3 3 2 3 1 3 4 3 3 3 3 3 3 3 2 3 3 3 3 3 3 4 3 3 2 3 3 3 3 3 2 2 2 3 3 3 2 2 3 1 3 4 3 4 3 3 2 3 4 2 2 4 3 2 3 3 3 2 3 3 3 2 3 3 3 2 3 3 
Vertex 380: 3 3 2 3 3 3 4 2 3 3 2 4 2 2 3 3 2 3 3 2 3 4 3 3 3 3 4 3 3 2 3 3 3 3 3 3 3 3 3 3 3 3 1 4 3 3 3 3 2 3 2 3 3 3 2 3 3 3 3 3 2 3 3 3 3 3 3 3 3 3 3 3 3 3 3 3 3 2 3 3 2 3 3 3 4 3 3 2 2 3 3 3 2 3 3 3 3 3 3 2 3 3 2 3 2 3 3 3 3 3 3 3 2 3 2 3 3 3 3 3 3 2 3 3 3 2 3 3 3 2 3 3 2 3 3 4 4 3 3 3 3 2 3 3 3 3 4 3 3 3 3 2 3 2 3 3 3 3 3 2 4 4 1 3 4 3 3 3 3 3 2 3 3 4 2 3 3 1 3 3 3 3 3 4 3 4 3 3 3 3 3 3 2 2 2 3 2 3 3 4 2 3 3 1 2 3 3 3 3 2 3 4 3 2 2 3 3 3 3 3 3 4 3 3 3 2 3 3 1 3 3 3 4 3 1 4 4 1 2 3 2 3 2 3 3 3 3 4 3 4 4 2 3 2 2 3 3 3 3 2 3 4 2 3 3 2 2 3 3 3 3 3 3 4 3 3 3 3 1 3 3 3 3 3 3 3 3 3 3 3 3 3 3 3 3 4 3 3 3 3 4 3 3 3 4 2 3 3 3 3 4 2 3 3 2 3 3 4 3 2 2 3 3 3 2 3 4 3 3 3 4 3 4 1 3 3 3 3 3 3 3 1 3 2 3 2 3 3 3 3 3 2 3 3 3 3 3 3 4 3 3 2 3 3 4 2 3 3 3 2 3 3 2 2 3 2 2 3 3 3 0 3 3 3 3 2 4 4 3 2 4 3 3 3 4 2 3 3 3 3 3 3 3 3 2 3 3 3 3 2 3 3 3 3 2 3 3 3 3 4 3 3 3 3 3 2 3 2 3 3 3 4 3 4 3 3 3 3 3 3 2 2 3 3 3 3 3 3 3 3 3 3 3 3 4 3 3 2 3 3 3 3 4 4 2 4 4 3 3 2 3 3 3 4 4 3 3 3 2 3 3 3 3 3 3 3 3 3 4 3 3 3 2 3 2 3 3 3 3 2 
Vertex 381: 1 3 3 2 3 3 3 3 3 3 4 3 3 2 3 4 3 3 3 3 4 3 3 3 4 2 3 2 2 4 3 4 3 2 2 3 3 3 2 2 3 2 3 3 2 2 3 3 3 3 3 3 4 3 3 2 3 3 3 3 2 3 3 3 3 3 3 2 3 4 4 2 3 2 4 4 2 3 3 3 4 4 1 3 3 3 2 3 3 3 2 3 3 3 2 3 3 3 3 4 3 3 1 3 3 3 4 3 4 4 3 3 3 2 3 3 4 4 3 4 4 4 3 3 4 4 3 4 3 4 4 2 4 3 3 4 3 2 3 2 3 3 3 3 4 3 2 4 4 3 3 3 3 2 3 3 3 3 3 3 4 4 4 2 3 3 2 3 2 3 4 4 2 4 3 3 2 2 3 2 3 3 3 3 2 2 3 4 4 4 3 4 2 3 3 3 4 3 2 3 3 3 3 3 3 4 3 3 3 3 3 4 4 3 2 3 4 3 4 3 3 3 1 3 3 3 3 2 4 3 3 3 4 3 3 3 4 3 3 3 4 3 3 3 3 3 4 4 3 3 3 3 3 3 3 2 3 2 3 2 3 4 3 3 3 3 3 1 3 3 3 3 3 3 3 3 4 3 3 2 3 2 4 3 3 3 3 3 4 3 3 3 3 3 3 1 3 4 3 3 3 3 3 3 3 4 3 3 3 3 3 3 3 3 2 3 3 4 2 3 4 3 3 2 3 3 3 3 3 3 3 1 4 3 3 3 3 4 3 3 3 3 3 3 3 2 2 2 3 2 3 3 3 3 3 3 3 3 3 3 3 3 4 2 2 3 3 4 2 2 3 3 4 2 4 2 3 4 3 3 3 0 3 3 4 3 3 3 3 2 3 2 3 3 3 3 3 3 4 3 3 3 3 3 3 4 3 3 3 3 3 3 4 3 3 3 3 3 3 3 3 4 3 3 3 4 3 3 3 3 3 4 2 4 3 3 4 3 3 3 3 2 3 3 3 3 3 3 3 3 4 4 4 4 4 3 3 3 2 3 2 3 3 2 3 3 3 3 3 2 3 3 3 4 4 3 2 3 3 3 4 3 2 3 2 3 3 3 4 4 2 3 3 3 4 3 3 3 3 3 
Vertex 382: 3 3 3 3 3 2 3 3 3 3 3 4 3 3 4 3 3 3 3 3 2 3 3 2 2 3 3 3 3 2 4 3 3 3 3 3 2 3 3 2 3 3 3 3 3 4 2 3 3 3 4 2 3 4 3 3 3 3 3 3 3 3 3 3 3 3 3 2 3 3 3 3 2 3 3 3 3 3 3 3 3 3 3 4 3 3 4 3 3 3 4 2 4 3 2 3 4 3 4 3 2 4 2 3 3 3 3 3 2 2 3 2 3 3 3 3 3 2 3 3 3 3 3 3 4 3 3 2 4 3 3 3 3 3 3 2 1 1 2 3 3 2 2 3 3 2 3 3 4 3 4 2 3 3 3 3 3 3 3 2 3 1 3 2 3 3 3 4 3 3 3 2 3 4 3 3 4 3 2 2 2 3 3 3 3 3 2 3 3 2 3 2 3 3 3 2 4 3 3 3 3 3 3 3 3 4 3 2 3 4 4 3 3 3 2 2 3 3 4 3 3 4 2 3 2 3 2 3 3 3 3 3 3 3 2 2 4 3 3 2 4 2 3 2 3 3 3 3 3 3 3 2 3 3 3 1 2 3 3 3 4 3 3 3 4 3 3 2 4 2 4 3 2 3 2 3 3 3 3 3 3 3 2 3 2 3 3 3 1 2 3 2 3 4 2 3 4 3 3 3 3 3 4 3 2 3 3 2 2 2 3 2 3 2 3 3 2 3 3 2 2 3 2 3 3 3 2 3 2 3 4 3 3 3 3 3 2 3 3 3 3 3 2 3 3 3 3 3 3 3 3 3 3 3 3 3 3 3 3 2 2 2 3 2 3 3 3 4 3 3 3 3 3 3 3 3 3 3 3 3 3 3 0 3 4 3 3 3 3 3 3 3 2 3 3 3 3 4 3 3 3 2 2 4 3 3 3 1 3 3 2 3 3 2 3 2 3 3 2 3 2 3 3 3 3 3 3 3 3 3 3 3 3 4 3 3 2 3 4 2 3 3 3 3 3 3 3 2 4 4 3 3 3 3 3 2 3 3 2 3 3 3 3 3 2 2 3 3 3 1 4 2 3 2 2 3 3 3 3 3 3 2 3 3 3 3 3 2 4 3 3 3 2 3 3 3 4 3 3 3 
Vertex 383: 3 3 3 3 2 3 2 3 3 3 3 4 4 3 2 3 3 3 3 2 3 3 3 3 3 3 3 3 3 2 3 4 3 3 2 2 2 2 2 2 3 3 4 2 3 3 3 2 3 3 3 3 3 3 3 3 2 3 3 1 3 3 2 3 2 2 2 3 2 3 3 4 4 3 3 4 4 3 3 3 2 3 2 3 3 3 3 3 3 3 2 3 3 3 3 3 2 2 3 4 3 2 3 3 1 4 4 2 3 3 3 3 2 3 3 3 4 3 3 3 2 3 3 3 4 3 2 2 3 3 2 3 3 3 4 3 3 3 3 3 3 2 2 4 4 3 3 3 2 3 3 3 2 3 3 2 3 3 3 3 3 3 2 2 3 3 3 4 3 3 2 3 1 3 2 3 3 2 3 3 2 3 3 3 3 2 2 3 3 4 3 3 3 3 3 2 3 3 3 3 3 4 3 3 3 3 2 3 3 3 4 2 3 3 2 3 2 3 3 3 3 3 3 3 2 3 3 4 3 3 3 3 3 3 3 3 2 3 3 3 3 3 3 3 3 3 3 4 3 4 3 2 2 3 1 2 3 3 3 3 3 3 3 3 3 3 3 3 3 3 2 3 2 2 3 3 4 2 4 3 3 3 2 2 3 3 3 2 2 3 2 3 3 3 2 2 2 3 3 3 3 4 3 2 3 2 3 3 3 2 3 3 4 3 2 3 3 3 3 3 3 3 3 3 3 3 3 3 3 3 2 3 4 3 3 3 1 3 2 3 3 3 4 3 3 3 3 3 3 3 2 3 3 3 3 3 4 3 4 1 3 3 3 3 3 2 3 3 3 2 2 3 3 3 3 3 3 3 2 4 3 3 3 0 3 3 2 3 3 3 2 3 2 2 3 2 2 3 3 2 2 4 1 3 3 3 4 3 3 3 2 3 3 3 3 3 3 2 3 3 3 3 3 3 2 3 3 2 3 4 3 3 2 3 3 2 3 1 2 2 3 3 4 3 2 3 3 3 3 3 1 3 3 3 3 3 3 3 2 3 3 3 3 3 3 3 3 4 3 2 3 3 3 4 3 2 3 2 2 3 3 3 2 3 3 2 3 3 3 4 3 2 3 3 4 4 4 3 3 3 
Vertex 384: 4 4 3 2 3 4 4 3 3 4 3 4 3 2 3 3 3 4 3 3 4 4 4 3 3 3 4 4 3 4 4 3 3 4 3 3 3 1 3 3 3 3 3 2 3 3 2 4 4 3 3 4 4 4 3 3 4 3 3 3 3 4 4 4 4 4 3 3 3 3 1 3 3 4 3 4 4 3 4 3 2 4 4 2 3 3 3 4 4 3 4 3 3 3 3 4 4 4 4 3 2 3 3 3 4 4 3 3 4 3 3 3 3 4 4 4 3 2 3 4 3 3 4 3 4 3 1 4 3 3 3 3 2 4 4 3 4 4 3 3 4 4 3 3 3 2 4 4 3 3 3 4 3 4 4 2 3 3 3 3 5 3 4 4 3 4 3 3 3 3 2 3 3 4 3 3 4 3 4 4 4 2 2 4 4 3 4 2 4 4 2 4 3 3 3 3 3 3 3 3 3 4 3 3 2 3 3 3 4 3 4 3 3 3 3 3 4 1 4 4 3 3 3 3 3 3 4 3 3 3 4 3 4 4 3 3 3 3 3 3 4 4 4 4 4 3 4 3 3 3 4 3 3 3 4 3 3 3 3 3 3 3 3 4 4 4 4 3 2 3 4 3 3 4 4 3 3 4 4 3 4 2 4 4 3 3 3 4 3 3 3 3 4 3 4 4 3 2 3 3 3 4 4 3 2 3 3 3 4 4 3 3 3 3 3 4 2 2 4 3 2 4 3 4 4 3 3 3 3 4 2 3 4 4 4 4 3 3 3 3 2 2 3 4 3 3 4 3 4 4 2 3 3 2 4 4 3 4 3 3 3 3 4 4 4 3 2 3 4 4 3 3 4 4 4 3 4 3 4 3 3 4 4 3 0 4 2 3 2 3 4 3 3 2 3 3 4 3 3 3 2 4 2 3 4 3 4 4 4 3 3 3 2 3 3 3 4 3 4 3 3 3 4 4 3 4 4 3 3 4 3 3 4 3 4 3 3 3 3 3 3 2 3 3 3 3 3 3 3 3 2 3 3 3 4 4 3 4 4 3 4 3 2 3 3 4 3 4 2 3 3 3 4 3 4 2 2 4 3 4 3 3 3 3 4 3 2 3 4 3 3 2 4 3 3 3 2 3 3 3 
Vertex 385: 3 3 3 3 2 1 3 3 3 3 2 3 3 3 2 3 2 3 3 3 3 3 3 3 4 3 4 2 3 2 3 2 3 3 3 2 3 3 3 2 3 3 2 3 3 3 3 2 3 3 3 2 3 3 3 2 3 3 3 2 3 3 3 3 3 3 3 3 3 3 3 3 3 3 3 4 3 2 2 3 4 3 3 3 2 3 3 3 3 2 3 4 3 3 3 3 2 2 2 3 3 3 2 2 3 3 3 2 3 2 3 3 2 3 3 2 3 3 3 2 3 4 3 3 3 2 3 3 4 3 3 3 3 3 4 3 3 3 2 3 4 3 3 3 3 2 4 3 3 2 3 2 2 3 3 3 3 3 3 3 4 3 3 3 3 3 2 3 2 3 2 3 3 4 2 3 4 1 2 3 3 2 3 4 3 3 3 2 3 3 4 3 2 3 2 3 3 3 4 3 3 3 3 2 2 3 2 3 3 2 1 3 3 2 3 3 1 3 3 3 3 4 3 3 2 2 3 3 3 3 3 3 3 3 3 4 3 3 3 3 3 2 2 3 2 3 3 3 3 3 3 3 1 2 2 2 3 2 3 3 4 4 3 3 3 2 2 2 2 3 3 2 3 3 3 3 3 3 3 3 3 2 3 1 2 3 2 3 3 2 3 2 3 2 3 3 3 3 3 3 3 3 1 3 3 3 3 2 3 3 4 3 2 3 2 3 3 3 2 3 3 3 3 3 3 3 3 3 2 3 3 2 4 1 3 3 2 3 2 4 3 3 3 3 3 3 3 3 3 2 3 2 4 3 2 3 3 3 3 3 3 3 3 3 3 2 3 3 3 2 3 3 3 2 3 2 2 2 2 3 2 3 3 3 4 0 3 4 3 2 3 2 3 3 3 3 3 3 2 3 4 3 3 3 3 3 3 3 3 1 3 3 4 3 2 2 3 2 4 3 3 3 2 4 3 3 3 3 2 3 3 2 3 2 4 3 3 3 3 3 2 2 3 3 3 2 3 3 3 2 3 3 3 3 4 3 3 3 2 3 2 3 3 3 3 3 4 3 3 2 3 3 3 4 3 3 3 4 3 3 3 3 2 3 1 3 3 3 2 4 3 3 3 3 4 3 3 3 3 1 
Vertex 386: 2 3 3 3 3 3 2 3 3 4 3 4 3 3 2 3 3 2 3 3 3 4 3 3 4 4 3 3 3 3 3 2 3 2 3 1 3 3 3 2 4 3 3 3 3 3 3 3 4 2 3 3 3 3 4 4 3 3 2 3 2 3 2 3 3 3 3 3 3 3 3 2 3 4 3 3 4 4 3 3 2 4 3 3 3 4 3 3 2 3 2 3 3 4 3 3 4 4 3 4 3 3 3 3 3 3 4 3 2 3 3 4 3 3 4 3 4 3 3 3 3 2 2 4 3 3 3 3 3 3 4 3 2 4 3 3 2 3 3 3 4 3 3 2 4 3 3 3 2 4 3 2 3 4 3 3 2 2 3 3 4 3 3 2 3 3 3 3 3 3 3 3 3 3 3 3 3 3 3 3 3 4 3 4 3 4 3 3 4 4 3 3 4 3 2 3 3 3 3 2 4 4 2 3 3 3 2 2 3 3 3 4 3 3 3 3 3 2 4 3 3 4 4 3 3 2 3 3 3 2 3 1 3 3 3 2 3 3 4 3 4 3 3 2 3 3 4 3 4 3 2 3 3 2 3 4 3 3 3 2 3 3 3 3 3 3 3 3 3 3 3 3 3 4 2 3 3 3 4 3 3 3 3 3 2 2 3 3 3 4 3 3 3 3 3 4 3 3 3 3 4 3 2 3 3 2 3 4 3 3 4 4 3 3 3 3 3 4 3 3 4 3 3 3 3 3 3 3 3 3 4 3 3 3 3 3 2 3 3 3 3 3 3 3 3 3 3 1 3 2 4 3 2 3 4 2 3 3 4 3 4 4 3 4 3 3 2 4 2 4 4 3 3 3 3 2 3 3 3 2 4 3 3 2 2 3 0 3 2 3 3 3 3 3 3 3 3 3 2 1 3 3 3 3 2 4 3 3 4 3 3 2 3 3 3 3 3 2 4 3 4 4 2 3 2 3 3 2 2 4 2 3 3 3 3 3 3 1 3 3 3 3 3 3 3 3 3 1 3 3 3 4 3 4 3 4 3 3 3 4 3 3 2 3 3 4 2 4 3 3 3 3 2 4 3 3 3 3 2 2 4 3 2 3 3 2 4 4 3 4 3 3 3 3 3 4 3 2 3 3 
Vertex 387: 3 3 3 3 2 3 2 3 3 4 4 2 2 2 4 3 3 3 4 3 4 3 3 3 3 3 4 3 3 3 4 4 2 3 3 3 4 2 2 3 3 1 3 3 3 3 3 3 4 3 3 4 4 2 3 3 3 2 3 3 3 3 3 2 4 2 3 2 4 3 3 3 3 2 4 4 3 4 3 3 3 3 2 3 4 4 2 2 3 3 4 3 3 3 1 3 3 3 3 4 2 3 3 3 4 4 3 3 4 4 4 1 4 1 4 3 3 3 2 4 3 4 3 3 3 4 3 3 2 4 3 3 4 3 4 4 3 2 3 3 4 3 3 3 3 3 3 3 4 3 2 3 3 3 4 2 3 3 4 3 5 4 3 2 3 3 3 3 2 3 3 3 3 3 3 3 4 3 4 3 3 3 3 3 1 3 2 3 4 4 3 3 3 2 2 2 3 2 3 3 2 3 3 3 3 4 3 3 3 2 3 3 3 4 3 3 4 3 4 3 2 4 2 3 3 3 3 4 3 3 3 4 4 4 3 3 4 3 2 3 3 3 2 3 3 3 4 3 3 2 3 2 3 2 3 3 3 3 3 3 3 3 2 2 3 3 3 2 4 2 4 3 3 3 3 3 3 2 3 3 4 3 3 3 3 3 3 3 3 3 3 4 3 4 3 3 3 3 3 3 3 4 3 3 3 3 3 2 3 3 3 3 3 3 4 4 3 3 3 3 4 2 3 3 3 3 4 2 3 3 2 2 4 3 3 3 2 3 3 3 4 3 3 4 4 3 3 3 3 3 3 3 2 2 3 3 3 4 2 2 3 3 3 3 3 3 3 3 3 3 3 3 4 3 3 3 3 3 3 3 4 3 3 3 3 4 3 0 3 3 4 2 3 3 4 4 2 1 3 3 3 4 3 3 2 2 3 3 3 4 3 3 3 3 3 3 3 2 3 2 3 4 3 4 3 3 3 4 4 3 2 3 3 3 3 3 3 3 3 3 2 2 3 3 3 2 3 3 3 4 4 3 3 3 4 4 3 3 3 3 3 3 3 2 3 3 3 4 3 2 3 3 1 3 3 3 3 4 3 4 3 3 3 3 3 3 4 2 3 3 3 3 3 3 3 3 4 4 3 3 
Vertex 388: 2 3 3 2 2 3 3 2 3 3 2 3 3 3 1 2 3 3 3 2 3 3 3 4 4 3 3 3 3 4 3 3 3 3 3 3 4 3 4 2 2 2 3 3 3 3 2 3 3 3 2 2 3 3 3 3 2 1 2 3 3 2 3 3 3 2 2 2 3 3 3 3 3 3 3 3 2 3 3 2 3 2 3 2 2 3 3 2 3 3 3 3 2 3 2 2 3 3 2 3 3 3 3 3 2 3 3 2 2 3 3 2 3 3 3 2 3 3 3 3 3 3 3 3 3 3 3 2 3 4 3 4 3 3 2 3 3 2 3 2 3 3 3 3 2 2 3 3 3 2 2 3 2 3 3 3 3 3 3 2 4 3 3 3 3 3 3 3 3 3 3 3 2 4 3 2 3 2 3 2 3 2 3 2 2 4 2 3 2 3 2 2 3 2 2 3 3 3 3 3 3 3 2 3 3 1 3 3 3 1 3 3 2 3 3 2 2 3 2 3 2 4 2 3 3 3 3 3 3 3 3 2 2 3 3 3 3 3 3 3 3 3 3 3 3 1 3 2 3 2 3 2 3 3 3 3 1 2 3 2 2 3 3 3 2 3 3 3 2 3 3 2 3 3 3 2 3 3 3 2 3 1 3 3 3 2 2 3 3 3 3 2 3 3 3 3 2 3 2 2 3 2 3 2 3 2 2 3 3 3 3 3 2 2 3 3 3 3 2 3 3 2 2 3 2 3 3 3 2 2 3 3 3 2 3 3 3 3 1 3 2 3 3 2 2 3 3 2 4 3 3 2 3 3 3 3 3 3 3 2 2 3 3 2 3 2 3 3 3 3 3 3 2 3 3 1 2 3 3 3 3 3 3 3 2 3 2 3 0 3 3 2 3 3 3 2 2 3 3 2 3 3 3 3 2 2 3 3 2 2 2 2 3 3 2 1 3 3 3 3 3 3 2 3 2 2 3 3 3 2 1 3 2 3 2 2 2 3 3 2 3 3 3 2 1 3 3 3 3 3 2 2 2 3 3 3 3 2 3 3 3 3 3 3 3 3 3 4 3 3 1 3 3 3 2 2 3 3 3 3 3 3 3 3 3 3 3 3 3 2 3 4 2 3 3 2 3 1 3 2 
Vertex 389: 3 3 3 3 3 3 3 2 3 3 4 3 3 2 2 3 3 3 3 3 3 3 2 3 3 3 3 3 3 2 3 3 3 3 2 3 1 3 3 2 3 3 3 3 3 3 3 3 3 3 3 3 3 3 2 2 3 3 2 2 3 3 3 3 3 3 3 3 3 3 3 3 3 3 2 3 3 2 3 3 2 3 3 3 3 3 1 3 2 3 3 3 3 2 3 3 4 3 3 3 3 2 2 2 3 3 2 3 3 2 3 2 2 2 3 4 3 3 2 4 3 3 4 1 3 3 2 2 3 4 3 2 4 2 3 3 2 3 2 3 3 3 3 3 4 3 4 3 2 2 3 3 1 3 3 1 2 1 4 3 3 4 3 3 3 3 3 3 3 4 3 3 3 4 3 2 3 1 3 3 2 3 2 3 2 2 3 3 2 3 3 3 2 3 2 3 3 3 4 3 3 3 3 3 2 3 3 3 1 3 3 3 3 3 3 2 3 3 2 4 3 3 3 3 3 2 3 3 3 2 2 3 4 3 3 3 3 3 2 3 4 3 2 3 3 2 3 3 4 3 3 3 3 2 2 3 3 3 3 3 2 3 3 3 3 2 2 3 2 2 2 3 3 3 2 3 2 3 3 2 3 3 3 3 3 2 3 3 3 3 3 3 3 3 3 2 3 3 3 3 3 3 3 3 3 3 1 3 3 3 3 3 3 3 3 3 3 3 2 2 3 3 2 2 1 3 3 3 3 2 2 1 3 3 1 3 2 3 2 3 3 3 3 3 3 2 2 3 2 3 3 3 3 2 2 3 3 3 3 2 3 3 3 2 2 2 3 2 2 2 3 3 2 3 2 2 3 3 3 2 2 2 3 3 3 2 3 3 3 0 3 2 2 2 3 2 2 3 3 2 2 3 3 2 3 3 2 3 3 3 3 3 3 3 2 3 3 3 3 3 3 2 2 2 3 3 3 3 2 2 3 3 2 2 2 2 2 3 3 3 3 2 3 2 3 3 3 3 3 2 3 3 3 2 2 2 3 3 2 3 3 3 3 3 3 3 3 4 2 3 3 2 3 4 4 3 3 4 3 4 3 3 2 3 2 2 3 2 4 4 3 3 3 2 3 3 3 3 3 3 
Vertex 390: 3 2 4 3 2 3 3 4 2 3 3 3 4 3 2 2 2 3 1 3 1 4 3 3 3 3 3 3 4 4 3 4 3 4 4 3 3 3 3 3 3 4 3 3 3 2 3 3 3 2 3 2 3 3 3 3 3 3 2 3 3 3 3 3 3 3 3 3 4 3 3 2 2 3 3 3 3 2 2 3 3 2 2 4 3 3 3 3 3 2 2 3 3 3 3 2 2 4 3 3 3 3 2 3 3 2 3 3 3 3 4 4 3 4 3 3 3 4 4 3 3 3 3 4 4 3 3 3 3 2 3 3 3 3 3 3 2 3 3 3 3 2 2 3 4 3 3 3 3 3 3 2 3 3 3 3 2 3 3 2 2 3 4 3 3 2 2 3 3 3 3 3 1 3 3 3 3 3 3 3 3 3 3 3 3 4 3 3 3 4 3 2 3 3 2 3 3 3 3 2 3 3 3 3 3 3 3 3 4 3 2 4 4 4 4 3 3 4 3 3 3 4 4 4 3 4 4 3 3 3 3 3 4 4 3 3 2 3 3 3 3 4 4 4 3 3 3 2 3 2 3 3 4 3 3 3 3 3 4 3 3 2 3 3 1 2 4 3 3 3 1 3 2 3 4 2 3 2 4 2 2 4 3 3 3 3 3 3 3 4 3 3 4 3 3 3 3 3 3 3 4 3 3 3 3 4 2 3 3 3 4 4 3 2 3 3 3 4 3 3 3 2 3 2 2 3 3 4 3 3 4 3 2 3 3 2 3 3 3 3 2 3 3 2 3 2 3 3 3 3 2 4 3 3 3 3 2 3 4 3 4 4 3 3 3 3 3 3 3 2 3 4 3 3 3 3 3 3 3 3 4 3 3 2 4 3 3 4 3 3 0 3 3 3 3 3 4 4 3 2 3 2 3 4 3 4 3 3 3 4 3 3 3 3 3 3 3 4 3 3 3 3 1 3 2 3 3 2 3 3 2 2 3 3 3 3 2 3 3 4 4 3 2 3 2 4 3 3 2 3 3 3 3 3 3 2 3 3 3 3 3 3 3 3 4 3 3 3 3 3 3 3 3 2 3 2 3 2 3 3 2 3 3 3 4 3 3 3 3 4 3 4 3 4 3 3 3 4 1 3 
Vertex 391: 3 3 2 3 2 3 3 3 3 3 3 3 3 3 3 3 2 3 2 2 3 1 3 3 3 2 4 3 4 3 3 4 2 3 4 3 2 3 3 2 3 3 3 3 3 3 3 3 3 3 1 2 4 3 3 3 3 3 2 3 2 3 3 3 3 2 4 3 3 2 3 3 3 4 3 4 3 3 3 3 3 3 3 3 3 3 2 4 3 3 2 3 2 3 2 3 3 3 1 3 3 3 3 4 3 3 2 3 2 3 4 3 2 2 3 3 4 2 1 4 3 3 3 2 4 2 2 3 3 3 3 3 3 3 3 3 3 3 3 2 4 3 3 3 3 3 3 3 2 2 2 3 3 3 3 3 2 3 2 3 3 3 3 2 3 3 3 3 2 3 3 2 3 4 2 2 4 3 3 2 3 3 3 3 3 3 2 3 2 3 3 3 3 3 3 3 2 3 2 3 3 3 3 3 2 2 3 3 3 2 1 2 3 3 2 3 3 3 3 3 2 4 1 3 3 3 1 4 2 3 3 3 2 3 3 3 3 2 2 3 3 3 2 3 3 2 2 3 3 2 2 3 3 3 3 3 2 3 3 2 3 3 2 3 3 3 3 3 4 2 4 3 3 3 4 3 3 3 3 3 3 2 3 3 3 3 3 3 2 3 3 3 3 3 4 3 3 3 3 3 2 3 3 3 1 2 3 3 3 3 3 3 3 2 3 2 3 4 1 2 3 3 3 3 1 2 3 2 3 3 3 3 3 3 2 4 3 2 3 3 3 3 3 4 3 3 3 3 3 3 3 3 2 2 2 3 3 2 2 3 3 3 4 3 4 2 3 2 2 3 2 3 3 2 3 3 2 3 3 3 3 2 3 3 3 2 3 2 2 2 3 0 3 3 2 3 3 3 2 3 3 3 3 3 3 2 4 3 3 3 2 3 3 3 3 2 3 2 2 3 3 3 2 3 1 3 2 3 2 3 3 3 3 2 3 3 4 2 3 3 2 4 2 3 2 2 1 3 3 3 3 3 2 2 3 3 2 3 4 2 3 3 3 3 3 3 3 2 3 2 3 3 1 2 3 3 3 3 3 3 3 3 3 2 2 3 3 3 3 3 4 3 3 3 3 2 3 3 3 3 
Vertex 392: 3 3 3 2 3 2 3 3 3 3 3 3 3 3 2 3 3 3 3 3 3 4 3 2 2 3 2 3 3 3 3 3 2 3 1 3 3 3 3 3 3 3 2 3 3 3 2 3 3 1 3 3 3 2 2 3 3 2 3 2 2 3 3 3 3 3 3 3 3 3 2 3 3 3 2 3 3 3 3 2 3 2 3 3 2 3 3 3 3 3 3 4 3 4 3 3 4 3 3 2 3 2 3 3 3 3 3 3 2 3 2 2 2 3 2 3 3 3 3 4 3 3 3 3 4 3 2 3 3 3 4 3 3 2 3 3 3 2 2 2 1 3 3 3 3 2 3 3 3 3 3 3 3 3 3 1 3 3 2 3 3 3 3 2 3 3 2 2 3 3 2 3 3 2 3 3 3 3 3 3 2 1 3 2 3 4 3 3 3 3 3 2 3 4 2 3 3 3 4 3 2 2 3 3 3 4 3 3 3 3 4 2 4 2 3 3 3 3 3 3 3 2 3 3 2 2 3 3 3 3 3 3 2 3 3 3 2 4 3 2 3 3 3 3 3 3 3 3 3 3 3 3 2 3 3 2 3 2 3 3 3 2 3 2 3 3 3 2 3 3 2 3 3 2 3 2 2 3 4 3 3 2 3 3 3 3 3 3 1 3 2 3 3 3 2 4 3 3 3 3 3 3 4 3 2 3 2 2 2 2 3 2 3 2 2 3 2 3 3 3 2 3 2 3 2 4 3 2 3 3 2 3 3 3 3 2 3 1 3 1 3 3 4 3 2 2 2 3 2 3 3 3 2 3 1 3 3 3 2 2 1 3 3 2 2 3 3 2 3 3 3 2 3 3 3 3 3 4 3 3 3 3 2 2 3 3 3 3 3 2 3 3 0 3 3 3 4 3 3 2 3 4 3 4 3 2 3 3 3 3 2 3 2 3 3 3 3 4 2 4 3 3 3 3 3 2 3 4 3 3 3 3 2 3 3 3 2 3 3 1 3 3 2 3 3 3 3 3 2 3 1 3 3 2 4 2 3 3 3 2 3 4 2 3 3 3 2 4 3 3 3 2 3 3 3 3 3 3 3 4 3 3 3 3 3 2 3 2 2 3 3 3 3 3 3 3 3 3 3 3 
Vertex 393: 3 2 3 3 3 3 4 3 4 3 3 3 3 3 2 3 3 3 2 2 3 3 3 3 3 3 4 3 3 2 3 4 3 2 3 2 3 3 3 3 3 3 3 3 2 3 3 2 3 3 2 3 3 4 3 2 3 3 2 3 3 2 2 3 3 3 3 3 3 2 2 2 3 3 3 4 3 3 3 3 3 4 2 3 3 3 3 3 2 3 3 3 3 3 3 3 4 3 3 4 1 3 3 3 3 3 3 3 4 3 3 2 3 4 2 3 3 3 3 3 2 3 3 2 3 3 1 3 3 3 2 3 3 3 3 3 3 2 3 3 4 3 2 3 2 3 2 3 3 3 3 3 1 3 4 2 3 3 4 3 4 3 3 3 3 4 3 4 3 3 2 3 3 4 3 3 3 2 2 2 3 3 3 3 3 3 3 2 4 2 2 3 3 2 3 3 3 3 3 3 4 4 3 3 2 3 2 3 2 3 3 3 3 2 2 3 3 3 2 3 2 3 3 3 2 3 3 3 3 3 3 3 3 3 3 3 3 2 3 3 4 2 3 3 3 4 3 3 3 3 4 2 2 3 3 3 2 3 3 2 1 3 2 3 3 2 3 3 4 3 4 2 3 2 2 3 3 3 4 3 3 3 3 3 2 2 3 2 3 3 3 3 4 3 3 2 3 3 3 3 3 3 3 2 2 3 3 3 3 2 3 3 3 1 3 3 3 3 2 1 2 3 3 3 3 3 3 3 3 3 3 3 3 3 2 3 1 3 2 3 3 3 2 3 3 4 3 3 4 2 3 3 3 2 3 3 3 3 4 2 4 3 3 2 2 3 3 3 2 4 2 3 3 3 3 3 3 3 2 2 3 3 3 2 2 3 3 3 3 2 3 3 3 0 3 3 3 4 3 3 4 3 3 3 3 3 4 2 3 3 3 3 2 2 1 3 2 4 3 3 3 4 3 3 2 3 3 4 2 3 2 3 4 2 2 3 2 3 4 3 4 3 3 3 2 3 3 3 3 3 2 3 3 3 3 3 3 3 2 3 3 3 3 3 4 3 3 3 3 2 2 3 3 3 3 3 2 3 3 3 3 3 2 3 2 2 2 3 4 2 1 2 3 3 3 3 4 3 3 3 
Vertex 394: 3 3 3 3 3 3 4 3 3 3 3 2 2 2 3 2 3 4 4 2 4 1 3 3 3 3 3 3 3 3 2 3 2 2 3 2 2 3 3 3 3 3 3 3 2 3 3 2 3 2 3 3 3 3 2 3 3 3 3 2 2 2 3 3 3 3 3 3 3 2 3 3 3 3 3 4 3 3 3 2 3 2 2 2 3 3 3 2 2 3 2 4 3 3 3 3 4 2 3 2 3 3 3 4 3 3 2 3 3 3 3 3 2 3 3 2 4 3 2 3 3 3 3 3 3 3 3 2 3 3 3 1 3 3 3 3 3 3 2 3 2 3 3 3 3 3 3 2 3 3 2 3 3 3 3 2 2 3 2 3 4 3 3 3 3 3 4 3 2 2 3 2 3 3 3 3 4 3 3 2 2 3 1 2 3 3 2 3 3 3 3 3 2 3 2 3 2 3 3 3 3 3 3 3 3 3 3 3 3 3 3 4 3 3 3 2 3 3 2 3 3 3 2 2 3 3 3 4 3 2 3 3 4 3 3 2 3 3 3 3 3 3 3 3 3 2 3 3 3 3 3 3 3 2 3 2 2 1 3 4 3 1 3 2 2 3 2 3 3 2 3 3 1 2 3 3 3 3 3 3 2 3 3 3 2 3 2 3 3 3 3 3 3 2 3 4 1 2 2 3 2 3 3 3 3 3 3 3 3 3 3 2 3 3 3 3 3 4 1 2 2 3 2 3 3 2 3 3 3 3 3 2 3 3 2 3 2 3 2 3 3 3 3 3 3 3 3 3 3 3 2 2 2 2 3 3 1 3 3 3 3 3 3 3 3 2 2 2 2 3 2 1 3 3 2 3 3 3 3 3 4 3 3 3 3 3 3 4 3 3 3 2 3 3 0 3 3 3 2 3 3 3 2 2 3 3 3 3 3 3 3 3 3 3 3 2 3 3 3 3 3 4 2 3 3 3 2 3 2 3 3 3 3 2 4 3 3 4 3 2 3 2 3 2 3 4 3 2 3 3 3 3 3 3 3 3 2 3 3 3 2 3 3 2 3 3 3 3 2 3 3 3 3 4 4 3 2 3 3 3 3 3 3 2 3 1 2 3 3 3 3 3 2 4 3 2 3 2 3 3 
Vertex 395: 2 3 3 3 2 2 4 2 3 2 2 4 3 2 3 3 2 3 2 2 3 3 2 3 4 4 4 2 3 4 4 3 3 3 3 4 3 2 3 2 4 3 3 3 2 3 3 3 2 3 2 2 4 3 3 3 3 3 3 3 3 3 3 3 3 3 1 3 3 3 3 3 3 3 3 3 4 3 3 2 2 3 3 3 2 2 3 3 2 3 3 3 2 2 3 3 3 3 3 3 3 3 3 2 3 3 3 3 3 3 3 3 3 3 3 3 3 3 3 3 3 2 3 1 4 3 2 3 4 3 3 3 3 3 3 2 3 3 2 3 3 2 3 3 3 2 4 3 3 3 3 3 3 4 3 3 1 3 3 3 4 4 3 3 3 3 1 3 3 3 3 3 3 4 3 3 3 2 3 3 3 2 2 3 3 2 3 1 4 3 3 4 3 3 3 2 3 3 3 3 2 3 3 3 3 3 2 2 3 2 3 4 2 3 2 3 3 3 4 3 3 4 4 3 3 3 4 2 3 3 2 3 3 3 3 3 3 1 2 3 4 3 3 4 3 2 3 2 2 3 2 3 3 3 2 2 3 3 2 2 3 3 3 3 2 3 3 2 2 2 4 3 2 3 2 3 2 3 3 3 2 3 3 3 3 3 3 3 3 3 4 3 3 3 2 3 3 3 3 3 3 3 4 3 3 4 3 4 3 3 3 3 2 3 2 2 3 4 3 2 3 2 2 3 3 3 3 3 4 3 2 3 3 3 2 3 3 3 3 3 3 3 3 3 2 3 3 2 3 3 3 2 2 3 3 3 3 1 3 3 3 3 3 3 4 3 3 3 3 3 2 3 2 3 3 1 3 3 3 3 2 3 3 2 3 3 3 4 2 2 3 3 3 3 3 0 2 3 3 2 2 3 1 4 3 3 4 3 2 3 3 3 3 3 2 3 1 3 3 3 4 3 2 2 3 4 3 3 3 3 3 3 2 3 3 2 3 3 3 3 3 3 2 3 3 3 3 3 2 1 3 2 3 3 3 3 3 3 3 3 3 3 3 3 3 3 3 3 2 3 3 2 3 3 4 2 3 4 2 3 3 3 3 3 3 3 3 3 4 3 4 3 3 3 2 3 2 3 3 2 
Vertex 396: 2 3 4 3 4 4 3 2 3 2 3 3 4 4 3 3 3 3 4 3 3 3 2 3 3 4 4 3 3 3 4 3 4 3 3 4 3 3 4 3 4 1 3 4 3 3 4 4 3 4 3 2 3 4 3 3 3 3 3 3 3 3 3 3 3 2 2 4 3 3 3 3 3 4 2 3 4 3 4 2 3 3 3 3 3 4 3 4 3 3 3 3 3 3 3 3 3 4 3 3 4 2 3 4 3 3 3 4 3 2 3 3 3 3 3 4 3 3 4 4 3 3 4 3 4 4 4 4 3 4 3 4 4 3 4 3 4 3 4 3 4 4 3 3 4 3 4 3 4 3 2 4 2 4 3 3 2 3 3 3 5 4 3 3 4 3 3 4 3 3 3 3 3 4 3 3 4 2 3 3 2 3 3 3 3 4 4 3 4 3 4 4 3 3 3 4 3 2 3 3 3 4 3 4 3 3 3 3 3 2 4 4 3 2 3 2 4 3 3 3 2 4 3 4 4 2 4 3 4 3 3 3 4 3 3 3 3 3 2 3 4 3 3 4 3 3 3 3 3 4 4 2 4 3 3 3 3 3 3 2 3 4 2 3 3 3 2 2 2 3 4 3 4 3 1 4 3 4 4 3 4 3 3 3 3 3 3 3 3 3 3 4 4 4 3 4 3 3 4 4 3 3 4 3 4 3 3 4 3 3 3 3 3 3 3 3 4 3 2 2 4 2 2 3 3 3 4 4 3 4 2 3 2 3 1 4 3 3 3 3 4 3 3 4 2 3 3 2 3 3 4 3 3 3 3 3 3 3 3 3 4 3 4 3 4 4 3 3 3 3 3 3 4 3 3 1 4 4 3 4 3 3 3 2 4 3 3 2 2 2 4 3 4 3 3 2 0 3 3 3 3 3 3 4 3 3 4 2 4 4 4 4 3 3 3 3 2 3 3 3 3 4 3 4 3 3 3 3 3 3 3 4 3 3 2 3 3 3 3 3 3 3 3 2 3 4 3 4 4 3 3 3 3 4 2 2 3 3 3 4 3 3 4 3 4 4 3 4 3 3 3 3 3 3 3 2 3 4 3 3 4 4 3 3 3 3 3 2 3 3 4 4 4 3 3 3 4 3 4 3 
Vertex 397: 3 2 3 2 3 4 3 3 2 3 3 3 1 3 4 4 3 3 4 3 4 3 3 2 4 3 3 4 2 3 3 3 3 3 3 3 3 3 1 3 3 2 2 3 3 2 3 3 3 3 4 3 4 3 3 4 3 3 3 2 3 2 2 3 3 3 2 3 3 3 3 4 3 3 3 4 2 3 3 4 4 4 3 2 3 3 3 1 2 3 4 3 3 2 2 4 4 2 3 3 3 3 2 3 3 3 2 3 4 3 3 2 3 2 3 3 3 3 3 3 3 3 3 4 2 3 3 3 1 4 3 3 3 3 3 4 3 3 4 3 3 3 4 3 2 3 3 4 3 3 3 3 3 3 4 3 3 3 4 3 4 3 3 3 4 3 3 2 3 2 3 3 3 3 3 2 3 2 3 3 3 3 3 3 2 4 3 3 3 4 3 3 3 3 3 3 3 2 4 3 1 4 3 3 2 3 3 2 2 3 4 3 3 3 3 3 4 2 3 4 3 4 3 2 3 3 3 3 2 3 3 3 3 3 4 3 4 3 3 2 3 3 3 3 3 3 3 3 3 3 4 3 3 1 3 3 3 2 2 3 3 3 3 3 3 3 3 3 3 3 4 2 2 2 3 4 3 3 2 3 3 2 3 3 4 2 3 3 3 3 3 3 2 3 2 3 2 3 2 3 3 3 2 3 2 3 3 2 3 2 3 3 3 3 3 4 3 4 3 3 3 3 3 4 2 2 3 1 3 3 3 3 3 3 4 3 3 3 3 2 3 3 2 3 3 3 3 3 3 3 4 2 3 3 3 4 3 3 3 3 2 4 2 3 2 2 2 2 2 4 3 3 3 3 2 3 3 3 4 3 3 3 4 3 3 3 3 1 3 3 4 3 3 4 3 3 3 0 3 2 4 3 3 3 3 2 3 3 4 3 3 3 4 3 3 3 4 3 2 3 4 3 3 3 4 3 3 4 3 2 2 3 2 3 4 3 3 3 3 3 3 1 3 3 3 3 3 3 2 3 4 4 3 2 3 3 3 3 2 2 3 4 3 3 3 4 3 3 2 3 3 3 2 3 3 4 2 3 2 3 3 3 4 3 4 3 3 3 3 3 3 2 3 3 3 4 3 4 4 3 
Vertex 398: 3 3 3 2 3 2 3 3 3 3 2 3 3 2 3 3 2 3 3 2 2 3 3 3 3 3 3 3 3 3 2 3 2 2 3 3 3 3 4 3 3 4 3 3 3 3 3 2 3 3 3 2 3 3 2 3 3 4 3 3 3 3 3 4 3 3 4 3 3 3 3 2 2 3 3 4 3 3 3 4 3 3 3 2 3 2 2 3 3 3 2 3 2 3 2 3 3 3 2 4 3 3 3 3 2 3 2 3 3 3 3 3 2 3 3 3 4 3 3 3 2 3 3 3 3 3 2 3 2 1 3 3 3 3 3 3 2 3 1 2 4 2 3 2 2 3 3 2 1 3 3 3 3 3 4 2 3 4 3 3 4 2 3 3 3 1 3 1 3 3 2 3 3 2 3 3 2 3 1 2 2 2 3 3 3 4 3 2 3 3 2 3 3 3 3 4 1 3 3 4 4 3 3 2 3 3 3 3 3 3 1 3 2 3 3 3 3 3 3 3 3 4 3 3 3 3 2 4 3 3 2 3 3 4 3 3 2 3 3 3 3 3 3 4 3 3 2 3 3 3 4 3 3 3 3 2 3 3 3 3 4 3 3 2 3 3 3 3 4 3 3 3 3 3 4 3 3 3 3 3 2 2 3 3 2 3 3 2 2 3 3 1 4 3 3 3 2 2 3 2 3 3 3 3 1 3 2 3 3 3 3 3 3 2 3 3 3 4 2 2 3 3 2 3 2 3 3 2 2 3 3 3 3 3 3 3 2 2 3 3 2 2 3 3 3 3 3 3 3 3 4 3 3 3 3 2 3 4 3 3 3 4 3 3 3 2 2 3 3 2 3 3 3 3 3 3 3 2 2 3 3 4 3 3 3 2 2 3 3 3 3 2 3 3 2 3 3 3 0 3 3 3 3 1 3 3 3 3 3 2 4 3 3 3 3 2 3 2 3 3 3 3 2 2 3 3 3 4 2 3 3 4 2 3 3 3 3 3 3 3 2 3 2 3 3 3 3 1 3 4 3 3 3 3 3 3 2 3 2 3 2 3 3 4 3 3 3 3 3 3 3 3 3 2 3 2 3 2 3 3 4 3 3 3 3 1 3 3 4 4 3 2 3 2 2 2 4 3 2 3 
Vertex 399: 2 2 2 2 2 3 2 3 3 3 3 3 3 3 2 3 3 1 3 3 3 4 2 3 3 4 3 3 3 3 2 3 3 3 3 2 3 3 3 1 3 2 2 3 3 2 2 3 3 1 3 2 4 2 3 3 3 3 3 2 1 2 2 2 2 3 3 2 4 3 3 3 3 3 3 3 3 3 3 3 2 3 2 2 2 3 2 2 3 2 3 4 3 3 2 3 3 3 2 3 3 3 2 3 3 2 3 3 2 3 3 3 3 3 4 2 3 3 3 3 3 3 3 3 2 2 3 3 2 4 3 3 3 3 3 3 3 3 3 2 3 2 3 3 4 3 3 3 3 3 3 3 2 3 2 3 1 1 3 2 3 3 3 2 3 3 3 3 4 3 3 3 3 2 3 2 3 3 3 3 3 3 2 3 2 3 2 3 3 4 3 2 3 3 2 3 3 2 3 3 3 3 3 2 2 3 2 2 2 3 2 4 4 3 2 3 3 3 3 2 3 3 3 3 2 3 3 2 3 3 3 2 3 3 2 3 4 3 3 3 3 4 3 3 3 2 3 2 3 3 3 3 3 1 3 3 3 3 2 1 2 2 3 3 2 3 3 3 2 2 2 3 2 3 3 2 2 2 3 2 2 2 3 3 3 1 3 3 3 3 3 3 2 3 2 3 3 3 2 3 3 3 2 2 3 2 3 3 3 3 3 4 3 3 2 2 2 3 2 3 3 2 3 2 2 3 3 3 2 3 3 2 3 3 2 3 3 3 3 2 3 3 2 3 3 3 3 2 3 2 3 3 3 2 3 3 3 2 3 3 3 3 2 3 3 3 3 3 2 3 3 3 3 2 2 2 3 3 3 3 3 3 3 2 3 3 1 3 2 2 2 3 2 3 3 2 3 2 3 0 2 2 3 3 1 3 2 3 3 2 2 3 2 3 3 2 3 3 3 3 3 3 1 3 2 3 3 2 3 3 1 2 2 3 3 3 3 1 3 3 3 3 2 3 3 3 3 2 3 2 3 4 3 3 3 3 3 3 2 3 3 3 3 3 3 3 2 3 3 2 3 2 3 4 2 3 3 3 3 3 3 3 3 3 3 3 3 3 2 3 3 2 3 3 2 3 3 3 3 3 
Vertex 400: 3 3 3 2 2 3 4 1 3 3 4 4 3 3 4 3 3 3 4 3 4 3 3 3 4 4 4 3 3 4 2 2 3 3 4 3 3 2 4 3 4 3 4 3 3 3 3 3 3 3 4 3 4 3 3 3 3 3 2 3 1 3 3 2 4 3 3 3 4 3 3 3 3 3 3 4 3 4 3 3 4 3 2 3 3 3 1 3 3 2 3 4 3 4 4 2 3 4 3 3 3 3 3 3 3 4 3 3 3 3 4 3 3 3 4 3 2 3 2 4 3 4 3 3 3 3 3 3 3 3 3 3 3 3 3 1 3 4 3 4 3 3 3 4 3 3 3 3 3 3 3 3 3 3 2 3 3 3 3 4 3 3 3 3 3 3 3 3 3 3 3 4 3 4 3 2 4 3 2 3 3 3 3 4 2 2 2 3 3 4 3 4 3 2 2 2 4 3 3 3 3 3 3 4 3 3 3 3 3 2 3 4 3 2 3 3 4 3 4 3 3 4 3 3 3 3 3 3 2 3 3 4 2 3 2 4 4 3 3 3 3 3 3 3 3 3 4 2 3 4 3 2 4 3 3 2 3 3 4 3 4 3 3 4 4 3 3 3 3 3 2 3 2 4 2 4 3 3 4 3 2 2 3 4 2 2 3 4 3 4 3 3 2 3 3 2 3 3 3 3 3 3 3 4 4 4 3 3 2 3 3 3 3 3 3 3 3 4 2 3 3 3 3 4 3 3 3 3 4 3 4 3 3 3 2 3 3 3 4 2 3 2 4 3 3 4 2 3 2 3 3 3 3 3 3 3 3 3 4 3 3 3 3 3 4 3 3 3 3 3 2 2 3 3 4 2 3 4 3 2 3 3 3 2 2 4 3 3 3 2 3 3 3 4 3 2 3 4 3 2 0 3 1 2 3 4 4 3 3 3 3 3 3 3 3 3 2 3 3 3 4 3 3 4 4 3 4 3 3 3 3 3 2 4 2 3 3 3 4 3 3 4 3 1 3 3 3 3 4 3 3 3 4 3 3 3 2 3 2 3 3 2 3 3 3 3 3 4 2 3 3 3 3 4 3 3 4 4 3 3 4 4 3 3 4 3 4 3 4 4 3 4 3 2 4 3 2 3 3 3 
Vertex 401: 2 2 4 3 3 2 4 4 3 3 3 3 3 4 2 3 3 3 3 3 3 3 2 4 4 4 3 1 3 2 3 4 2 2 3 4 4 4 3 3 4 3 3 3 2 2 3 3 3 3 3 2 4 4 3 3 4 3 3 4 3 3 3 3 3 3 3 3 3 4 4 3 3 3 4 3 4 4 3 3 3 3 3 4 3 4 2 3 3 2 3 4 3 4 3 3 4 3 3 3 3 4 3 3 3 2 3 3 3 2 4 3 3 3 3 3 3 3 3 3 3 3 3 2 4 2 3 3 2 4 3 3 4 3 3 3 3 3 3 3 4 3 3 4 4 3 3 4 3 3 3 4 2 4 4 3 2 3 2 2 3 3 3 2 3 2 3 3 3 3 3 4 3 4 3 3 3 3 3 4 3 3 3 4 3 3 4 3 3 3 4 4 3 3 2 4 3 3 4 3 3 3 3 3 4 3 2 2 3 3 2 3 2 3 3 2 3 4 3 3 3 4 4 4 3 4 3 3 4 3 1 3 3 3 3 2 3 3 3 3 2 4 3 3 3 3 3 2 3 3 3 3 3 3 4 3 3 3 3 3 4 3 2 2 3 3 3 2 3 3 2 3 2 3 2 3 3 2 2 3 2 4 4 3 3 1 3 2 3 2 3 3 3 3 3 2 3 3 3 3 4 4 3 3 4 4 2 3 3 4 4 2 3 3 3 3 2 3 3 2 4 3 3 3 2 3 3 4 3 3 3 4 3 3 3 3 3 3 2 4 3 3 3 3 3 4 3 3 3 3 3 4 3 3 3 4 3 3 3 3 3 3 3 3 3 3 3 3 3 3 2 3 3 3 2 3 2 3 3 3 3 3 2 4 4 3 3 4 3 3 2 3 4 3 3 3 3 3 3 2 3 0 3 3 3 3 3 1 3 4 4 3 3 2 3 2 3 3 3 3 3 3 1 3 3 3 3 2 3 3 3 2 3 3 3 3 3 3 4 3 3 4 2 3 3 4 2 3 3 3 3 4 2 3 3 4 3 4 3 3 3 2 4 2 3 4 3 1 3 3 4 3 3 4 2 4 4 3 3 3 3 4 2 4 3 3 3 3 4 3 4 4 3 3 2 3 3 3 3 3 
Vertex 402: 3 3 3 3 1 2 3 2 3 3 3 3 3 3 3 3 3 4 3 2 4 2 3 2 3 3 4 2 3 3 3 3 3 3 3 3 3 1 3 3 4 3 3 3 3 3 3 3 3 3 3 3 4 2 3 3 3 3 2 2 2 2 3 2 3 3 2 4 3 3 3 3 3 2 3 4 3 4 4 3 3 3 3 3 3 3 2 2 3 3 3 3 3 3 3 3 3 3 4 4 3 3 2 3 2 3 4 3 3 3 3 2 3 3 3 3 3 4 3 3 3 3 3 2 3 3 3 2 3 4 3 3 2 3 3 2 3 3 2 3 3 2 3 3 3 3 3 3 3 2 3 3 3 3 2 3 2 3 4 3 4 3 3 3 3 3 2 4 3 2 3 3 2 3 2 3 4 3 3 2 3 3 3 4 3 1 3 2 4 4 4 3 3 3 3 1 4 3 2 3 3 3 3 3 2 4 3 2 4 3 3 3 3 3 3 3 3 3 4 4 3 3 3 3 3 3 3 3 3 3 3 3 2 4 3 3 3 2 3 3 4 2 3 3 2 2 3 3 2 3 2 2 3 4 2 1 3 3 3 3 3 3 3 3 3 3 4 3 3 2 3 3 1 3 3 3 3 3 3 2 3 3 3 3 3 3 3 3 3 4 3 2 3 3 3 3 3 2 3 3 3 3 3 3 4 3 3 4 3 3 4 4 3 3 3 3 3 3 3 3 4 2 3 3 3 4 3 3 3 3 3 2 3 3 3 4 2 3 3 3 3 3 4 3 3 3 2 3 3 3 2 2 3 2 3 3 3 2 3 2 2 4 3 3 3 3 3 4 3 3 1 3 3 3 3 2 3 3 3 3 3 3 2 1 2 3 3 3 3 3 3 3 3 3 2 1 3 3 3 3 1 3 0 3 3 3 3 3 2 3 3 2 2 3 3 3 2 3 3 3 3 3 2 3 3 3 3 3 3 3 2 3 3 3 3 3 4 2 3 3 3 4 3 2 3 3 3 4 3 2 2 3 3 2 3 3 3 3 3 2 2 2 2 3 2 2 3 4 3 3 3 3 2 3 3 3 3 3 3 3 3 3 2 4 3 3 3 2 4 4 4 3 2 3 3 3 3 3 2 2 
Vertex 403: 3 4 3 3 3 3 4 3 3 3 2 4 3 3 3 4 3 3 3 3 3 3 3 3 4 3 2 3 3 4 3 3 3 3 4 3 3 3 3 4 4 4 4 3 4 3 3 3 4 4 3 3 3 3 3 3 3 4 2 2 3 3 3 4 3 4 3 3 4 3 2 3 3 3 4 4 3 4 3 3 4 4 3 3 3 3 1 4 3 3 3 4 3 4 3 3 4 2 3 4 3 3 4 3 3 4 3 3 3 4 3 4 3 3 3 3 3 2 2 3 1 4 3 3 4 2 3 3 2 2 3 3 4 4 3 3 3 3 2 3 3 3 3 3 3 3 4 3 2 3 3 3 3 3 4 3 3 3 4 3 4 3 4 3 3 2 3 2 2 4 3 3 4 3 3 3 3 3 2 3 3 3 3 2 2 4 3 3 3 4 3 4 3 3 3 3 2 3 4 3 3 3 2 2 3 3 3 3 3 4 2 4 3 3 3 3 3 3 4 3 3 3 4 3 3 2 3 3 3 3 3 3 3 3 3 4 3 3 3 3 3 3 3 3 3 2 3 4 4 4 3 3 3 3 2 3 2 2 3 4 3 3 3 3 4 2 2 3 3 3 4 3 3 3 3 3 3 2 4 3 3 3 3 3 3 2 2 2 3 4 3 2 4 4 2 2 1 3 3 3 4 3 2 3 2 3 3 2 3 3 3 3 4 2 3 3 3 3 3 2 3 3 3 4 2 4 3 2 3 4 3 3 4 3 3 4 3 3 3 4 3 3 3 3 4 3 2 3 2 4 3 4 3 3 3 2 3 3 4 3 3 4 4 3 3 1 3 4 3 3 4 3 4 2 3 4 3 3 3 2 3 3 4 3 3 3 3 3 3 2 4 3 4 3 2 4 4 3 1 3 2 3 3 0 3 4 3 3 4 3 3 3 3 2 4 3 4 3 3 3 3 3 3 3 3 3 3 3 2 4 4 3 3 3 2 3 3 4 3 3 3 2 3 3 3 3 3 2 3 4 4 4 4 3 3 3 3 2 3 4 3 4 4 4 3 4 3 3 2 4 2 3 3 3 3 3 3 3 3 3 4 3 4 2 3 2 4 4 4 4 4 3 3 2 3 3 3 4 3 3 
Vertex 404: 3 3 2 3 3 3 3 3 2 4 3 3 3 4 3 3 3 2 3 2 2 3 2 3 3 4 4 3 3 3 3 2 3 3 3 3 3 4 4 2 3 3 3 3 3 2 3 3 4 2 3 3 3 2 3 2 4 3 3 3 2 2 3 3 3 3 3 3 3 3 3 3 3 2 3 3 4 4 3 3 3 3 2 3 2 3 2 3 4 3 3 3 3 2 3 2 3 3 3 3 3 2 3 3 3 3 3 3 2 3 4 3 3 3 3 3 3 3 2 4 3 3 3 4 3 3 3 4 3 3 3 4 4 3 4 3 3 2 3 3 4 3 2 3 3 2 3 4 3 3 2 3 3 3 3 4 2 2 3 2 4 2 3 2 3 3 3 3 3 2 2 3 3 3 3 2 4 3 3 3 3 3 3 3 1 3 3 3 3 3 3 1 3 2 2 4 2 2 3 3 3 3 3 1 3 3 3 3 3 2 3 4 3 3 1 3 3 3 3 3 3 2 3 3 3 3 3 3 3 3 3 3 3 3 3 3 3 3 3 3 4 3 3 3 3 1 3 3 3 3 3 3 3 2 3 3 3 3 3 2 3 3 2 2 3 3 3 2 3 3 3 2 3 2 3 3 3 2 3 3 3 2 3 4 3 2 3 2 3 3 3 3 3 3 3 3 2 3 3 3 3 4 3 3 3 2 3 2 3 3 3 3 3 3 2 3 2 4 3 3 3 1 3 3 2 2 4 3 3 4 4 3 4 2 3 4 2 2 3 3 2 2 3 2 3 3 3 3 3 3 3 3 3 3 2 3 3 3 3 3 3 3 3 3 3 2 3 3 3 3 2 3 4 1 3 2 3 3 2 3 2 3 3 3 4 3 2 2 2 3 3 3 3 3 3 3 3 3 3 1 3 3 3 3 0 3 3 3 3 3 3 4 3 3 3 3 2 3 3 2 3 4 2 3 2 3 2 3 3 4 2 3 2 3 3 3 3 2 4 3 2 3 3 2 3 3 3 3 3 3 4 3 3 3 3 3 3 2 3 3 3 3 4 3 4 3 3 4 3 3 3 3 3 3 3 3 3 3 3 2 3 4 3 2 3 3 3 3 3 3 2 3 4 3 3 2 3 3 3 2 
Vertex 405: 3 4 3 3 3 2 4 3 4 4 4 4 3 2 3 3 3 3 4 3 3 3 3 3 3 3 4 2 4 3 4 3 3 3 3 4 3 4 3 4 3 2 2 3 3 2 3 3 3 3 3 3 4 4 3 3 3 2 3 2 3 3 4 2 3 3 2 3 3 3 2 4 4 4 2 5 3 3 4 3 3 3 3 3 3 3 3 3 3 3 3 3 2 4 3 3 3 2 1 2 2 3 3 4 3 4 4 2 4 3 4 1 3 3 4 3 3 4 3 3 3 3 3 2 3 3 3 3 3 3 3 3 3 3 3 3 3 2 3 4 3 4 3 3 3 3 3 3 2 3 3 3 3 2 3 2 3 3 2 3 3 3 3 3 3 3 3 3 3 3 3 4 3 3 3 3 3 3 4 3 3 2 3 3 3 4 3 3 2 4 3 2 3 2 3 2 4 3 3 3 1 3 4 4 3 3 3 3 4 2 3 3 3 3 3 3 2 4 3 4 3 4 3 4 3 3 3 4 2 3 3 3 3 3 3 3 4 3 3 3 1 4 2 4 3 3 3 2 4 3 2 2 3 3 3 3 3 3 3 2 3 4 3 3 4 4 3 3 3 3 3 3 4 3 3 4 2 4 3 3 3 3 3 3 3 2 3 3 3 4 3 3 3 4 2 3 3 3 3 2 2 4 3 3 3 4 3 3 3 3 3 4 3 3 3 3 3 3 2 3 2 3 3 3 2 3 3 2 3 3 1 3 4 3 3 3 3 3 3 2 3 3 3 4 3 3 3 4 3 4 3 3 4 4 1 4 3 4 2 4 3 4 2 2 3 3 4 2 4 2 3 3 3 3 3 3 3 3 3 3 3 4 3 3 3 3 4 2 2 3 4 2 2 3 3 3 3 2 3 3 4 3 3 4 3 0 4 3 3 3 4 3 4 3 3 1 4 3 3 4 3 3 3 3 3 3 3 4 4 2 3 4 2 3 3 2 3 4 1 3 2 3 2 3 2 4 3 4 3 3 3 3 4 3 3 4 3 3 3 2 3 3 3 2 3 4 4 4 2 3 3 4 3 4 4 4 4 3 3 4 4 3 3 3 2 3 3 3 3 3 3 3 3 3 4 3 4 2 4 3 
Vertex 406: 4 3 3 2 2 4 4 3 3 3 3 3 2 3 2 3 3 3 3 3 3 3 2 4 3 4 4 3 3 3 3 4 2 3 3 4 3 4 3 3 3 4 4 3 3 4 3 4 3 3 3 3 4 3 3 3 3 2 4 3 3 3 4 2 4 3 4 3 4 3 3 4 3 3 4 4 1 3 3 3 2 3 3 4 3 2 3 3 3 3 3 4 3 3 3 3 3 3 4 3 4 3 2 2 4 3 2 2 3 3 3 3 4 2 3 3 3 3 3 3 2 3 3 3 3 3 3 3 3 3 4 4 4 2 3 4 3 3 2 4 3 3 3 4 3 4 4 3 3 4 3 4 3 4 3 2 3 1 4 3 3 2 4 3 3 3 3 3 3 3 2 2 3 3 3 3 2 3 3 3 3 3 3 4 4 3 3 3 3 3 3 3 4 3 3 3 3 3 4 3 4 2 3 2 3 4 4 2 3 3 4 3 3 4 4 3 3 3 3 4 3 4 4 3 2 3 4 3 3 4 2 3 3 4 4 3 4 3 3 3 4 3 2 4 4 4 3 3 2 3 4 3 2 3 3 3 4 3 3 3 3 4 3 3 4 2 4 3 2 3 2 2 4 4 3 3 3 4 3 2 3 3 3 3 3 3 3 4 2 3 3 3 3 3 3 4 4 4 4 3 3 2 3 3 3 3 1 1 3 3 4 4 2 3 3 4 4 4 4 3 3 3 3 4 3 3 4 4 3 2 3 3 4 3 3 3 3 3 3 3 3 4 3 3 3 3 3 3 3 3 3 3 3 2 3 3 3 4 3 4 3 4 4 3 3 3 4 3 3 3 4 4 3 2 3 3 3 3 3 3 3 3 3 4 4 3 3 3 3 2 3 4 3 4 3 4 4 3 3 2 4 3 3 3 3 4 0 3 3 3 3 3 4 3 3 3 3 3 3 3 3 2 3 3 3 3 2 3 4 2 3 3 3 4 4 3 3 3 4 3 3 3 3 4 4 3 3 4 3 3 3 3 3 3 3 3 2 3 3 3 3 3 4 4 2 1 4 2 3 3 2 3 3 4 4 4 3 4 3 3 3 3 3 3 3 3 4 3 4 4 4 3 3 3 3 4 4 3 3 3 
Vertex 407: 3 2 3 3 3 3 3 3 3 3 3 3 3 3 3 3 3 3 3 2 2 4 2 3 3 4 2 2 3 1 3 3 3 2 2 3 3 3 2 2 4 3 3 2 3 3 2 3 2 3 3 1 3 3 2 3 3 3 3 3 3 2 2 3 3 2 2 3 2 3 4 3 3 3 3 2 3 3 3 3 3 3 3 4 3 3 3 3 3 3 3 3 3 4 3 3 3 3 3 3 3 3 2 3 3 3 2 3 3 1 3 3 3 3 2 3 3 3 3 2 3 3 3 2 3 2 3 3 3 3 3 2 3 3 3 3 2 2 3 3 4 3 3 3 3 3 3 3 3 3 3 3 2 3 3 3 2 2 2 2 3 2 2 1 2 3 3 3 2 2 3 3 3 4 3 3 3 3 2 3 3 3 3 3 2 3 3 3 3 2 3 3 3 3 3 3 4 3 3 3 3 3 3 3 3 3 2 1 3 3 3 3 3 2 2 1 3 4 3 3 2 3 3 3 3 3 3 3 3 2 2 2 3 2 3 1 3 2 3 2 3 3 3 3 3 4 3 3 3 3 2 2 2 3 3 2 3 2 2 2 3 3 3 3 3 2 3 3 3 3 3 2 3 3 1 2 2 3 3 2 3 3 3 2 3 2 3 3 2 3 3 3 2 3 2 3 3 2 3 3 3 3 3 2 3 3 3 3 3 3 3 1 3 2 3 3 3 4 2 1 3 3 2 3 3 3 3 3 3 3 3 3 3 3 2 3 2 4 3 3 3 2 2 2 3 3 3 2 3 3 3 3 3 2 3 3 3 3 2 2 3 3 2 3 3 3 2 4 2 3 3 3 3 3 3 2 3 3 3 3 3 3 1 3 4 3 3 3 3 3 3 3 3 2 3 3 2 3 3 3 3 1 3 3 3 3 3 0 3 3 3 3 2 1 3 2 3 2 3 2 3 3 2 3 2 3 3 3 3 3 2 3 2 3 2 3 2 2 3 2 3 3 3 2 2 3 2 3 3 3 4 3 3 3 2 3 2 3 2 3 3 3 3 3 2 3 3 2 3 2 4 3 3 3 1 3 3 2 3 2 4 3 3 3 3 3 2 3 3 2 3 3 3 3 3 3 3 3 3 2 
Vertex 408: 4 2 3 4 3 4 4 4 3 3 3 2 3 3 3 2 3 4 3 3 3 4 2 3 2 3 4 3 4 3 3 3 3 4 4 3 3 3 3 3 2 3 3 3 3 3 4 3 2 3 2 3 3 3 3 3 2 1 3 3 3 3 3 3 4 3 3 3 3 3 3 3 3 4 4 4 2 4 3 3 3 1 2 3 4 3 3 3 4 3 3 3 4 4 4 3 3 3 3 3 2 3 3 3 3 2 3 3 4 2 4 2 2 3 3 3 3 3 3 3 3 3 4 3 3 4 3 2 4 4 1 3 3 3 4 4 2 2 3 2 3 2 3 4 3 3 3 2 3 3 4 3 3 3 4 3 3 3 4 1 4 3 3 4 4 3 3 4 3 2 3 1 3 3 3 2 3 3 4 3 2 3 3 3 3 3 2 3 3 4 3 3 4 4 2 3 3 3 3 3 4 3 3 2 2 3 3 3 3 2 3 4 3 3 3 4 3 4 3 3 3 4 4 3 3 2 3 3 3 3 3 3 3 2 4 3 3 3 3 3 3 3 3 4 3 3 3 3 3 2 4 3 2 3 2 3 2 3 3 4 4 3 2 4 3 2 3 3 4 3 3 4 2 3 3 3 4 3 4 4 3 3 3 3 3 4 3 3 3 3 3 3 3 2 3 2 3 3 3 3 3 3 2 4 3 3 3 3 3 3 4 4 3 3 3 3 3 3 3 3 4 3 3 3 3 4 3 3 3 3 4 2 4 3 3 3 3 2 2 3 3 3 3 3 4 3 3 3 4 4 2 3 3 3 4 3 2 3 3 3 2 4 3 3 3 3 3 4 3 3 3 3 3 3 3 3 3 4 3 3 3 3 3 3 4 3 4 3 2 3 3 3 3 3 3 2 4 4 3 3 3 3 2 4 3 3 3 3 0 4 3 2 4 3 3 3 3 3 3 4 3 3 2 3 4 2 3 3 2 3 3 3 3 3 4 3 2 4 4 3 3 3 4 3 3 3 3 3 2 3 3 3 3 4 4 3 3 3 3 3 1 3 4 3 3 2 4 3 3 3 3 3 3 3 4 4 3 3 3 4 4 2 3 3 4 2 3 3 3 3 3 3 3 3 4 3 4 3 2 3 
Vertex 409: 2 2 2 3 3 2 4 3 2 3 3 4 3 3 3 3 3 3 3 2 3 3 2 3 3 3 3 3 3 3 3 3 3 2 3 3 3 3 3 1 3 3 1 3 3 3 3 2 3 3 3 2 3 3 2 3 3 3 3 2 3 3 3 3 2 3 4 2 3 2 3 2 2 2 3 3 3 3 3 3 3 3 3 2 3 2 3 4 3 3 3 3 4 3 3 3 3 3 3 3 3 3 2 3 3 3 3 3 3 3 3 3 3 3 3 3 4 3 3 3 3 3 4 3 3 3 3 3 3 3 3 3 3 3 3 3 2 2 1 3 3 3 3 4 2 1 3 2 3 2 3 3 2 2 3 3 3 3 3 3 4 2 3 3 4 2 3 3 2 3 3 3 4 3 2 3 4 2 1 2 3 2 3 3 3 3 3 2 3 3 3 3 2 3 3 3 3 3 3 2 4 3 3 3 2 3 3 2 3 3 2 3 3 3 3 3 2 3 3 3 3 4 2 3 2 3 3 2 3 2 3 2 3 4 3 3 3 3 4 3 2 3 3 3 3 2 3 4 3 3 3 2 2 2 3 2 3 3 3 2 3 3 2 3 3 3 3 2 3 3 3 1 3 3 3 3 3 3 3 2 3 1 3 2 3 3 3 4 2 3 3 2 3 3 3 3 3 3 2 3 2 3 2 3 3 3 2 2 2 3 3 3 2 3 3 3 3 4 3 2 2 4 3 3 3 4 3 3 3 3 3 2 4 2 3 3 3 4 3 4 3 3 3 2 3 2 3 3 3 1 3 3 3 3 3 2 3 2 3 3 2 3 3 3 3 3 3 4 3 3 3 3 3 2 3 3 3 3 2 3 2 3 3 3 3 1 3 4 2 3 4 3 3 3 3 3 4 3 2 2 3 4 3 3 3 3 3 3 4 0 2 3 3 2 3 3 2 3 3 3 3 3 3 3 2 3 3 4 3 3 3 3 3 3 4 3 3 3 2 2 2 2 2 2 3 3 4 3 3 3 3 3 3 4 3 3 3 3 1 4 3 2 3 3 3 3 3 4 3 2 3 3 3 4 2 4 2 3 2 3 2 3 3 3 2 2 4 3 3 3 4 3 3 2 3 3 3 3 3 2 
Vertex 410: 3 3 2 2 2 2 3 3 3 3 2 3 3 3 2 3 3 3 2 2 3 3 3 3 3 3 3 3 3 3 3 2 2 3 2 2 3 2 3 2 3 4 3 2 3 2 2 3 3 2 3 2 3 3 2 3 3 3 3 2 3 2 4 3 3 3 3 2 3 2 2 2 2 2 3 3 3 3 3 3 3 4 3 3 1 4 2 2 3 3 2 3 3 3 2 2 3 3 3 3 2 3 2 3 3 3 2 3 1 3 3 3 3 2 3 2 3 2 1 3 3 3 2 3 2 3 3 3 3 3 3 2 1 3 3 3 3 2 3 2 3 3 2 3 3 3 4 3 3 3 3 2 2 3 3 3 2 3 3 2 4 3 3 2 3 3 3 3 2 3 3 3 2 3 2 3 3 3 3 2 2 3 3 3 3 3 2 3 4 3 2 2 3 3 3 3 3 3 3 2 3 4 3 3 2 3 3 2 3 3 3 3 3 2 2 3 3 3 3 3 3 3 2 2 3 2 3 4 2 2 3 3 3 3 2 3 4 3 3 1 4 3 2 2 3 2 2 3 2 3 2 3 3 3 3 3 3 2 2 3 2 3 3 3 2 3 2 3 3 3 3 1 3 2 3 3 2 2 3 3 3 2 3 3 2 3 1 3 2 2 2 3 3 3 2 3 2 3 3 3 2 3 3 2 3 2 3 2 2 3 3 3 2 3 3 3 2 3 3 2 3 3 2 2 3 3 3 4 2 3 3 3 2 3 3 3 2 3 2 2 3 3 3 3 3 3 2 3 3 3 1 3 3 3 3 3 3 3 3 1 3 2 3 3 3 3 3 4 3 3 2 3 3 2 3 3 3 3 3 3 3 3 2 2 3 3 3 3 2 3 3 2 2 3 3 3 4 3 4 2 3 4 3 3 3 4 3 3 3 2 0 3 2 3 3 3 3 2 2 3 3 3 3 3 3 3 3 3 3 2 1 2 3 2 3 3 3 3 3 1 3 2 3 3 3 3 2 3 3 4 3 3 3 3 3 3 3 2 3 3 3 3 1 3 3 3 2 3 2 1 2 2 3 3 2 2 3 3 3 3 3 4 3 3 2 3 3 3 3 3 3 2 2 3 3 3 3 3 3 3 
Vertex 411: 3 3 3 3 3 3 3 3 3 3 3 3 3 3 3 3 3 4 2 3 3 2 3 3 4 3 3 4 3 2 3 3 3 3 3 2 3 3 4 3 2 3 3 3 3 4 3 3 3 3 3 3 3 2 2 3 2 3 2 3 3 2 2 2 2 2 4 3 3 3 2 3 3 3 2 3 2 3 3 3 3 3 2 1 2 3 3 3 3 4 3 3 2 3 3 4 3 3 3 3 3 3 3 3 3 4 3 3 3 3 4 2 3 4 3 3 2 3 3 2 3 2 3 3 3 3 3 3 3 4 3 3 3 3 2 3 2 3 3 2 3 1 3 2 3 3 1 4 3 3 3 1 2 2 2 2 3 4 3 3 4 3 2 3 2 3 3 4 4 3 3 1 2 4 2 3 3 3 3 2 2 3 2 2 3 3 3 3 4 3 2 4 3 3 2 1 3 3 2 3 3 3 3 3 2 3 1 3 3 3 3 3 3 3 3 4 3 4 3 3 3 2 3 3 3 3 3 3 2 3 3 3 2 3 3 2 3 2 3 3 4 3 3 3 3 3 3 2 3 3 3 3 3 2 3 2 3 3 3 3 2 3 2 2 3 2 3 3 3 3 3 3 3 3 3 3 3 3 3 4 3 2 3 3 3 3 3 3 3 3 2 2 3 3 3 3 3 2 3 2 3 2 2 3 3 3 3 3 3 2 2 3 3 3 4 2 3 3 3 2 3 3 3 3 3 2 3 3 2 3 3 4 3 2 3 3 3 3 3 3 3 3 3 3 4 3 2 3 3 3 3 2 2 3 3 3 2 4 3 3 2 3 1 3 3 2 3 3 3 3 3 3 3 3 3 3 3 4 3 2 3 3 3 3 3 3 2 3 2 3 3 3 3 3 3 3 4 3 3 3 3 3 2 3 4 3 3 3 2 3 3 0 3 3 3 3 2 2 3 4 3 2 3 3 3 1 3 3 2 2 3 2 4 1 3 3 3 2 4 3 3 3 2 3 3 3 2 3 2 3 4 3 3 3 3 3 3 2 3 2 3 2 2 3 3 2 2 3 3 2 1 3 3 3 3 3 3 1 3 3 3 3 3 2 2 2 3 3 2 4 3 3 3 3 3 3 3 3 3 4 
Vertex 412: 3 4 3 3 3 3 3 3 3 3 3 3 3 3 4 3 3 3 3 3 4 2 3 3 3 4 4 3 3 3 4 4 3 2 3 2 4 1 4 3 4 2 4 3 3 4 3 3 3 1 3 3 4 2 3 3 3 3 3 3 3 2 3 3 3 3 4 4 2 3 3 3 2 3 3 3 4 3 3 4 2 3 4 4 3 3 4 4 4 3 3 4 4 3 3 3 4 3 4 3 3 3 3 3 3 4 2 3 2 3 3 4 4 3 2 3 3 3 3 4 3 3 3 2 4 3 3 2 3 3 3 3 1 3 3 3 3 4 3 2 3 3 4 4 3 3 4 3 4 2 1 3 3 4 4 3 3 3 3 4 3 3 3 3 3 3 3 4 3 3 2 3 3 2 2 3 3 3 2 3 3 3 4 4 3 3 4 2 4 4 4 4 3 3 3 3 4 3 3 3 3 3 3 3 2 3 2 3 3 3 4 4 4 2 4 3 4 3 3 2 2 4 3 3 4 3 3 3 2 3 3 4 3 3 4 3 3 2 3 3 4 3 3 3 4 2 3 2 4 3 3 3 3 3 3 3 3 3 2 3 3 2 3 3 2 2 3 3 3 2 2 2 3 3 3 1 3 3 4 3 3 3 3 3 3 3 3 3 3 3 3 3 3 3 4 4 3 2 3 3 3 4 3 2 3 3 3 3 2 4 3 3 2 3 2 3 3 3 2 1 3 3 3 4 3 3 3 4 2 3 3 3 3 3 2 3 3 3 2 3 3 4 3 3 3 3 4 4 4 3 3 3 2 2 3 2 3 3 3 3 3 3 3 4 4 4 4 4 4 3 3 4 3 3 3 3 3 3 3 3 3 4 3 3 2 4 3 3 3 3 3 3 2 2 3 3 3 4 3 2 3 3 2 3 3 4 4 2 4 3 2 3 0 2 3 3 3 4 4 3 3 4 3 3 2 3 3 4 3 3 3 3 4 3 4 3 3 3 4 3 3 3 3 3 4 3 3 3 3 3 3 3 3 3 3 3 3 3 3 4 3 3 2 4 4 3 4 3 4 3 4 2 3 4 3 3 3 3 3 3 3 3 3 3 3 3 3 3 2 4 3 4 3 3 2 3 3 3 3 3 
Vertex 413: 3 3 3 3 2 4 3 3 3 2 3 3 3 3 2 3 3 4 2 3 2 3 2 3 3 4 3 3 2 2 2 3 3 3 3 3 3 3 3 3 3 3 3 2 3 3 3 3 3 2 3 2 2 3 3 3 3 2 3 2 3 3 1 3 2 3 3 3 3 2 3 2 3 2 3 3 2 3 4 2 3 3 3 3 2 3 3 3 3 3 3 3 3 4 4 3 3 3 4 3 3 2 2 3 3 3 1 2 2 2 3 2 3 3 3 3 4 3 3 3 2 2 3 3 3 1 2 2 2 3 3 3 3 3 3 3 2 2 3 3 4 4 3 4 4 2 4 3 3 2 2 3 2 3 3 2 3 2 3 3 3 3 3 2 3 3 3 3 3 3 2 3 3 3 2 2 3 3 3 2 3 4 3 3 3 3 3 3 4 3 3 3 2 3 2 3 3 3 3 3 3 2 3 3 2 3 2 2 3 3 3 3 3 3 3 2 3 3 3 3 2 3 3 3 3 2 3 3 3 3 3 3 3 3 2 2 2 3 3 3 4 3 3 2 3 3 2 3 2 2 3 3 3 2 2 3 2 3 3 3 3 3 3 3 3 3 3 2 3 2 3 3 3 3 2 1 3 3 3 1 2 3 3 3 3 2 3 2 2 3 3 3 3 2 3 4 3 3 2 3 3 3 3 3 2 3 2 3 3 3 3 2 2 1 3 3 3 4 3 2 3 3 1 3 3 3 3 3 3 3 3 3 3 2 2 3 3 3 2 2 2 3 3 1 3 3 3 3 4 2 3 3 3 3 4 2 2 3 3 3 3 3 3 3 3 3 2 3 3 2 3 3 4 3 3 2 3 3 3 2 3 3 2 3 3 3 3 3 3 3 3 3 3 2 3 3 3 3 3 3 3 2 3 2 3 3 3 1 3 2 3 3 2 0 2 3 3 3 3 3 3 3 3 2 2 3 4 3 3 3 3 3 3 3 2 3 1 2 3 3 3 3 3 2 3 4 3 3 3 3 3 2 2 2 3 3 3 3 1 3 3 3 3 3 3 3 4 3 2 3 3 3 3 3 2 3 3 3 3 3 3 3 3 4 3 2 3 3 3 3 3 3 4 3 3 4 2 3 2 3 
Vertex 414: 2 3 3 3 3 3 3 3 3 3 3 3 3 3 3 2 2 3 3 3 4 4 3 3 3 3 3 3 2 3 3 3 2 3 3 3 3 3 3 2 2 2 2 3 3 3 2 3 3 3 2 3 3 3 3 3 3 3 2 3 3 3 1 2 2 3 3 3 3 3 3 1 3 2 2 3 3 2 3 3 3 3 3 3 3 2 3 2 3 4 3 3 3 3 3 3 3 2 4 3 2 2 2 3 3 3 2 2 3 3 2 3 2 3 3 3 3 3 3 3 3 3 3 3 3 3 2 3 2 3 2 2 4 2 3 2 3 2 4 3 3 2 3 3 3 2 3 3 3 3 3 3 2 3 4 3 3 3 3 3 4 2 3 3 3 3 3 3 2 3 3 3 2 3 2 3 4 1 2 3 3 3 3 2 3 3 2 3 3 1 3 3 2 2 2 3 3 2 3 2 3 3 2 3 2 2 2 2 3 3 3 3 2 3 2 2 3 3 3 2 3 4 3 2 1 2 3 3 3 3 2 2 3 3 3 2 3 3 2 3 3 3 2 3 3 3 3 3 2 3 4 3 2 3 2 3 3 3 3 3 2 3 1 3 2 2 3 3 3 3 3 3 3 3 3 3 3 3 3 3 2 3 3 3 1 3 3 3 2 3 3 3 3 3 3 3 3 3 3 2 3 3 3 3 3 3 3 3 2 1 2 2 2 2 2 2 3 3 3 2 3 3 2 4 3 3 2 4 3 3 3 3 3 3 3 2 2 3 3 3 2 2 3 3 3 3 3 3 3 3 3 4 2 3 3 3 3 3 3 3 3 3 4 3 2 3 3 3 3 3 3 3 2 2 3 2 2 3 2 3 2 3 3 3 3 2 3 3 2 2 3 3 3 1 3 2 3 3 3 3 3 3 3 4 3 3 3 3 3 3 3 3 3 2 0 2 1 3 3 3 3 3 3 3 3 2 3 3 3 3 3 3 3 3 2 3 3 2 4 3 3 2 3 3 1 3 3 2 3 3 2 2 2 3 3 3 4 3 3 4 3 3 2 3 3 3 3 4 3 2 3 3 2 4 4 3 3 3 3 3 2 3 3 3 3 3 3 4 4 3 2 2 3 2 3 3 3 3 3 2 
Vertex 415: 3 3 3 2 3 3 4 2 3 3 3 4 3 2 2 2 2 3 4 2 3 3 3 3 3 3 3 3 3 3 3 3 3 2 3 3 3 3 3 3 3 2 3 3 2 2 2 3 3 3 2 3 4 3 4 2 3 2 2 2 2 2 3 3 2 3 3 2 3 3 3 3 3 3 3 4 3 2 3 3 3 3 2 3 3 2 2 2 3 2 2 3 3 4 3 3 2 3 2 3 3 3 3 3 3 3 3 1 3 3 3 2 2 3 3 2 3 3 3 2 3 3 2 2 4 2 3 3 2 3 3 3 4 2 3 2 3 3 3 3 3 3 3 3 3 2 3 4 3 3 2 4 2 2 3 3 2 3 3 3 4 3 2 3 3 3 3 3 3 3 2 3 2 4 4 3 2 3 3 3 3 3 3 2 2 4 2 3 1 3 2 3 3 1 3 3 3 3 3 3 2 2 3 3 3 2 3 3 3 2 3 3 2 3 3 2 1 3 2 3 3 3 2 3 2 3 3 3 3 2 3 2 3 2 3 3 3 3 3 2 2 3 3 3 3 2 3 1 3 3 2 1 3 3 2 2 2 3 3 3 3 3 3 3 3 3 3 3 3 3 3 3 3 3 3 3 3 3 3 2 2 2 3 2 3 1 3 3 3 3 3 3 2 3 2 3 3 2 3 2 2 3 2 3 3 3 2 2 2 3 3 3 2 3 3 3 2 3 1 2 3 3 3 4 2 2 3 3 3 2 2 3 3 3 2 4 2 3 2 3 3 2 3 3 3 4 3 3 3 3 3 2 3 3 2 3 3 3 3 3 3 3 3 1 2 3 3 3 3 3 3 2 2 3 4 2 3 3 3 3 3 3 2 3 3 2 3 3 1 3 3 2 3 3 2 3 3 3 2 2 3 2 3 3 3 1 3 2 3 3 3 3 3 3 2 0 3 2 3 3 3 3 2 3 3 2 4 4 3 1 2 3 3 2 2 1 3 3 2 3 3 3 2 2 1 3 3 3 3 3 3 2 3 3 3 3 3 3 3 3 3 3 3 3 3 3 3 3 3 3 2 3 3 4 3 3 3 3 3 4 3 3 2 2 3 3 2 2 3 3 2 3 3 2 3 2 3 1 3 2 
Vertex 416: 3 2 2 2 2 3 3 3 3 3 3 3 3 3 3 3 1 4 3 2 3 4 3 4 3 4 4 3 3 3 3 3 3 3 3 3 4 3 3 3 3 3 3 2 2 3 3 2 3 3 3 3 3 3 3 3 4 3 2 3 3 3 2 3 2 2 2 4 3 3 4 2 3 3 3 4 3 3 4 3 3 3 3 3 3 2 3 3 3 3 3 3 3 3 3 2 3 3 3 3 3 3 3 3 3 3 3 3 3 3 3 3 3 3 2 3 2 2 2 3 4 3 3 2 4 3 3 3 3 3 3 2 4 3 3 1 3 2 3 3 4 2 3 3 4 3 3 3 3 3 3 3 3 3 4 3 2 3 3 2 4 3 3 2 2 2 2 3 3 3 3 3 3 4 3 2 3 2 3 2 3 3 3 3 3 3 3 2 4 2 3 3 3 2 3 3 3 3 4 3 3 3 3 3 3 3 1 3 4 2 4 3 1 3 1 3 2 3 3 3 3 3 3 3 2 3 3 3 4 3 2 3 2 3 3 3 2 2 3 2 4 2 3 3 2 3 2 2 1 2 3 3 3 3 2 3 3 3 3 3 3 3 2 2 3 3 3 2 3 2 3 2 3 4 3 2 3 2 3 3 2 2 4 4 2 3 3 3 3 4 3 3 3 4 3 3 3 2 3 3 3 3 3 3 3 3 3 3 3 2 3 3 1 3 3 3 3 4 3 2 3 3 2 4 3 2 2 3 3 2 3 3 3 3 3 3 2 2 3 3 3 2 3 2 2 3 3 3 3 3 3 3 1 2 3 4 2 2 2 3 3 4 3 3 3 3 3 3 3 4 3 4 2 3 3 2 3 3 2 3 3 3 3 3 4 3 3 3 3 3 3 3 3 2 3 1 2 4 3 3 2 3 2 4 2 4 3 3 3 2 3 2 3 3 1 3 0 3 3 3 3 2 3 3 3 3 4 3 3 2 3 2 2 3 3 2 2 2 4 3 3 3 3 3 2 3 2 3 3 2 3 1 3 3 3 4 3 3 3 3 3 3 3 3 2 2 3 3 3 3 3 3 2 3 4 3 3 3 3 3 3 3 3 2 2 3 4 3 4 4 3 3 3 3 3 3 3 2 2 2 
Vertex 417: 3 2 2 3 3 2 2 4 3 3 2 3 3 2 3 3 3 3 3 3 3 3 1 2 3 3 2 3 3 3 3 4 3 2 3 3 3 3 3 3 3 3 3 4 3 3 3 2 3 3 3 2 3 3 3 4 3 3 3 2 3 3 2 3 2 3 2 3 3 3 4 3 3 3 3 2 3 3 2 3 3 2 3 3 3 3 2 3 3 3 2 3 3 4 1 3 3 2 3 2 3 2 3 4 2 2 3 2 2 2 3 3 2 2 4 3 4 3 1 3 2 3 3 3 4 4 3 2 3 3 2 3 3 2 4 3 2 3 3 3 3 3 3 2 3 3 3 3 3 2 3 2 3 3 3 3 4 2 3 3 3 3 3 3 3 3 3 3 3 3 3 3 3 4 2 3 3 2 3 3 2 3 4 3 3 3 3 3 2 4 3 3 3 3 3 3 3 2 3 3 3 4 3 2 2 2 3 3 3 3 3 3 3 3 2 3 2 3 3 3 3 3 2 3 3 2 3 3 2 3 3 3 3 2 3 3 3 3 3 2 3 4 2 3 1 2 3 3 3 4 2 3 3 3 1 3 3 3 2 4 3 3 3 2 3 3 3 3 3 3 3 3 3 3 2 3 4 3 4 3 3 3 3 1 2 3 3 3 3 2 3 3 2 3 3 3 3 3 3 3 4 3 3 3 3 1 3 3 3 3 4 3 3 3 3 3 4 3 3 3 3 3 2 4 3 3 3 3 3 3 3 3 3 3 3 3 3 3 3 3 3 3 3 3 2 2 3 3 3 3 3 3 3 2 3 2 3 3 3 3 3 3 3 3 3 2 1 3 3 4 2 2 3 2 3 3 3 2 3 3 3 3 3 2 3 2 2 2 3 3 4 2 4 4 3 3 3 3 2 3 3 3 3 3 3 3 3 2 3 3 2 2 4 3 3 2 3 0 2 3 4 3 3 4 3 3 2 3 3 3 2 4 3 3 3 3 2 2 3 3 2 2 3 3 3 4 3 1 3 2 3 2 3 3 3 3 3 1 2 4 3 3 3 3 3 3 3 3 3 2 3 2 3 3 1 3 4 3 2 3 4 3 3 3 3 2 2 3 2 4 3 3 3 3 3 3 3 3 3 3 
Vertex 418: 3 2 2 3 3 3 4 3 4 4 3 3 2 3 3 3 3 4 4 3 3 3 2 3 2 4 4 2 3 3 3 4 3 3 3 3 3 3 1 3 3 4 2 3 3 3 2 3 3 3 3 3 3 4 3 4 3 3 3 2 3 3 3 3 3 4 3 3 3 3 3 3 3 3 4 4 3 3 3 3 4 3 2 4 3 3 2 3 3 3 3 3 3 3 3 3 4 3 3 3 2 4 2 3 2 1 3 3 2 3 3 3 4 2 2 3 4 3 1 3 3 4 2 4 4 4 3 3 3 4 3 3 3 3 3 4 3 3 4 3 3 3 3 4 1 3 3 3 2 3 4 4 3 1 4 3 3 3 4 2 5 3 3 3 3 4 3 4 3 2 3 3 3 4 4 3 2 3 2 3 3 3 3 3 3 2 4 3 4 3 3 3 2 2 3 4 4 3 3 3 3 4 3 3 2 2 4 2 4 3 3 4 4 3 2 4 4 4 3 4 3 4 3 3 4 4 3 4 4 3 4 3 3 3 4 3 4 3 2 3 3 3 2 4 3 3 3 3 4 4 2 3 3 3 3 3 3 3 3 3 4 3 3 3 3 3 3 3 3 3 4 3 3 3 3 4 3 3 3 3 3 4 3 3 4 3 3 1 1 3 3 3 3 3 3 3 4 3 4 3 3 3 4 2 2 3 4 2 2 2 2 2 3 3 3 3 4 4 3 3 2 3 2 3 3 3 3 3 3 3 3 3 4 4 3 3 2 3 3 3 3 3 3 4 3 3 3 3 2 3 3 3 4 3 3 4 4 4 3 3 3 3 3 3 2 4 3 3 3 3 3 3 3 3 3 2 3 3 3 3 3 3 2 3 4 4 4 3 3 3 3 2 2 3 3 3 3 2 3 3 3 3 3 3 3 3 3 3 3 3 2 3 4 3 3 3 3 2 0 3 3 4 2 3 3 4 2 3 3 3 3 3 3 4 3 3 2 4 3 3 3 3 4 4 3 3 3 3 2 3 3 2 3 3 3 2 2 3 3 3 3 4 3 3 3 4 3 2 3 3 4 3 3 3 3 3 2 2 3 3 4 4 3 3 4 3 3 3 4 3 3 3 2 3 3 3 3 3 4 3 
Vertex 419: 3 3 3 3 3 3 3 3 4 4 2 3 3 4 4 4 3 4 4 3 3 4 3 3 3 4 3 2 3 3 4 4 2 1 3 3 3 4 2 3 4 3 4 2 3 3 4 4 4 3 3 2 4 2 3 3 3 3 3 3 3 3 3 4 4 3 3 3 4 4 4 3 4 2 4 3 3 4 3 3 4 4 2 4 3 3 2 4 4 4 3 3 4 3 3 3 3 4 3 4 4 3 3 3 3 4 4 3 3 3 3 3 4 3 3 3 3 4 3 2 3 4 3 2 4 4 3 3 4 4 4 4 4 3 4 4 2 3 3 3 4 3 3 3 4 3 3 4 3 3 3 4 3 3 4 4 2 4 3 4 4 4 3 2 3 3 3 4 3 3 3 3 2 3 3 3 3 3 3 3 4 4 3 4 1 3 3 4 3 4 3 3 3 2 2 3 2 4 3 4 3 3 3 3 4 3 3 1 4 3 2 4 4 3 3 3 3 4 4 3 3 3 4 3 4 3 3 3 4 3 3 2 3 3 4 3 4 3 3 3 4 4 3 4 4 3 3 3 3 3 3 2 3 3 4 3 4 2 3 3 4 3 4 3 3 2 4 2 3 2 3 2 3 3 3 2 2 2 3 3 3 3 3 3 3 3 3 3 3 4 3 3 2 3 2 3 4 3 3 3 3 3 4 2 4 4 3 2 3 3 3 3 2 4 2 3 3 4 3 2 4 2 3 4 3 4 3 4 3 2 3 4 3 4 3 3 3 3 3 4 4 3 3 4 3 4 3 3 3 2 3 4 3 3 3 3 3 3 3 2 4 3 4 3 4 3 3 4 4 4 3 4 3 3 4 2 3 4 3 3 4 3 3 3 3 3 3 2 3 3 3 3 4 3 3 3 3 3 3 3 3 3 3 3 2 4 3 2 4 3 3 4 3 3 3 3 3 3 3 0 3 3 3 3 3 3 3 4 3 3 3 3 3 3 3 3 3 3 4 3 2 3 4 3 3 4 3 2 3 3 4 3 3 4 3 4 2 4 3 4 3 3 3 3 2 3 4 4 3 3 3 3 3 4 2 1 3 3 3 2 3 3 3 3 3 3 2 3 4 4 3 3 3 3 3 4 4 3 3 3 
Vertex 420: 3 3 3 3 3 3 4 3 3 2 2 3 3 3 3 4 2 3 3 3 2 3 3 2 3 3 4 3 3 3 2 2 3 3 3 3 4 4 4 3 3 3 3 3 4 3 1 3 2 2 4 3 4 3 3 4 2 3 2 3 3 3 3 3 3 3 4 3 3 3 4 3 3 3 3 3 2 2 4 3 4 3 3 3 3 3 3 3 3 3 4 3 3 3 3 3 4 3 3 2 3 3 3 3 3 3 3 3 3 3 3 2 3 2 3 3 4 3 3 4 3 4 3 4 4 4 3 3 3 3 4 3 4 3 3 3 3 1 4 1 3 3 3 3 4 3 4 3 3 2 3 2 3 3 3 3 3 4 4 2 4 3 3 3 2 3 3 4 3 3 3 3 4 3 2 3 3 3 4 2 3 4 3 3 2 3 3 4 4 4 3 3 2 3 3 3 4 4 2 2 3 3 4 3 3 3 3 3 3 3 3 4 4 3 2 3 3 4 4 2 3 4 3 3 2 3 3 2 3 3 3 3 3 2 2 2 4 3 3 2 4 3 3 4 4 3 3 2 3 3 3 3 3 3 3 3 2 3 3 3 3 3 3 3 3 3 1 2 3 3 3 3 2 2 3 3 3 1 3 3 3 3 3 3 3 4 2 4 2 3 3 4 3 3 2 4 2 3 3 4 3 1 3 3 2 3 4 3 3 3 3 4 3 2 3 2 4 4 3 3 3 3 3 2 3 3 2 3 3 3 4 3 3 3 2 3 3 3 3 4 3 3 3 3 4 3 2 3 3 3 3 2 3 3 3 4 3 3 2 2 4 4 4 3 2 3 3 3 3 3 3 3 3 3 2 4 3 3 4 2 3 3 2 3 3 3 4 3 3 3 3 3 3 3 3 4 3 4 3 3 4 3 3 3 3 3 3 3 3 3 3 3 3 3 3 3 3 4 3 3 0 3 2 3 3 4 2 3 3 3 2 4 3 4 3 4 3 4 4 2 3 3 3 4 3 2 3 4 3 3 3 3 3 4 2 1 4 3 3 3 2 3 3 2 3 4 3 4 3 3 2 2 3 3 3 3 4 3 2 4 3 3 3 3 2 3 3 3 3 3 3 3 2 3 4 4 4 2 3 3 
Vertex 421: 3 2 2 2 3 3 3 3 3 3 3 4 2 3 2 3 1 3 4 3 4 4 3 3 3 2 3 4 3 3 3 3 4 3 3 4 3 4 3 2 4 4 3 4 3 4 2 3 3 3 3 3 4 4 3 4 2 4 2 3 2 4 4 3 3 3 2 2 3 3 4 3 3 3 4 3 3 1 3 3 2 3 3 3 2 4 3 3 3 3 3 4 3 3 4 3 3 3 4 3 3 4 3 2 3 4 2 2 3 2 4 3 3 3 2 3 4 1 3 2 4 3 4 3 4 3 3 4 3 3 3 3 4 2 3 3 4 4 2 3 3 1 3 3 3 3 3 3 4 4 3 3 3 4 3 2 3 3 3 3 3 2 3 3 3 2 3 3 3 2 3 3 2 3 3 3 3 2 3 3 3 3 4 3 3 4 3 3 2 3 3 3 3 3 3 3 3 3 4 3 3 4 3 3 3 4 3 3 3 3 4 1 2 2 3 4 2 2 3 2 3 4 3 3 3 3 3 4 4 3 2 3 2 2 3 3 3 2 3 3 2 3 3 3 3 3 2 3 3 3 4 3 3 4 3 2 4 3 4 4 4 3 3 3 2 3 3 3 3 2 2 4 3 3 3 3 3 2 3 3 3 3 3 3 3 4 3 3 3 2 3 2 1 3 3 3 4 3 3 3 3 4 3 4 3 3 1 3 3 2 3 3 3 4 2 2 3 3 3 3 4 4 3 3 3 3 3 3 4 2 4 3 3 3 3 3 3 3 3 3 3 2 3 3 4 3 3 3 3 3 3 3 2 3 3 3 3 3 4 3 3 3 3 3 3 2 3 3 3 3 3 4 2 3 3 3 3 3 4 3 3 4 3 3 3 3 4 4 3 2 3 3 3 4 4 3 4 3 3 3 3 3 3 3 4 3 2 3 3 3 3 2 4 3 3 3 2 3 4 3 3 0 3 3 3 3 4 3 4 2 3 3 2 3 4 3 4 3 4 3 3 3 3 3 3 2 2 4 3 3 2 3 3 2 3 3 3 4 4 3 4 2 4 3 3 3 3 3 3 3 3 3 3 3 2 3 4 3 3 4 4 3 3 4 3 3 4 3 3 4 4 4 3 2 3 2 3 3 2 2 
Vertex 422: 2 1 3 3 3 2 3 3 3 4 3 3 3 3 1 3 2 2 2 3 2 3 2 3 3 3 3 2 3 3 2 3 3 3 3 3 3 3 2 2 3 3 3 3 3 1 2 4 3 2 3 2 3 3 3 3 3 2 3 3 2 2 2 3 3 3 3 3 3 4 3 2 3 3 3 3 3 3 2 3 3 3 3 3 2 4 3 2 3 1 3 3 3 3 3 3 3 3 3 3 3 3 3 3 3 1 3 2 2 2 4 3 3 3 3 3 3 3 3 3 2 3 3 3 3 3 3 2 3 3 3 3 4 3 3 2 3 2 3 3 3 3 2 3 3 3 4 3 2 2 2 3 2 3 3 3 1 2 3 1 3 3 3 3 2 3 3 3 3 4 3 3 2 3 2 2 2 2 3 3 3 3 2 4 2 3 3 3 2 3 3 3 3 3 1 3 3 3 3 3 2 2 2 2 3 3 3 2 3 3 1 3 3 3 3 3 2 4 3 2 3 4 3 3 3 3 3 2 3 2 2 3 3 4 3 3 3 3 3 3 3 3 3 3 2 2 2 1 3 3 2 3 3 2 3 2 2 3 3 2 3 3 3 3 2 3 3 3 3 2 2 3 1 2 3 3 2 1 3 2 3 3 3 3 3 2 2 3 3 3 2 3 3 3 3 2 3 2 3 3 3 3 3 3 3 3 2 3 3 3 3 3 4 3 3 2 3 3 3 3 4 2 3 3 1 2 3 3 3 3 4 3 3 3 2 3 4 2 3 3 2 2 3 2 4 3 3 2 2 3 2 3 3 2 2 3 2 2 3 2 3 4 3 3 2 2 3 3 3 3 3 3 2 3 3 3 2 3 3 3 3 3 3 3 4 2 2 3 2 2 1 2 3 3 2 2 3 3 2 1 3 1 2 3 2 3 3 2 2 3 3 3 3 3 3 2 3 3 2 3 2 3 0 3 3 2 3 3 2 3 2 3 2 2 3 2 3 2 3 3 3 3 3 2 3 3 3 3 3 2 2 3 3 2 3 3 2 3 3 3 2 3 3 3 3 3 3 2 3 3 3 2 3 3 3 3 3 3 2 3 3 3 3 3 3 3 4 2 3 4 3 3 2 3 2 3 3 3 2 3 
Vertex 423: 3 3 3 2 2 3 4 3 4 2 3 3 4 3 3 3 3 4 3 3 2 3 3 3 4 2 3 3 3 4 3 3 2 3 4 3 3 3 4 3 2 3 4 3 2 3 3 3 3 3 2 3 3 3 3 2 3 3 3 3 4 2 3 3 3 3 3 3 4 3 3 3 3 2 3 3 3 3 3 3 3 3 3 3 2 2 3 3 4 3 3 4 2 3 3 3 3 3 2 3 3 3 3 3 2 3 1 3 3 4 4 3 3 3 3 2 3 3 4 3 3 4 3 1 3 3 3 3 3 3 2 4 4 3 2 4 3 3 2 3 4 3 4 3 4 3 2 1 1 3 2 2 3 3 3 3 3 3 4 3 3 4 3 3 3 3 3 3 3 3 3 3 3 4 2 2 4 3 3 1 3 3 3 4 3 3 3 2 3 3 2 3 3 3 3 3 1 3 2 3 2 3 3 2 3 4 3 3 2 3 3 3 3 3 3 3 3 3 3 3 3 4 2 2 3 3 3 3 3 3 2 3 3 4 3 3 4 3 3 3 4 3 3 3 3 3 2 3 2 2 4 2 3 3 3 2 2 3 3 3 3 2 3 3 3 2 3 3 4 3 2 2 3 3 3 3 2 3 3 3 3 3 3 4 3 2 3 2 3 3 4 3 3 2 3 4 3 3 3 4 3 2 3 3 2 3 2 3 3 3 3 3 3 2 3 3 3 4 3 2 4 3 2 4 2 3 2 3 3 3 2 3 4 3 3 3 3 2 3 3 3 3 4 3 3 3 2 3 4 2 3 3 3 3 3 3 2 3 2 3 3 3 4 3 3 3 3 3 2 3 3 3 2 3 3 3 3 2 3 2 3 3 3 3 4 4 3 4 3 2 3 3 3 3 3 2 4 3 2 3 4 3 3 3 3 3 3 3 3 3 3 3 3 2 3 3 3 4 3 3 3 3 3 0 3 3 3 3 3 3 3 3 3 2 3 2 2 4 4 3 3 3 1 3 3 4 2 3 3 2 3 3 3 3 3 3 2 3 3 1 3 3 3 3 3 3 4 3 3 2 3 2 3 3 4 2 3 3 3 4 4 4 3 3 3 2 3 3 3 3 4 2 2 4 3 3 3 3 3 3 
Vertex 424: 2 2 3 3 3 3 2 3 2 3 2 2 3 3 3 3 3 3 1 1 2 2 2 3 3 3 3 3 3 3 3 3 3 3 3 3 3 3 3 1 3 2 3 3 2 3 3 3 3 3 2 1 4 3 3 3 3 3 3 3 3 3 2 2 2 3 3 3 2 2 3 3 2 3 3 3 3 4 3 3 2 3 3 3 3 3 3 3 3 4 3 4 3 3 3 3 3 3 2 3 3 2 3 3 3 3 3 3 3 3 3 3 3 3 2 3 4 3 2 3 2 3 3 3 3 3 3 3 3 3 3 3 3 3 3 3 3 2 3 2 3 2 2 3 2 3 3 3 3 3 3 2 3 3 3 3 2 3 2 3 4 3 3 2 3 3 2 3 3 3 3 3 3 3 3 3 3 3 2 2 3 3 3 3 3 3 3 4 3 4 3 3 3 4 3 3 3 2 3 4 4 3 3 3 2 1 2 2 3 3 2 3 3 2 2 2 4 2 2 2 1 4 2 2 2 3 2 3 3 3 2 3 3 3 3 3 3 2 3 3 4 2 3 3 3 3 3 3 3 3 3 3 3 3 3 3 2 3 3 3 3 3 2 3 3 3 2 2 3 3 3 2 3 3 3 3 3 3 3 3 3 3 3 2 2 3 3 2 3 3 3 3 2 3 3 4 3 3 3 3 3 3 3 3 2 2 3 2 2 3 3 3 3 1 3 1 4 4 2 2 2 3 2 2 2 3 3 3 3 3 3 2 3 2 3 3 2 3 2 3 2 3 2 3 2 3 3 3 2 2 4 2 3 3 3 3 3 2 3 3 4 3 4 3 3 3 3 3 2 2 2 3 3 1 3 2 3 3 3 3 3 3 3 2 3 3 2 3 2 3 2 1 3 2 3 3 3 4 3 2 4 3 3 3 2 3 3 2 4 2 3 3 2 2 3 3 3 3 3 3 3 3 3 3 0 3 3 2 3 3 3 3 2 3 2 3 3 1 3 3 3 3 3 3 3 3 2 3 3 3 3 3 2 3 3 3 3 3 3 3 3 2 3 3 3 3 4 3 3 2 3 2 2 2 3 3 2 3 3 2 2 3 3 3 3 2 3 4 3 2 3 3 3 3 3 3 3 2 3 3 
Vertex 425: 3 3 3 3 2 3 2 2 3 3 2 3 3 4 3 2 3 3 3 3 3 3 3 3 3 3 4 3 3 2 3 3 2 3 3 2 3 3 3 3 1 2 2 3 2 3 3 3 3 2 2 3 3 1 2 2 2 2 3 3 3 3 2 3 3 2 3 3 3 3 3 2 3 3 3 2 3 3 2 3 3 3 3 2 3 3 3 2 2 3 3 3 3 3 3 3 3 3 3 3 3 3 3 3 2 3 3 3 3 3 3 3 3 3 2 3 3 3 3 3 3 3 3 3 4 4 3 3 3 3 2 3 2 2 3 4 2 3 3 3 3 2 2 3 3 2 2 3 3 3 3 2 2 3 3 3 3 4 2 3 4 3 1 3 3 3 4 3 3 3 3 1 3 3 2 3 2 2 3 3 2 3 3 3 2 4 3 3 3 3 3 3 3 3 1 2 3 3 3 3 4 3 2 3 2 3 2 3 3 3 2 4 3 3 2 3 3 4 2 3 3 3 3 3 2 2 3 3 3 3 2 3 3 3 3 3 3 3 3 2 3 2 2 3 3 3 3 3 2 3 4 2 3 3 3 2 3 4 2 3 3 3 1 3 3 2 3 3 3 3 3 3 3 3 3 3 3 3 3 3 3 2 3 3 3 3 3 3 3 3 2 3 3 3 3 3 2 2 3 3 3 3 3 3 3 3 2 3 2 3 3 3 2 3 3 3 2 4 2 3 2 3 3 4 3 3 3 2 1 2 3 3 3 3 3 3 3 2 3 3 2 2 4 3 3 2 3 2 3 3 3 2 3 3 3 2 2 3 3 3 1 2 2 3 2 3 3 3 3 4 3 3 2 2 3 3 3 3 2 3 2 4 3 3 4 3 3 3 2 3 3 3 2 3 3 4 3 3 3 3 3 3 3 3 3 3 3 3 2 3 3 1 3 3 2 2 3 3 4 3 4 3 2 3 3 0 3 3 1 1 2 3 3 2 3 3 3 3 4 3 2 3 3 2 3 3 3 3 3 3 3 3 3 3 4 3 3 3 3 3 3 3 3 3 3 2 2 3 3 2 2 3 2 4 3 2 2 2 2 3 2 3 3 1 3 3 3 3 3 3 3 2 2 3 3 3 3 3 3 3 
Vertex 426: 2 3 2 3 3 3 3 3 3 2 3 3 2 4 3 3 3 3 3 2 2 1 3 2 3 2 2 3 4 3 4 3 3 4 3 3 3 3 2 3 3 3 2 3 3 2 3 2 3 3 3 2 4 2 1 2 2 3 3 3 4 2 3 3 3 4 3 3 3 2 3 3 3 3 3 3 3 3 3 3 3 3 3 3 2 2 3 3 3 3 3 4 3 2 3 3 4 1 3 3 2 3 3 3 3 3 3 3 3 3 3 3 3 4 3 3 3 3 3 2 4 4 3 3 2 4 3 3 3 3 3 2 3 3 2 4 3 3 4 3 3 3 2 2 3 3 3 3 4 2 2 3 2 3 4 4 3 3 3 4 4 2 3 3 3 3 3 4 3 3 2 3 3 4 2 2 3 3 2 2 3 4 3 4 2 3 3 3 4 3 3 3 3 3 2 3 3 3 3 3 2 3 3 3 2 3 3 3 2 3 3 4 3 3 3 2 3 3 3 3 4 4 3 1 2 3 2 3 3 3 2 4 3 4 4 3 3 3 3 3 2 3 3 2 3 3 3 3 3 3 4 3 3 2 2 3 3 3 2 3 3 3 3 3 3 3 3 3 3 3 4 3 3 2 3 3 2 3 2 3 3 3 4 3 3 3 3 3 2 3 3 3 3 3 3 3 3 2 3 4 3 3 3 4 3 3 3 3 3 3 4 2 3 3 3 3 3 4 3 3 3 1 3 2 3 3 4 3 4 4 4 3 3 4 2 3 3 3 3 3 3 3 1 4 3 3 2 2 4 3 3 3 3 2 3 3 2 3 3 3 4 3 2 3 3 2 3 3 1 3 2 2 2 3 3 2 3 3 3 3 3 3 3 3 4 3 3 3 3 3 3 2 3 3 2 3 3 3 3 3 4 3 3 3 2 3 2 3 3 3 3 3 3 4 3 4 4 2 2 3 2 4 3 3 3 3 0 3 2 3 3 4 4 2 3 3 3 4 4 2 3 2 3 3 3 3 3 3 3 3 3 3 2 3 3 1 4 3 3 2 3 3 3 2 3 3 3 4 3 3 3 3 3 4 3 3 3 3 3 3 3 2 3 4 3 3 3 3 3 3 4 3 3 3 3 4 3 3 3 2 
Vertex 427: 3 3 4 3 3 3 2 3 3 3 3 3 3 2 3 3 3 3 2 3 3 4 3 3 4 3 4 3 3 3 3 2 3 3 4 3 3 3 3 3 3 4 3 3 3 3 3 3 3 3 4 3 3 3 3 2 3 3 4 3 2 3 2 3 3 3 3 3 3 4 3 3 3 3 3 4 4 4 4 3 2 4 3 4 3 4 3 3 3 3 3 3 3 3 3 4 4 3 3 4 3 3 3 1 3 2 2 3 3 3 2 4 4 3 3 4 4 3 4 4 2 3 3 3 4 2 3 3 3 4 3 3 4 3 3 4 3 4 3 2 4 3 4 4 4 3 3 2 3 3 3 3 4 4 3 3 3 2 3 3 4 3 2 2 3 4 3 3 3 4 3 3 3 4 3 3 3 3 3 3 3 3 2 4 3 3 3 2 3 4 3 3 3 4 3 3 4 3 3 3 3 3 3 3 4 3 2 3 4 3 4 3 4 3 3 3 3 2 4 3 3 3 3 4 3 3 4 4 3 3 3 2 3 3 1 4 4 3 3 3 4 3 4 3 3 3 3 4 3 3 3 3 2 3 3 3 4 3 4 2 3 3 4 4 3 4 2 3 1 3 3 4 2 3 4 3 3 4 2 3 3 3 2 3 3 3 3 4 3 3 4 4 3 1 4 4 3 3 4 4 4 4 3 4 3 2 2 3 4 4 4 4 3 3 4 3 3 4 3 3 4 3 3 1 4 4 3 3 3 2 4 2 4 3 3 3 3 3 3 3 2 3 4 2 3 3 2 3 3 3 4 4 3 3 4 3 3 3 3 3 4 3 4 4 3 3 3 3 3 3 3 4 3 3 3 2 3 2 3 4 2 3 3 2 3 3 2 4 3 3 2 3 4 4 3 3 3 4 4 2 3 2 3 3 3 4 3 3 3 4 3 3 4 3 3 4 3 3 3 4 3 3 3 3 2 3 3 0 4 3 3 3 3 3 4 3 3 1 3 3 3 3 3 3 3 3 3 3 3 3 3 4 3 3 4 2 3 3 3 2 2 2 4 4 3 2 4 3 2 2 4 3 3 3 4 3 2 4 2 3 3 3 3 3 3 3 2 4 4 4 4 4 1 4 4 3 3 3 3 2 
Vertex 428: 3 3 3 3 3 3 3 2 3 3 3 3 3 3 2 3 4 4 3 3 3 3 3 2 3 3 3 3 2 3 3 3 2 3 3 1 3 3 4 3 2 3 3 3 3 3 3 3 3 3 1 3 3 2 3 3 3 3 3 3 3 4 3 3 4 3 3 3 3 2 2 3 3 3 4 3 4 3 3 2 3 3 3 3 3 3 3 3 2 3 3 3 4 2 4 3 4 3 3 4 3 3 3 3 3 3 3 2 3 3 2 4 2 3 3 3 4 3 3 4 2 3 2 3 3 3 3 3 3 3 3 3 2 3 3 3 2 3 2 3 3 3 3 3 4 3 3 3 3 4 2 2 1 4 3 3 3 3 3 3 4 3 2 3 3 3 3 3 2 3 3 2 3 4 3 3 3 3 3 3 2 3 3 2 3 3 3 3 3 4 4 2 3 3 2 3 2 3 4 3 4 3 3 3 3 3 3 3 3 4 1 4 4 3 3 3 3 3 2 3 2 4 3 3 2 2 3 3 3 2 3 3 2 3 3 4 3 2 2 3 4 1 3 2 3 2 3 3 2 3 4 3 2 2 3 2 3 3 3 4 3 3 2 3 4 3 2 3 3 3 4 2 3 3 2 3 3 3 4 2 3 3 3 3 3 2 2 3 2 3 3 3 3 3 3 2 1 2 3 3 3 4 2 3 3 2 3 3 1 3 4 3 3 3 2 2 3 3 3 3 3 3 3 4 3 3 3 3 2 3 3 3 3 3 3 4 2 3 2 3 3 3 3 3 3 2 2 3 3 3 3 3 4 3 3 1 3 2 3 2 2 2 3 2 3 3 3 2 2 3 3 3 3 3 3 3 3 3 3 3 3 3 3 3 3 2 2 4 3 2 3 2 3 2 2 3 3 3 2 3 3 3 3 2 3 4 4 3 2 3 3 2 3 3 3 3 3 3 3 3 3 4 2 3 3 1 2 4 0 2 3 3 3 2 3 3 2 3 4 3 3 2 3 3 2 3 3 2 3 3 3 3 3 4 3 3 3 3 2 4 3 3 3 3 3 3 3 3 3 3 3 3 3 4 4 3 3 3 3 2 3 3 2 2 2 2 3 3 3 4 3 1 3 2 3 3 4 4 3 3 
Vertex 429: 3 3 2 3 3 4 3 3 3 3 3 3 2 3 2 3 3 4 3 3 3 4 3 3 4 3 3 3 2 3 3 4 3 2 2 3 3 4 3 3 2 3 3 3 1 3 3 2 2 3 3 3 3 2 3 2 3 3 3 3 3 3 3 2 3 3 2 3 4 3 3 3 2 3 3 3 2 3 3 3 2 3 2 3 3 3 3 1 2 3 3 4 3 3 2 3 3 3 3 3 2 3 3 2 3 2 2 2 3 3 3 3 2 3 2 3 3 3 3 3 4 3 2 2 3 3 3 3 2 3 3 3 3 1 3 3 3 2 2 3 2 3 3 2 3 3 3 3 3 3 3 3 2 3 3 2 3 3 3 3 3 3 2 2 4 3 3 3 3 2 2 2 3 4 3 2 1 3 3 3 3 3 2 2 3 3 2 3 2 3 2 3 3 2 2 2 3 3 3 3 3 3 3 3 3 2 3 3 3 2 3 3 2 3 3 3 2 3 1 3 2 3 3 2 2 3 4 3 3 3 2 3 3 3 4 3 4 2 3 1 3 3 3 3 4 3 3 2 2 2 3 2 3 3 3 3 3 3 2 3 3 2 2 2 3 3 3 3 3 3 2 2 2 3 3 2 3 4 2 3 2 2 3 2 3 2 3 3 3 3 2 3 2 3 3 4 3 3 2 2 3 2 3 2 3 2 1 3 3 2 3 3 1 3 3 4 2 4 2 3 3 3 3 3 3 3 3 3 2 1 3 2 2 2 3 3 3 3 2 3 3 3 3 3 2 3 3 3 3 3 3 1 2 3 3 3 3 2 2 3 2 3 3 2 1 4 3 3 3 3 3 2 1 3 3 2 3 3 3 3 3 3 3 4 4 3 4 3 2 2 3 3 3 3 3 3 3 2 3 3 3 3 3 4 4 2 2 3 3 3 2 2 3 3 3 1 2 3 3 3 3 2 3 3 3 1 3 3 2 0 2 3 3 3 3 2 2 3 3 3 3 2 2 2 2 4 3 3 2 2 3 3 3 2 3 4 3 4 3 2 3 3 3 3 3 2 2 2 3 3 3 3 3 3 3 3 3 3 3 4 2 3 3 2 2 3 3 3 3 3 2 3 2 2 3 3 3 2 3 3 
Vertex 430: 3 3 3 1 1 3 2 3 2 3 3 3 3 2 2 3 2 2 3 3 2 3 3 3 3 3 2 3 2 3 3 3 2 3 3 3 3 3 3 2 3 3 3 3 3 3 1 3 3 2 3 2 3 2 3 3 2 2 3 2 2 1 3 3 3 2 3 3 3 3 2 2 3 3 3 2 3 2 2 3 3 3 3 3 2 3 3 1 3 3 3 3 3 3 1 3 3 3 3 2 3 3 3 3 3 3 3 3 2 3 3 3 3 3 3 1 4 3 2 3 3 3 3 3 3 3 3 3 2 3 2 3 2 3 3 3 2 3 3 3 3 3 3 3 3 3 3 3 3 3 3 3 3 3 3 3 2 2 2 3 3 2 2 3 3 3 3 2 3 2 3 3 3 3 2 3 2 3 3 3 3 3 3 3 3 3 1 3 3 3 3 1 2 2 3 3 3 3 2 3 3 3 2 3 3 2 3 3 2 2 3 3 3 3 3 3 2 2 3 3 3 4 2 3 3 2 3 3 3 3 3 3 3 3 3 3 3 3 3 2 4 3 2 3 3 2 3 2 2 2 3 3 3 2 3 3 2 3 3 2 1 2 3 2 1 3 3 2 3 3 3 2 2 2 3 3 3 3 2 2 3 2 3 3 3 2 2 2 2 2 2 3 2 2 3 4 3 3 2 3 3 3 2 1 3 3 3 2 3 2 3 3 3 3 2 3 3 2 3 2 3 2 3 3 3 3 2 3 1 2 3 3 2 3 3 2 3 3 2 2 3 3 3 3 3 3 2 3 3 3 2 3 3 2 2 3 2 3 3 2 3 3 3 2 3 3 3 3 3 2 3 2 3 3 3 2 3 3 2 2 3 3 3 3 3 3 2 2 1 3 2 3 3 2 3 3 3 2 3 1 3 3 2 4 2 3 3 2 3 3 1 3 3 3 3 2 3 2 3 3 2 3 2 3 3 2 3 3 3 2 0 3 3 3 3 2 3 2 3 2 2 3 2 3 2 3 3 3 2 3 3 3 3 3 2 3 3 3 3 2 3 3 2 2 3 2 3 3 3 2 2 3 2 3 1 2 3 2 2 3 3 3 2 3 3 3 3 3 2 3 3 3 3 3 3 2 3 2 2 2 
Vertex 431: 3 3 3 3 2 3 3 4 3 3 3 3 4 3 3 2 2 3 2 3 3 3 3 3 4 4 4 3 3 3 4 4 3 3 4 2 4 3 4 3 3 3 3 4 2 4 3 3 4 2 4 3 4 2 3 3 4 4 3 3 3 3 2 3 2 2 3 3 4 3 2 2 3 4 4 4 4 3 4 4 3 3 3 3 3 3 4 3 3 4 3 3 3 3 3 3 3 3 3 3 3 3 3 3 3 2 3 2 3 3 3 4 3 2 3 2 3 3 3 4 4 3 3 3 3 3 4 3 3 4 3 2 3 3 3 3 4 3 3 3 3 3 3 4 4 2 3 4 3 3 3 3 3 3 4 3 2 3 3 2 2 4 4 3 2 3 3 4 3 3 3 3 2 3 3 3 3 3 3 3 4 3 3 4 3 4 3 3 3 4 4 4 2 3 3 3 3 3 4 3 4 4 4 3 4 3 1 3 3 3 3 3 3 3 3 3 3 4 2 3 3 3 4 3 2 3 3 3 4 3 3 3 2 4 4 3 3 3 3 3 4 3 4 3 4 3 3 3 3 3 3 3 3 2 3 2 3 3 3 3 4 3 3 3 3 3 3 3 4 1 1 3 2 4 3 2 3 3 3 3 3 4 4 3 3 3 3 2 4 3 3 3 3 3 3 3 3 2 4 2 3 4 1 3 4 3 2 3 3 3 4 3 3 3 3 3 2 3 3 2 4 4 3 3 2 4 3 3 3 3 3 3 3 3 3 2 3 3 3 3 3 4 3 4 3 4 3 4 4 4 1 4 3 3 3 4 2 3 3 3 3 3 3 4 3 2 4 4 3 2 4 4 3 4 3 3 3 4 4 4 4 4 3 3 3 2 3 3 3 3 2 3 3 3 3 3 4 3 4 2 3 2 3 3 3 4 3 3 3 3 2 2 3 3 3 3 2 4 3 3 4 3 3 3 3 3 4 3 3 3 3 0 3 2 4 3 3 2 3 3 4 4 3 4 3 3 2 4 3 3 3 3 3 3 4 4 4 3 3 3 2 3 3 4 3 3 4 1 3 3 3 3 3 3 4 2 3 3 3 3 1 3 3 4 2 3 3 3 3 4 4 3 3 3 2 4 4 2 3 3 
Vertex 432: 3 2 3 2 3 2 3 1 2 3 2 3 3 2 3 3 1 3 3 3 3 3 2 2 4 3 4 3 3 3 3 2 3 2 3 2 3 4 3 2 3 3 3 3 3 3 3 3 3 3 3 3 3 3 3 2 2 3 2 3 3 2 3 3 2 2 3 3 3 3 4 3 2 3 2 4 3 3 3 3 2 2 3 3 2 3 3 3 2 3 2 3 3 3 3 2 3 3 2 2 3 2 2 3 1 3 3 3 3 3 3 3 2 2 2 3 3 3 3 2 3 3 3 3 4 3 3 4 3 3 3 2 3 3 2 2 3 3 3 3 3 3 3 3 3 3 3 3 2 3 3 3 3 2 4 3 1 3 3 3 4 3 2 1 3 1 3 3 3 3 3 3 3 3 3 3 3 2 3 3 2 3 2 3 2 2 3 3 3 4 3 2 1 2 3 3 3 2 3 4 3 3 3 3 3 3 3 2 3 1 3 3 2 3 2 3 2 3 3 3 3 4 3 3 2 3 4 3 3 3 2 3 3 3 3 3 2 3 3 2 3 3 3 3 3 3 3 2 3 3 2 3 3 3 3 3 3 3 3 3 3 3 2 2 2 2 2 2 3 2 3 2 3 3 3 3 2 2 2 2 1 3 2 3 3 2 3 2 3 3 3 3 3 3 2 3 3 3 2 3 3 3 3 4 2 2 3 2 2 3 3 3 2 3 3 2 3 4 3 3 3 3 3 2 2 3 3 1 3 3 3 1 3 2 2 3 3 3 2 3 3 2 3 3 3 2 3 3 3 3 3 2 3 3 1 3 3 2 2 3 2 3 4 2 2 2 3 3 3 2 4 3 3 1 3 2 3 3 3 3 3 2 3 2 4 3 3 3 2 2 3 3 2 4 3 2 3 2 2 2 2 3 3 3 2 2 3 2 3 3 3 4 4 3 3 3 2 3 3 3 3 2 2 3 2 3 4 3 3 3 3 3 0 3 2 2 2 2 3 2 3 3 3 3 3 3 2 3 3 3 3 3 3 3 3 3 2 3 2 3 3 3 3 3 3 3 3 3 3 3 3 3 3 3 3 3 3 3 2 2 3 3 2 3 3 2 3 3 3 4 3 3 3 3 2 2 3 3 2 2 
Vertex 433: 3 3 3 3 3 3 3 3 4 4 3 3 3 3 2 2 3 4 3 3 2 1 3 3 3 4 3 3 4 3 4 3 2 3 3 2 2 2 4 4 3 3 3 3 2 3 3 2 3 3 3 3 3 3 3 2 3 3 3 3 3 2 3 3 3 3 3 3 3 2 3 2 3 3 3 3 3 3 4 2 3 4 3 2 3 3 3 4 2 3 3 3 3 3 2 3 4 3 2 4 3 3 3 3 3 3 3 2 3 4 4 3 3 3 4 2 3 3 3 3 4 3 3 3 3 3 3 3 3 3 3 3 3 3 3 3 3 3 2 3 4 2 4 3 3 3 2 3 3 3 2 2 1 3 3 3 2 3 4 3 4 3 3 3 3 2 3 4 3 3 3 2 3 4 3 3 4 3 3 3 3 3 1 3 3 4 3 2 3 2 3 3 2 3 3 2 3 3 3 3 3 3 3 3 3 2 2 3 3 3 3 4 3 3 2 3 3 4 2 3 3 3 3 3 3 3 3 4 3 2 2 3 3 3 4 3 3 3 3 3 4 3 3 3 3 3 4 3 4 3 2 2 3 2 3 3 4 3 3 3 3 2 3 1 3 3 3 3 4 3 3 3 3 3 2 3 2 3 3 3 3 3 4 3 3 2 3 3 4 3 3 3 4 2 3 4 3 3 3 3 4 3 1 3 3 3 3 3 3 3 3 3 2 3 3 3 3 3 3 3 4 3 3 4 3 3 2 3 3 3 4 3 3 3 3 3 3 4 2 2 3 3 3 3 3 4 3 3 4 3 3 3 3 3 3 3 3 3 3 2 2 4 2 2 3 2 4 2 2 4 2 3 4 3 3 3 3 3 3 3 4 4 4 3 3 2 3 3 3 2 3 2 3 2 2 3 3 3 3 3 4 3 3 3 3 3 4 3 3 3 2 1 3 3 3 2 3 3 4 3 4 3 2 2 3 2 2 3 2 3 3 2 3 0 3 3 2 3 3 2 2 3 1 3 3 4 3 4 3 4 3 3 3 3 3 3 2 3 2 3 2 3 1 3 4 3 2 3 3 3 2 2 3 2 4 3 3 2 3 3 3 3 2 3 2 3 3 2 3 4 3 3 4 4 3 3 4 3 3 3 
Vertex 434: 3 3 3 4 3 3 4 3 3 4 2 3 3 3 3 2 3 4 2 2 3 3 2 4 2 4 4 3 3 3 3 3 2 2 3 4 3 3 4 3 4 3 3 3 3 3 3 3 3 4 2 3 3 3 3 3 3 3 2 3 2 3 3 3 3 4 2 3 3 2 3 3 3 3 2 4 3 4 4 3 3 3 3 3 3 3 1 3 3 3 2 4 3 3 3 3 3 4 4 3 2 3 3 3 3 3 3 3 3 3 4 3 3 3 3 3 3 3 2 4 2 3 3 3 4 3 3 3 3 4 3 3 4 2 4 3 3 2 4 3 3 3 1 3 2 3 2 4 3 3 4 3 2 3 3 3 3 3 4 3 4 2 3 3 3 3 3 4 4 3 3 3 2 4 3 3 2 3 3 2 3 3 3 2 2 4 2 4 3 3 3 3 3 2 2 3 3 3 4 3 3 4 3 2 2 1 3 3 3 3 3 4 3 2 3 2 3 3 2 3 3 4 3 3 3 3 3 4 3 3 3 3 4 3 3 3 3 3 3 3 4 3 3 3 3 3 3 3 3 3 3 2 3 3 3 3 2 3 3 4 3 3 2 3 4 4 3 3 3 3 3 3 4 3 1 3 3 3 3 3 3 3 3 4 3 2 2 4 3 3 1 3 3 4 2 2 3 2 3 2 4 3 4 3 4 2 3 3 3 2 1 3 4 1 3 3 3 4 3 3 3 2 3 3 3 3 3 3 3 3 3 3 3 3 3 3 3 3 2 3 3 3 3 3 4 4 2 2 2 3 3 4 3 3 3 3 3 3 3 2 4 3 2 3 3 3 3 4 3 3 3 3 2 3 4 3 2 3 3 2 3 3 3 3 4 4 3 3 2 2 3 3 3 2 4 3 2 4 3 3 2 3 3 2 3 3 4 2 4 4 3 3 4 2 2 2 3 3 3 3 3 4 3 3 2 3 3 4 3 3 3 4 2 3 0 3 3 3 3 3 3 4 3 2 1 3 3 3 3 3 4 2 2 3 2 3 3 3 3 3 4 3 3 4 3 3 2 4 2 2 3 3 3 3 3 3 4 3 3 3 3 4 3 3 3 3 3 3 3 3 3 3 3 2 4 2 2 3 3 3 
Vertex 435: 2 3 3 1 2 3 3 3 2 4 3 4 3 2 3 3 2 3 3 3 3 3 3 3 3 3 4 3 3 3 3 4 3 2 3 3 2 2 2 3 3 2 4 3 3 1 3 2 3 3 3 3 3 3 3 2 3 2 2 1 3 1 3 4 3 3 3 3 3 3 3 3 3 3 3 3 3 3 3 3 3 3 3 3 3 3 3 3 3 3 3 4 3 3 3 3 3 3 3 4 3 3 3 3 3 3 3 2 4 2 4 3 3 3 3 3 4 2 4 3 2 3 3 1 3 3 3 3 2 4 4 3 4 2 3 3 3 3 3 3 3 3 3 3 4 2 3 3 3 3 3 3 3 3 3 2 3 3 4 3 3 3 2 3 2 3 3 2 3 3 3 3 3 3 4 3 3 3 3 3 2 3 3 3 3 4 3 3 2 4 3 3 2 2 2 3 3 3 3 4 2 3 3 3 3 3 2 3 3 2 3 4 1 3 3 2 2 2 3 4 3 4 3 3 3 3 4 3 3 3 2 3 3 3 3 3 2 3 3 3 3 3 4 3 3 3 3 2 2 2 3 1 3 3 3 2 3 3 3 4 3 3 3 3 3 3 3 2 3 3 4 3 2 2 3 4 2 3 3 3 3 3 4 2 2 2 2 3 3 3 2 3 3 3 2 2 3 1 2 3 2 3 3 2 3 3 3 2 3 4 3 4 3 3 2 3 3 3 2 2 4 2 3 4 3 3 3 3 3 3 2 3 4 2 3 3 2 3 3 2 2 3 4 3 3 4 3 3 2 3 3 3 3 3 3 3 3 2 2 3 3 3 3 2 3 3 3 3 3 3 3 3 2 3 3 3 3 3 3 3 3 3 3 2 3 3 3 3 2 2 3 3 3 3 3 2 3 3 3 3 3 3 3 3 3 2 3 3 3 3 3 3 3 3 3 1 2 3 3 3 4 3 2 2 3 3 3 3 3 2 2 3 2 3 3 0 3 2 2 2 2 3 2 2 2 3 3 3 3 2 3 3 4 3 2 4 3 3 2 2 3 3 3 3 3 3 3 4 3 3 3 2 3 4 3 3 3 2 3 3 3 4 2 3 3 2 3 2 3 4 3 3 3 3 4 3 3 2 3 3 
Vertex 436: 3 3 3 2 3 3 3 3 4 3 4 4 3 3 2 3 3 3 2 2 1 3 3 3 3 4 3 2 3 3 3 3 3 3 3 3 3 3 3 3 2 3 3 3 3 2 2 3 3 3 3 2 1 3 2 2 3 1 3 3 2 3 2 3 3 3 3 3 3 3 2 3 3 3 3 3 2 3 3 3 4 3 3 2 3 3 2 3 2 3 4 3 3 4 3 3 4 3 3 3 2 2 3 2 2 3 2 3 3 3 3 2 2 3 2 3 3 3 3 3 3 2 3 3 3 2 3 3 3 2 3 3 3 3 2 2 2 3 3 3 3 3 3 3 3 3 4 3 2 3 3 3 1 3 3 3 3 3 3 3 4 3 3 2 4 3 3 2 3 3 1 3 3 4 3 3 3 3 3 3 2 3 3 3 3 3 3 3 3 3 3 2 3 3 2 3 3 2 2 2 2 3 3 2 3 3 3 3 3 2 3 3 3 3 3 3 3 2 2 4 3 4 3 2 2 2 3 4 2 2 3 3 3 3 3 3 3 3 2 3 4 3 2 3 3 2 3 3 3 2 3 2 3 3 3 3 3 3 3 3 3 3 3 2 3 3 3 3 3 3 3 2 4 3 2 2 3 3 4 2 1 2 3 3 2 2 3 1 3 2 3 2 3 3 3 3 3 3 3 3 3 3 3 3 3 3 3 2 3 3 3 3 1 2 3 3 3 3 3 3 4 3 2 3 3 4 3 3 3 3 3 3 3 3 3 3 2 2 2 1 1 3 3 2 2 3 3 3 3 3 3 2 3 2 3 3 3 3 2 2 2 3 3 2 3 3 3 3 2 3 3 3 3 3 3 3 3 2 3 1 3 4 2 3 3 3 3 3 2 2 2 4 2 2 3 3 3 3 3 3 3 3 4 3 3 3 3 2 2 3 3 3 3 1 3 3 2 2 2 3 3 4 3 2 3 3 3 3 2 2 3 3 2 2 3 3 0 3 4 3 3 3 2 3 3 3 3 3 2 3 3 3 3 3 3 2 3 3 2 3 3 3 2 3 3 2 3 3 3 3 3 2 3 3 3 3 4 4 3 3 3 3 2 4 2 2 3 3 4 3 3 3 3 3 3 3 3 2 2 2 
Vertex 437: 3 3 3 3 3 4 1 3 3 3 3 3 4 3 3 4 3 2 2 2 3 3 3 3 4 4 4 4 2 3 3 3 3 3 3 2 3 3 3 2 4 3 3 3 3 3 3 2 3 2 3 2 3 2 3 3 3 3 3 2 2 3 1 3 2 2 3 3 3 3 4 3 3 3 2 4 3 3 4 3 1 3 3 3 3 4 3 3 3 3 3 3 3 4 2 3 3 3 3 4 4 2 2 2 2 3 3 3 3 3 3 4 3 2 3 3 4 3 3 4 3 3 3 3 3 3 3 3 2 3 3 3 3 3 4 3 3 3 3 3 4 3 3 3 3 4 3 3 3 3 2 3 3 4 3 3 2 2 3 3 4 3 3 1 2 3 3 3 3 3 3 3 2 3 3 3 4 3 3 3 3 4 3 4 2 3 3 3 4 3 3 3 3 3 2 3 3 2 3 3 4 3 3 2 3 2 1 3 3 3 3 3 3 3 2 3 3 3 3 3 2 4 3 3 3 3 3 3 3 3 3 2 2 2 2 3 3 2 3 2 4 3 3 3 3 3 4 3 3 3 2 3 3 2 2 3 3 3 3 2 3 3 3 3 3 3 3 3 2 3 3 3 3 3 3 3 3 3 3 2 3 3 3 3 3 2 4 3 3 3 3 4 3 2 3 3 3 2 3 4 4 4 3 3 3 1 2 3 3 3 4 3 3 2 3 2 3 4 3 2 3 3 3 2 3 3 4 3 2 3 3 3 3 3 3 3 2 3 3 3 3 3 3 3 3 3 2 2 3 3 3 3 3 3 3 2 3 2 3 2 4 4 3 3 3 3 2 4 3 3 3 4 4 2 3 3 3 3 3 3 3 3 3 1 3 3 1 3 3 3 3 2 3 3 4 3 3 3 3 1 3 3 2 4 2 4 3 2 4 3 3 2 3 2 2 3 2 2 4 3 4 3 2 4 1 3 4 1 3 3 2 2 2 3 3 2 3 0 3 2 3 3 3 3 3 2 2 2 4 3 2 3 2 4 4 3 2 3 3 3 3 3 3 4 4 3 3 3 3 3 3 3 3 3 3 3 3 3 3 3 3 2 3 3 2 3 3 3 3 3 4 3 2 3 3 4 4 3 4 3 
Vertex 438: 4 3 3 2 3 3 3 4 3 3 3 3 3 1 3 3 3 4 3 3 4 4 3 3 4 4 4 3 3 3 3 3 3 4 3 4 2 3 2 3 3 3 3 3 4 3 3 2 3 3 3 3 3 4 3 3 3 3 4 1 3 3 4 3 4 3 3 3 2 3 3 3 3 3 3 4 3 3 3 3 3 4 4 3 3 3 3 4 4 3 3 2 3 3 2 3 4 3 2 3 3 3 3 4 3 4 4 2 4 3 4 2 3 3 4 3 4 4 2 4 2 3 4 3 4 3 3 4 3 4 3 3 4 3 3 3 3 3 3 3 3 3 4 4 2 3 3 4 3 3 3 3 3 3 2 2 3 3 3 4 3 4 4 2 2 3 2 3 4 3 3 3 3 4 3 3 3 4 3 3 2 3 3 3 3 3 2 4 3 4 4 3 3 3 3 3 3 4 3 3 2 3 3 3 3 3 3 3 4 3 4 3 3 3 3 3 3 3 4 3 4 4 3 4 3 3 4 4 3 3 3 2 4 3 2 3 4 2 3 3 2 3 3 4 3 4 4 2 4 4 1 3 2 3 3 3 4 3 4 3 3 4 4 3 3 4 3 3 3 3 2 3 4 2 2 3 3 3 4 2 3 3 4 2 3 3 3 3 3 4 4 2 3 3 3 3 4 3 3 2 3 4 3 2 4 3 3 3 3 3 3 3 4 3 2 2 3 3 3 3 3 3 3 3 3 3 3 3 4 3 2 2 4 2 3 2 3 4 2 3 4 4 4 3 4 3 3 3 3 3 4 3 4 3 2 3 3 4 3 3 4 3 3 3 3 4 3 3 3 1 3 3 4 3 4 4 3 3 3 4 3 3 4 2 3 3 3 3 3 3 3 3 3 4 3 3 3 3 3 3 4 4 3 3 4 1 4 3 4 2 3 4 4 3 4 2 4 3 3 4 4 4 3 4 3 4 4 3 4 3 3 3 3 3 3 2 4 3 0 2 3 4 3 3 3 3 3 3 3 3 3 3 4 3 3 4 3 3 2 3 3 2 2 3 3 4 3 4 2 3 4 3 3 4 4 3 3 4 2 4 3 4 3 4 3 2 4 4 3 4 4 4 4 4 3 4 3 3 4 3 
Vertex 439: 2 3 2 3 2 3 3 3 3 2 3 2 2 3 3 3 3 3 3 3 3 3 3 3 3 3 3 2 3 3 3 2 1 2 2 3 2 3 2 3 3 3 2 3 3 2 3 2 3 2 2 3 2 2 1 3 2 3 2 1 3 3 3 3 3 2 3 2 3 3 3 3 3 3 3 3 3 3 3 3 3 3 2 2 1 3 2 3 2 3 2 3 3 3 3 2 3 3 3 3 3 3 2 2 2 3 2 3 2 3 3 2 3 2 3 2 3 2 2 3 2 2 2 3 3 3 3 3 3 4 3 3 2 3 3 3 2 1 3 2 2 3 3 3 3 3 3 3 3 2 3 2 3 3 3 2 2 3 3 2 4 3 3 1 2 2 2 3 2 3 3 2 3 3 2 2 3 2 2 2 1 2 2 2 2 3 3 3 3 3 3 2 3 3 3 3 2 3 3 3 2 3 3 3 3 3 3 2 2 3 4 3 3 3 2 2 3 3 4 3 3 3 2 2 2 1 3 3 3 3 3 2 3 3 3 2 3 3 3 2 3 2 3 3 2 2 3 3 3 3 2 2 3 2 2 3 2 1 3 2 2 3 3 2 3 3 3 2 3 3 3 2 3 1 3 3 2 3 3 2 3 1 3 2 3 3 2 3 2 3 2 2 3 3 1 3 3 3 2 3 3 3 3 2 3 3 3 2 2 3 2 2 2 2 2 3 3 3 3 3 3 2 3 3 3 3 2 3 2 3 2 3 3 3 2 3 3 2 2 2 3 3 3 3 3 3 1 2 3 3 2 3 3 2 2 3 2 3 3 2 2 3 2 3 2 2 3 3 2 3 3 2 3 3 3 3 2 3 3 3 3 3 2 2 3 3 3 3 2 3 4 3 1 3 2 3 3 3 3 3 3 3 3 3 3 3 3 2 3 2 1 3 3 3 3 3 3 3 3 3 2 3 3 3 3 3 2 3 3 3 2 3 2 2 3 2 3 2 2 0 2 3 3 2 3 3 2 3 3 3 2 3 2 3 3 2 2 2 2 3 2 3 2 3 3 3 1 3 2 2 2 2 3 4 3 3 3 2 3 3 3 3 3 2 2 3 3 3 3 2 3 3 3 2 3 2 3 3 3 3 
Vertex 440: 3 3 3 1 3 1 3 3 3 3 3 3 3 2 3 2 2 3 3 3 3 3 1 2 3 3 3 2 3 2 3 3 3 3 3 4 3 3 4 3 3 3 3 3 3 3 3 2 3 3 3 3 2 2 3 3 3 2 3 3 3 3 3 4 3 2 3 3 2 3 3 3 2 2 2 3 3 3 3 3 3 2 2 3 3 3 2 3 2 2 2 3 2 3 2 3 3 3 1 2 3 3 3 3 2 2 3 3 3 4 3 3 3 3 2 3 3 3 3 4 2 4 3 3 4 3 3 3 2 3 3 3 3 3 3 4 3 3 1 3 3 3 3 3 4 3 3 2 2 1 3 3 3 3 4 2 4 2 3 3 3 4 1 2 3 2 2 2 2 3 3 3 3 4 3 3 3 2 3 3 3 2 3 4 1 3 3 2 3 4 3 3 3 2 2 4 3 3 3 3 3 3 3 3 3 3 3 3 3 2 3 3 3 3 2 3 3 2 3 3 3 2 3 3 3 1 3 3 3 3 2 2 3 3 3 3 3 3 3 3 3 3 3 3 2 3 4 3 4 3 3 2 3 3 3 2 4 3 2 2 3 2 3 1 3 3 3 2 3 3 3 3 3 3 2 2 3 2 3 3 3 2 3 2 3 3 2 3 3 2 3 2 3 3 3 3 3 3 2 3 3 4 3 3 3 3 2 2 3 3 4 3 2 3 2 3 3 3 3 3 3 2 3 3 2 3 3 3 2 3 3 3 4 3 3 3 3 2 3 2 3 3 3 3 3 3 3 3 3 3 4 3 3 3 2 2 3 3 2 3 3 2 2 2 3 3 3 2 4 3 2 3 4 2 3 3 3 3 4 3 2 3 3 3 3 2 3 2 3 3 4 2 3 4 3 3 3 3 2 3 3 3 3 3 2 2 3 3 3 2 3 3 3 3 3 3 3 2 3 2 3 3 3 3 3 2 3 3 3 3 2 4 3 2 3 2 3 3 3 2 0 3 2 3 3 4 3 3 3 2 4 3 3 3 3 2 3 2 2 2 2 3 3 3 3 3 2 3 2 2 3 2 3 4 3 3 3 3 3 3 3 3 2 2 2 2 3 2 3 4 3 4 2 2 3 3 3 3 3 3 
Vertex 441: 3 3 2 2 3 3 4 3 3 3 2 3 2 3 3 4 3 4 4 2 3 3 3 2 3 3 4 3 3 3 3 3 3 3 2 3 3 3 2 3 3 3 3 3 3 3 3 3 3 3 3 2 3 3 3 3 3 3 3 3 3 3 3 3 4 3 3 3 3 3 3 3 3 3 3 4 3 2 3 3 3 3 3 3 3 2 3 2 3 3 3 3 3 3 3 3 4 3 3 4 2 3 2 3 3 4 3 3 3 2 3 3 2 3 2 4 3 2 3 2 3 4 2 3 3 3 3 3 2 3 3 3 3 2 3 4 3 2 3 3 2 3 3 3 3 3 4 4 3 3 3 3 3 3 4 3 3 3 3 3 4 2 3 2 4 3 3 3 2 3 2 3 3 4 3 3 3 1 3 2 3 3 3 2 3 4 4 2 3 3 2 3 2 3 2 4 3 3 4 3 2 4 3 3 2 3 3 2 3 3 3 4 3 3 3 3 3 1 3 3 3 3 3 3 3 2 3 3 3 3 4 2 3 3 3 3 4 3 3 1 4 2 2 4 3 2 3 4 2 3 3 3 3 2 2 3 3 3 2 3 4 3 3 3 2 2 2 3 2 4 3 1 3 3 4 3 3 3 3 3 3 2 3 3 3 3 2 2 2 3 3 3 3 3 3 3 1 3 3 3 2 3 3 3 3 2 3 2 2 3 3 3 2 3 3 3 4 4 3 2 3 3 2 4 3 3 3 2 3 3 3 3 2 3 3 3 3 3 3 3 3 3 1 3 3 3 3 3 3 3 3 3 2 3 4 3 3 3 3 3 3 4 2 3 3 3 1 3 3 4 3 3 2 2 3 2 2 3 4 3 2 2 3 3 2 2 3 2 3 2 3 4 3 3 2 3 3 1 3 3 4 4 4 2 3 3 3 3 3 2 2 3 3 3 2 3 3 2 3 3 3 3 3 3 3 3 2 3 2 2 3 4 3 3 4 3 3 3 4 3 3 0 2 3 3 3 3 2 1 3 3 3 2 3 4 3 3 3 3 3 2 3 3 2 3 3 3 3 3 3 4 3 3 4 3 3 3 3 2 3 3 3 3 2 3 2 3 4 3 3 3 3 4 3 4 3 2 3 3 3 
Vertex 442: 3 3 3 3 2 3 3 4 3 3 3 3 3 3 3 3 3 3 3 3 1 2 3 3 3 3 3 3 3 3 3 3 3 3 3 3 3 2 4 3 3 2 3 4 2 3 2 3 3 3 3 2 3 3 3 1 3 3 3 3 3 1 3 3 4 3 3 3 4 3 3 2 2 3 3 4 4 3 3 3 3 3 3 3 3 3 2 3 3 2 4 3 2 2 3 3 3 3 1 3 3 3 3 2 3 4 2 2 4 3 3 3 3 2 3 3 3 4 3 4 3 4 3 2 4 2 2 3 2 2 3 3 3 3 3 3 2 4 1 3 3 3 3 4 4 2 3 2 2 3 3 3 2 3 4 3 3 3 3 4 3 3 3 4 3 3 3 3 3 3 3 3 3 3 3 3 3 3 3 2 3 2 2 3 3 3 3 1 3 3 3 2 2 3 2 3 2 3 3 3 3 3 3 3 3 3 3 3 3 2 3 4 3 3 3 3 3 3 3 3 2 4 3 3 3 3 3 3 2 2 3 3 4 4 3 3 4 3 3 3 3 3 4 4 2 3 3 3 3 3 3 2 2 3 3 2 3 4 4 2 3 3 3 2 3 3 3 3 3 3 3 3 2 3 3 4 3 4 3 3 2 3 3 3 4 1 3 3 3 3 3 3 4 2 2 3 3 3 2 3 3 3 2 2 3 3 2 3 3 4 3 4 3 3 3 3 2 4 3 2 3 2 3 3 3 3 1 3 3 3 3 2 4 3 3 3 3 3 3 3 3 3 3 4 3 3 3 3 3 3 3 3 3 3 3 2 3 3 2 3 3 4 3 3 3 3 3 2 3 3 3 3 3 4 3 3 3 3 3 3 3 3 3 4 3 3 3 3 3 3 2 2 2 3 3 2 3 3 2 2 3 2 3 3 3 2 3 3 4 2 3 2 3 3 3 2 3 3 4 4 3 3 3 1 3 3 3 3 3 2 2 3 3 1 3 2 2 3 3 3 2 2 0 3 3 3 3 3 2 3 3 2 3 3 2 2 3 3 3 2 3 2 2 3 3 3 3 3 3 3 3 3 3 3 3 3 3 2 3 3 3 3 3 4 2 2 3 3 4 4 4 3 3 3 3 3 3 3 3 2 
Vertex 443: 3 3 3 3 3 3 4 2 3 2 3 3 3 4 3 3 3 3 3 3 3 3 2 3 3 3 3 3 2 3 3 3 3 2 4 3 3 3 3 3 3 2 3 2 3 3 3 3 4 3 3 3 3 3 2 2 3 2 2 2 2 3 2 3 3 3 2 3 3 2 3 2 2 2 3 3 3 3 4 3 4 3 3 2 3 3 2 3 2 3 3 3 3 4 3 3 4 4 3 3 3 3 2 3 3 3 2 3 3 3 3 3 3 3 3 3 3 2 3 3 3 3 3 3 3 3 3 3 3 3 2 3 3 2 2 2 2 3 3 3 2 2 2 3 3 2 2 3 3 2 3 2 2 3 1 3 3 3 3 3 3 3 2 3 3 3 3 3 3 2 3 3 3 4 3 1 3 2 2 2 2 2 3 3 2 3 2 3 3 4 3 3 2 3 1 3 4 2 3 3 3 3 2 3 3 3 3 3 3 3 3 4 3 1 2 2 3 3 3 3 3 4 2 2 3 3 4 2 3 2 2 3 3 3 3 3 3 3 3 3 3 3 3 3 3 2 3 3 3 3 3 1 3 2 3 2 2 3 3 2 3 3 3 3 3 3 3 3 2 3 3 2 3 3 1 3 3 3 3 3 3 1 2 3 3 3 3 3 3 3 2 2 3 3 2 3 3 2 2 3 3 3 3 3 3 3 3 3 3 3 3 3 2 3 2 2 3 3 3 2 2 3 3 3 2 2 2 3 3 3 3 3 4 2 3 3 2 2 3 3 3 2 3 2 3 3 3 2 3 2 4 2 3 3 3 4 2 3 3 3 2 2 3 3 3 3 2 2 3 2 2 1 3 3 3 3 3 4 3 3 3 3 3 3 3 3 3 3 2 2 3 3 3 3 2 3 2 3 3 3 1 3 2 3 2 3 4 2 3 2 3 3 3 2 3 2 3 3 4 3 4 3 2 3 3 2 3 3 3 2 3 4 3 3 2 2 3 3 3 2 3 3 3 0 3 3 3 3 3 3 4 3 3 3 2 3 2 3 1 2 3 1 3 2 3 3 3 3 3 3 3 3 3 4 3 3 3 3 2 2 3 3 2 3 3 3 3 2 4 3 4 3 3 3 3 3 3 3 3 3 
Vertex 444: 3 3 3 3 3 3 4 2 2 4 3 3 2 3 2 1 2 3 3 2 3 3 3 3 3 3 3 3 3 3 3 3 2 3 3 3 3 3 3 3 3 3 3 3 3 3 3 3 2 3 1 3 3 3 3 3 2 2 1 3 2 3 2 3 3 3 3 2 2 2 3 2 3 3 3 4 3 3 3 2 3 3 2 2 3 2 2 3 3 3 2 3 3 3 3 2 2 3 3 4 2 3 3 3 3 4 3 2 3 3 3 3 3 3 3 2 3 3 3 3 3 2 2 2 3 3 3 3 3 3 2 3 3 2 3 3 2 3 4 3 2 2 2 2 3 3 3 3 3 3 3 4 3 2 3 3 3 3 3 3 3 3 3 3 2 3 3 4 3 3 3 3 1 3 3 3 3 2 3 3 2 3 2 1 2 3 1 3 2 2 2 3 3 1 3 2 3 3 3 3 3 3 3 3 3 2 3 3 3 2 3 3 2 3 3 1 2 4 3 3 3 3 3 2 2 3 3 4 3 2 3 3 3 3 2 3 3 2 2 3 3 3 3 3 2 2 4 2 3 3 3 2 3 3 3 3 2 2 2 3 3 3 2 3 3 3 3 3 3 2 2 3 3 3 2 3 2 3 2 2 3 2 3 3 2 2 3 3 3 3 2 2 2 3 3 3 2 2 2 1 3 3 3 3 3 3 3 3 3 2 2 3 3 2 3 3 2 4 2 3 3 3 2 4 3 3 2 3 3 2 3 3 3 3 2 3 3 4 2 3 3 2 3 3 3 3 3 2 3 3 2 3 3 2 3 3 3 2 2 2 3 3 3 2 3 3 2 3 2 2 3 2 1 3 4 2 3 3 2 3 3 3 3 2 3 3 3 3 1 3 2 2 3 2 3 3 3 3 3 3 3 3 3 3 3 2 4 2 3 3 3 3 4 3 1 1 2 3 3 3 3 3 3 3 3 3 3 3 2 2 2 3 3 3 1 2 3 3 3 3 3 3 3 3 0 3 2 3 2 3 3 1 3 3 2 3 3 3 3 3 3 3 3 3 2 3 2 3 2 3 2 3 2 3 3 2 3 2 3 4 3 3 3 2 4 3 2 3 3 3 2 3 3 3 3 3 3 2 2 3 
Vertex 445: 3 3 2 3 2 3 3 3 3 4 2 3 3 4 3 3 2 3 3 3 4 3 3 3 3 3 4 3 3 2 3 2 3 3 3 3 3 3 3 3 3 3 3 4 3 3 3 3 2 2 3 4 4 3 3 2 3 3 3 3 3 3 3 4 4 3 4 3 3 3 3 3 3 3 3 3 3 3 3 3 3 3 3 3 2 3 2 4 4 3 3 3 4 2 3 3 3 2 3 4 4 4 4 2 3 3 3 3 3 2 3 3 3 2 3 3 4 1 3 3 3 4 3 3 4 4 3 3 4 3 3 3 4 3 4 4 3 3 3 1 2 3 3 3 4 3 4 3 3 4 3 2 3 2 3 4 3 3 3 3 4 2 3 3 4 3 3 3 2 3 2 3 3 3 2 4 3 3 3 3 3 2 3 3 3 3 2 2 3 3 3 3 2 3 3 3 3 3 3 3 3 3 3 2 4 3 3 3 3 3 3 3 2 2 3 3 2 2 4 2 3 4 3 3 2 3 3 2 3 3 3 4 4 3 4 3 4 3 2 3 3 2 3 4 3 3 4 4 3 2 4 3 1 4 3 3 4 3 3 4 3 3 2 4 3 3 3 2 2 3 3 3 3 2 3 3 3 3 3 3 3 3 3 3 3 3 2 3 3 3 3 3 3 2 3 3 3 3 3 4 4 3 3 3 2 3 3 2 3 3 3 3 3 3 3 2 3 4 3 3 4 3 4 4 3 4 3 3 4 3 3 3 4 3 3 3 2 3 2 4 3 4 3 4 4 3 3 3 1 3 2 3 2 3 3 3 3 3 2 3 2 3 3 3 4 2 3 4 3 3 3 3 3 3 3 3 4 2 2 3 3 3 3 3 3 2 3 2 3 3 4 2 3 3 4 3 4 3 3 3 3 4 3 3 3 4 3 3 3 3 3 3 3 4 3 3 3 4 3 4 2 2 3 4 3 3 3 3 3 4 3 3 3 4 3 3 3 2 3 3 4 3 3 3 3 0 2 3 3 2 3 3 3 4 4 3 3 3 3 3 2 3 3 3 2 3 4 3 3 3 3 2 1 3 4 3 3 3 2 4 3 3 3 4 3 3 3 3 3 4 4 3 2 2 4 2 3 4 3 1 
Vertex 446: 3 2 2 2 2 3 3 3 3 3 2 3 3 3 3 2 1 3 3 2 3 2 3 3 2 2 4 3 3 3 3 3 2 3 3 3 3 4 3 3 3 2 3 3 2 3 3 3 3 2 2 3 3 2 2 3 3 4 1 3 3 3 3 3 3 1 3 4 3 2 3 3 3 3 3 3 3 3 2 3 2 2 3 3 2 2 2 3 3 2 3 2 2 3 2 2 2 3 2 4 2 2 2 3 3 2 3 3 1 3 4 3 1 3 2 3 3 1 2 3 3 4 2 3 4 3 2 4 3 4 3 3 3 3 2 3 3 3 3 3 4 3 3 3 3 3 2 3 2 3 3 3 3 4 4 3 3 2 3 3 4 2 2 1 3 2 3 3 3 3 3 3 3 3 2 3 3 2 3 2 3 3 3 3 2 2 3 3 2 3 2 3 3 3 3 2 3 2 3 3 2 3 2 3 3 2 2 3 2 2 2 1 2 2 2 3 2 2 2 3 3 4 2 3 3 3 2 4 3 3 3 3 3 3 4 2 3 3 2 2 4 4 3 3 3 2 3 3 3 3 2 2 3 3 3 3 3 2 3 3 3 3 3 3 3 3 3 3 3 2 3 3 3 3 3 3 2 2 3 2 2 3 3 2 3 3 3 3 2 2 3 2 3 4 3 3 3 3 2 3 3 3 3 3 2 3 3 3 3 3 3 3 3 3 3 3 3 3 2 2 3 3 2 3 2 3 4 3 2 3 3 3 2 3 3 3 3 2 3 3 3 3 2 3 3 3 3 2 3 3 3 3 2 1 3 3 3 3 3 3 4 3 3 3 3 2 3 3 3 3 3 4 3 3 3 3 3 2 3 2 3 3 3 3 3 3 3 3 3 3 3 1 3 3 3 3 3 3 3 3 3 2 3 3 3 3 3 2 3 4 2 2 3 3 3 3 2 3 3 3 3 2 3 2 2 3 3 3 3 3 3 2 2 3 3 3 3 2 3 2 3 3 3 3 2 2 0 4 3 3 2 3 1 2 2 3 2 2 3 1 3 3 3 3 3 3 2 1 3 3 3 3 2 3 3 3 3 3 2 3 3 2 2 3 3 3 3 3 3 3 3 2 2 2 2 2 3 3 2 2 
Vertex 447: 3 3 3 3 3 3 3 3 3 3 2 3 3 2 3 2 3 3 3 2 2 3 2 2 4 3 2 2 3 3 2 3 2 1 3 2 2 3 3 3 3 3 3 3 4 3 3 3 3 3 3 3 4 4 3 3 2 4 3 3 3 3 3 3 3 3 3 3 3 4 3 3 3 3 2 3 4 3 3 3 3 3 3 2 3 3 3 4 3 4 3 2 3 3 2 3 4 3 3 3 3 3 3 3 3 3 3 3 3 2 2 3 3 3 3 3 3 3 2 3 2 3 3 3 4 4 3 2 3 2 3 2 3 3 3 2 1 3 2 3 3 3 3 1 3 3 2 3 2 3 2 3 3 4 4 2 3 3 3 3 4 3 3 3 3 2 3 2 4 3 3 2 4 3 3 3 3 2 2 2 3 3 3 4 3 4 2 2 3 3 3 3 3 3 3 3 2 3 2 3 3 3 3 3 3 3 3 2 3 3 2 4 2 3 3 3 3 3 3 2 3 4 3 3 3 3 3 3 3 3 3 2 3 3 3 3 2 3 4 3 3 3 3 3 2 3 3 3 3 3 3 2 2 3 2 3 3 2 3 3 4 3 3 3 3 3 3 2 3 4 3 3 3 3 3 3 3 3 3 2 2 3 2 2 1 3 4 3 3 3 3 2 3 3 2 3 3 2 3 3 3 3 3 3 2 2 3 3 2 3 3 3 3 3 2 2 3 4 3 2 4 4 2 3 3 4 2 3 2 2 3 3 2 4 3 4 2 3 3 4 2 3 3 3 3 2 3 2 3 2 3 4 3 3 3 1 3 3 3 3 4 3 3 3 3 3 1 3 2 3 3 3 2 3 4 3 3 3 3 3 3 3 2 3 3 3 1 3 3 3 3 3 3 3 2 3 4 3 1 2 3 3 4 2 3 4 4 3 3 3 3 3 3 3 2 3 3 1 3 2 4 4 3 3 3 3 3 3 2 3 3 4 3 4 3 3 3 2 3 3 3 2 3 3 3 3 4 0 3 3 3 3 3 3 4 3 2 2 2 3 2 3 3 3 3 3 3 4 3 2 3 2 3 3 2 3 3 3 3 3 4 2 3 4 3 1 3 3 3 4 2 3 3 2 3 3 4 3 3 3 
Vertex 448: 3 2 3 3 3 3 4 4 2 3 3 2 3 3 3 3 3 4 3 3 3 4 4 2 4 3 3 2 2 2 3 3 3 3 3 3 3 2 3 3 3 3 3 4 3 4 2 3 3 3 3 3 3 3 2 3 3 3 3 4 3 3 3 4 3 2 3 3 2 3 4 2 2 4 2 4 3 2 2 3 3 3 2 3 3 1 3 3 3 2 4 2 3 2 3 4 3 2 3 3 3 3 3 2 2 3 3 3 4 2 3 3 3 3 2 3 2 3 3 3 3 3 3 2 3 3 2 3 3 3 3 3 3 1 3 3 3 3 2 2 1 3 3 2 3 2 3 3 2 3 3 3 3 3 4 3 2 3 4 3 3 3 3 3 3 4 2 3 3 3 3 3 3 3 3 3 3 2 2 3 3 3 3 2 3 4 3 1 3 2 3 3 3 3 2 3 2 3 3 3 3 3 3 3 3 4 3 3 3 3 4 3 2 3 3 3 3 2 3 3 3 4 4 2 2 2 2 3 3 3 3 3 3 3 4 3 3 2 2 2 3 3 2 3 3 3 3 3 3 2 2 2 2 2 2 3 4 3 3 4 3 2 3 3 1 3 3 3 2 3 2 2 2 3 3 3 3 2 2 3 2 3 3 3 3 3 3 1 3 4 2 3 2 2 3 3 2 3 3 2 3 3 2 3 3 3 2 3 3 3 4 3 3 4 3 3 3 4 3 2 2 3 3 4 3 2 3 2 3 3 3 3 2 2 3 2 2 3 3 3 3 3 2 4 3 2 2 2 2 2 4 3 2 3 3 3 2 3 3 3 3 3 1 2 3 3 2 3 3 3 3 2 1 3 3 3 1 3 3 3 3 3 4 3 3 3 3 3 3 3 2 3 2 3 3 2 4 2 3 3 4 3 3 3 3 3 3 3 2 3 3 2 3 3 3 3 3 3 2 3 3 3 3 3 3 3 3 3 3 2 2 3 3 3 3 3 2 4 3 3 3 1 2 3 2 3 3 3 0 3 3 2 3 2 3 3 3 3 3 4 1 3 3 3 3 3 3 4 3 3 3 3 3 4 3 3 3 3 1 2 3 2 3 3 4 2 3 3 2 3 3 3 3 3 3 4 3 2 3 2 
Vertex 449: 3 3 2 2 2 2 4 3 3 3 3 3 2 3 3 3 2 3 3 3 4 3 1 3 4 3 4 3 3 3 3 2 3 3 4 4 3 3 2 3 3 3 3 3 3 3 3 2 3 2 3 3 4 3 3 3 3 3 3 2 3 3 3 3 3 3 2 3 3 2 3 3 3 3 3 3 3 3 3 3 3 2 3 4 3 3 3 3 2 3 2 4 3 3 3 3 3 2 3 2 3 3 3 2 3 2 3 3 3 2 3 3 2 4 3 2 3 3 3 3 3 3 3 1 4 2 3 4 3 3 3 3 3 3 4 3 3 3 3 3 3 3 3 3 3 3 3 3 3 3 3 3 3 3 4 3 2 2 4 3 4 4 3 4 3 3 2 3 2 3 2 4 3 3 3 2 3 3 3 3 3 3 3 4 3 3 2 2 3 4 4 4 2 3 3 2 3 3 3 3 3 3 3 2 3 4 2 2 3 2 3 3 3 2 3 3 2 2 3 2 2 4 4 3 2 3 3 3 3 3 2 3 3 2 4 4 4 2 3 3 3 3 3 3 3 3 3 3 3 3 3 3 3 3 3 3 3 3 2 3 3 3 3 3 3 3 3 3 2 3 3 3 3 2 2 3 2 3 3 3 3 3 3 3 2 3 3 4 3 2 4 3 2 3 3 3 3 3 2 3 3 2 3 3 3 3 3 3 2 3 2 3 2 3 1 3 2 3 3 2 3 3 3 4 2 3 3 3 4 3 2 3 3 2 3 3 3 3 2 3 3 4 3 3 3 4 3 3 3 4 3 1 3 3 3 4 3 2 3 3 3 3 4 2 3 3 3 3 3 3 3 2 2 2 3 2 3 2 3 3 3 3 4 3 3 2 3 4 3 2 3 3 3 3 3 1 3 3 4 2 3 3 2 4 3 3 3 3 3 3 4 3 3 3 3 3 2 2 3 3 3 3 2 2 3 3 3 3 3 2 3 3 3 4 3 2 3 3 3 3 2 3 3 3 3 2 3 3 3 0 3 2 3 3 3 4 4 3 2 3 4 3 3 3 3 3 4 3 3 3 3 2 3 4 3 2 3 4 3 3 3 3 2 4 3 4 3 4 3 4 3 3 3 3 3 3 1 3 3 1 
Vertex 450: 3 3 2 3 3 3 3 4 3 4 3 3 4 3 1 3 3 4 3 3 4 4 3 2 3 3 2 4 3 3 3 3 3 4 2 3 3 3 3 2 2 4 3 3 4 3 3 3 3 2 4 3 3 3 3 3 3 3 3 2 3 4 3 4 3 3 3 3 2 4 3 3 3 3 3 4 4 3 2 3 3 2 3 3 3 2 3 4 3 3 3 3 3 3 3 3 3 2 3 3 3 2 3 3 2 3 3 2 3 3 2 3 1 4 3 3 4 3 3 3 3 3 3 3 3 3 1 3 4 4 3 3 4 2 3 3 4 2 3 3 2 3 3 3 3 3 4 3 2 3 4 3 2 4 4 2 3 3 2 3 4 4 3 3 3 2 3 3 3 3 3 4 2 3 3 4 4 2 3 3 3 2 4 3 4 3 3 2 2 3 2 3 3 3 3 3 3 3 4 3 3 3 3 3 3 3 3 4 2 3 3 1 3 3 3 3 2 3 2 4 3 3 4 2 1 3 3 3 4 3 3 3 3 3 3 3 1 4 3 3 2 3 3 3 4 3 2 3 3 3 3 3 2 3 2 3 3 3 3 4 3 3 3 3 3 3 3 3 3 3 3 3 3 3 3 3 3 3 3 2 2 3 3 2 3 3 2 3 2 2 3 2 3 3 3 3 3 2 3 3 4 4 3 3 2 3 2 3 3 3 4 3 3 3 3 3 3 3 4 3 2 4 3 3 3 4 4 3 3 3 3 3 3 3 3 3 2 2 3 2 3 4 3 2 3 3 3 2 3 3 3 3 3 2 2 3 3 3 3 2 2 3 4 3 3 3 3 3 3 2 3 3 2 3 3 3 3 3 3 3 3 4 3 1 2 3 3 4 2 3 3 3 1 2 3 3 3 4 3 3 3 3 2 4 4 3 3 4 3 3 3 4 3 3 2 3 3 3 3 4 3 2 2 3 3 3 3 3 3 3 3 3 3 3 4 3 3 2 3 2 4 3 3 4 3 3 2 3 3 3 0 3 2 2 4 3 3 4 3 3 3 3 3 4 3 4 3 3 3 3 3 3 4 3 3 3 2 3 3 4 2 3 2 3 3 3 2 3 3 3 3 2 4 2 3 3 3 3 2 2 
Vertex 451: 3 2 3 3 3 2 4 2 3 3 3 3 3 3 3 2 2 4 3 3 3 3 3 3 2 3 3 3 3 3 3 3 3 3 3 3 3 2 3 3 3 3 3 3 3 4 2 3 3 3 2 3 3 3 3 3 3 3 2 3 3 3 3 3 3 3 3 3 3 2 3 2 3 3 3 4 2 3 3 3 3 4 3 3 3 1 3 3 3 3 3 3 3 4 3 3 3 2 3 3 3 3 3 3 3 3 2 3 2 3 2 3 3 4 3 2 3 3 3 3 3 3 2 3 4 3 3 3 4 3 3 3 3 3 3 2 2 3 3 3 3 3 3 3 3 3 3 4 3 3 3 3 3 2 4 2 3 3 4 3 4 3 2 3 1 3 2 4 3 3 3 3 2 4 3 3 3 3 2 3 2 3 3 2 2 4 2 3 3 2 2 2 3 1 3 2 2 3 3 3 3 2 3 3 3 3 2 2 3 3 4 4 2 3 2 2 3 4 4 3 2 4 4 3 2 2 4 4 4 2 3 3 3 3 3 2 3 3 3 3 3 3 2 4 1 3 3 3 2 3 2 3 2 3 3 2 3 3 2 3 4 4 2 3 3 3 3 3 3 3 3 3 3 3 3 3 3 2 2 3 3 3 3 3 3 3 3 3 2 3 3 2 3 3 2 3 3 2 3 2 4 3 3 2 3 3 3 3 3 3 3 2 2 3 3 3 3 4 3 3 3 3 1 4 4 3 1 3 3 3 3 3 3 4 2 3 2 3 3 4 3 2 2 3 3 2 2 3 2 2 3 3 2 3 3 3 3 3 3 3 3 3 3 2 3 3 2 3 3 3 2 3 2 3 3 2 3 2 1 3 3 4 3 3 3 3 4 3 2 3 3 3 3 3 3 2 3 4 3 4 3 4 3 4 3 3 3 3 3 3 3 3 3 2 2 2 1 2 2 3 3 3 3 3 3 3 3 4 3 3 3 3 3 3 2 3 3 3 3 3 3 3 2 3 1 3 3 3 2 2 3 0 3 3 3 3 3 3 3 4 2 2 3 3 1 3 3 4 2 3 3 3 3 4 3 3 3 3 3 3 3 3 3 3 3 2 3 3 3 4 2 3 3 2 3 3 3 3 3 3 
Vertex 452: 3 3 3 3 3 3 3 3 3 3 2 2 2 3 3 3 2 4 3 1 3 3 3 4 3 3 3 2 3 3 3 4 1 2 3 2 3 3 3 3 3 3 3 4 3 3 3 3 3 3 2 2 3 3 3 3 3 3 2 3 3 4 3 4 4 2 4 3 2 3 3 3 3 4 3 4 3 3 2 3 1 2 3 3 3 3 3 4 3 3 3 3 3 3 3 2 3 3 3 4 2 3 3 3 3 3 2 3 2 3 3 3 1 2 2 2 3 2 3 2 3 3 1 4 3 3 3 4 4 4 3 3 3 3 3 3 3 3 2 3 4 3 2 2 2 3 3 3 3 3 2 3 3 3 4 3 3 3 2 4 3 2 3 2 3 3 3 3 3 3 3 4 3 3 3 3 3 2 3 3 3 3 2 4 3 3 4 3 2 3 3 3 3 2 3 3 2 3 3 4 3 3 3 3 3 1 3 3 2 3 3 2 3 3 2 2 3 3 2 3 3 4 3 2 3 3 3 4 4 3 3 3 4 3 4 3 3 2 3 2 4 3 3 3 3 2 3 3 3 3 3 3 3 2 3 3 3 3 3 4 3 3 3 3 2 3 3 3 4 3 2 2 4 3 3 3 3 2 3 3 2 3 4 2 3 3 3 3 3 3 3 2 3 3 2 3 3 3 3 3 3 3 3 4 3 2 2 2 3 3 3 4 3 3 3 2 2 4 2 3 3 3 3 4 3 3 3 4 3 3 4 3 1 4 3 3 2 3 3 4 2 3 1 3 3 4 2 3 3 3 3 3 3 2 3 3 3 3 3 3 3 3 3 3 4 3 3 3 3 3 2 3 3 3 3 3 3 2 2 3 3 4 3 3 3 3 3 3 2 3 3 2 3 3 3 3 3 3 3 3 4 2 3 4 3 4 3 3 3 3 3 3 3 2 2 3 3 3 3 3 3 3 3 3 2 3 2 3 3 3 3 3 3 3 2 4 3 2 4 2 3 2 3 3 3 3 1 3 3 3 2 3 0 3 3 3 3 3 3 2 3 3 4 2 2 3 3 2 3 3 3 3 3 4 4 3 4 3 3 3 3 2 2 3 3 2 3 3 3 3 3 2 3 3 3 3 4 2 3 3 
Vertex 453: 3 3 3 3 3 3 4 4 4 3 3 4 3 3 3 3 3 3 3 2 4 2 3 3 3 3 3 2 2 4 3 3 3 3 2 3 3 3 3 3 3 3 4 3 3 3 4 3 3 3 3 4 4 4 3 3 3 3 3 2 4 2 3 3 4 3 3 3 3 3 3 3 2 3 3 4 3 3 3 3 3 4 4 3 3 3 3 3 4 3 3 4 3 3 4 3 4 3 3 3 3 4 3 3 3 2 2 3 3 3 3 2 3 3 2 3 3 3 3 4 3 3 3 3 4 1 2 4 3 3 3 4 3 1 1 3 3 3 3 3 2 3 3 3 4 3 3 3 2 2 2 3 3 4 3 1 2 3 3 3 4 4 3 3 4 2 3 4 4 4 3 4 3 3 2 2 3 3 3 3 3 3 3 3 3 3 3 3 2 4 3 3 3 3 3 3 3 2 4 3 3 2 4 3 3 4 4 3 3 3 3 1 2 3 3 3 4 3 3 2 3 3 3 3 2 3 3 4 4 2 3 4 3 3 4 4 3 2 3 3 4 3 3 4 2 2 2 3 3 3 4 2 3 3 3 2 3 3 4 4 3 4 3 3 3 4 4 3 3 2 3 3 3 3 4 3 3 3 4 3 2 3 3 3 3 2 3 3 3 2 2 3 3 3 2 3 3 3 3 2 3 3 3 3 3 3 2 3 4 3 3 3 3 3 3 3 2 3 3 3 3 2 2 3 1 4 3 3 3 3 3 3 4 2 3 3 3 3 3 3 3 4 4 3 4 3 3 3 3 3 3 3 4 3 2 3 3 3 3 2 3 2 3 3 3 2 2 2 2 3 1 3 3 3 3 3 3 3 4 4 3 4 3 3 3 3 4 3 3 2 3 2 2 3 3 3 4 2 3 3 3 3 2 3 3 3 3 3 4 4 3 3 3 2 3 3 3 3 3 4 4 2 2 3 3 3 3 3 4 2 3 3 3 3 3 3 3 4 3 3 3 3 3 3 3 4 2 3 2 3 2 3 3 0 3 3 3 3 3 2 3 2 3 3 3 3 3 2 2 3 2 4 3 4 3 3 3 3 3 3 3 3 3 4 4 2 3 3 3 4 4 3 3 3 1 3 2 3 3 3 
Vertex 454: 3 3 3 3 2 4 4 4 1 4 2 3 3 4 3 3 2 3 4 3 3 3 2 3 4 4 4 4 2 3 2 3 3 3 3 4 3 3 3 4 3 3 3 4 3 3 3 3 3 3 3 3 4 3 3 3 3 3 1 2 3 1 3 3 3 3 2 3 4 2 3 3 3 3 4 4 2 3 2 3 4 3 3 4 3 4 2 3 3 3 3 4 3 2 3 3 4 3 3 3 2 3 3 4 3 3 4 4 3 3 4 3 3 4 3 3 4 3 3 3 3 4 3 3 3 4 4 3 2 4 3 4 4 3 3 4 3 3 3 3 3 4 3 3 3 2 4 3 2 3 4 3 2 3 3 3 3 3 4 4 4 4 3 3 3 3 4 3 3 3 3 4 3 2 3 3 2 3 3 2 3 3 3 3 3 4 2 3 4 4 3 3 2 3 3 2 3 3 2 2 3 4 2 4 4 3 3 3 3 3 4 3 2 2 4 3 3 4 3 3 3 4 3 3 4 3 4 2 3 3 3 4 3 4 3 3 3 3 3 4 2 4 3 4 4 3 3 4 3 3 4 2 3 4 3 3 3 4 3 4 3 3 3 3 2 3 3 3 4 3 3 3 2 3 1 3 2 3 3 3 3 3 3 3 3 3 4 3 4 3 3 3 4 4 3 3 4 2 2 3 3 1 4 1 4 4 3 3 3 3 3 3 4 3 3 3 4 4 3 2 4 2 3 4 3 3 2 3 3 3 3 3 3 3 3 2 3 4 3 3 3 4 3 3 4 3 3 2 3 4 3 2 4 3 3 4 3 4 3 3 4 3 3 3 2 3 3 3 3 3 3 3 3 2 4 3 4 3 3 3 4 4 3 3 4 4 3 4 3 2 3 3 4 3 3 3 2 3 3 3 3 3 3 3 3 3 3 2 4 3 3 3 3 3 3 3 3 3 3 3 2 3 3 3 3 4 3 4 3 3 2 4 3 3 2 2 3 4 3 3 3 4 2 2 2 4 2 4 3 3 4 3 3 3 0 3 3 2 3 3 3 3 3 4 3 3 2 3 3 3 2 3 3 3 3 2 3 2 3 3 3 4 3 3 3 3 3 3 4 3 3 3 3 3 4 4 3 4 2 3 
Vertex 455: 2 3 3 3 2 3 3 2 3 3 3 4 3 3 2 4 3 3 2 3 1 2 3 1 2 2 3 3 3 4 3 3 3 3 3 3 3 4 3 3 4 3 2 4 3 3 2 3 3 3 3 2 3 3 2 3 1 3 3 3 3 3 3 3 3 3 3 4 2 3 4 3 3 2 2 4 3 3 3 2 4 3 4 3 3 3 2 3 2 3 3 3 3 3 4 3 3 2 3 3 3 2 3 2 2 3 3 3 2 2 4 3 3 3 3 3 3 4 3 3 3 3 4 3 3 4 3 3 4 2 3 3 4 3 3 4 2 2 3 2 2 3 3 3 3 3 3 4 3 1 3 2 3 3 3 3 2 3 3 3 4 3 3 3 2 3 3 4 3 2 3 2 3 4 3 3 4 3 3 2 2 3 3 3 3 3 2 3 3 3 3 2 3 3 3 4 4 3 3 3 3 4 3 4 3 4 3 3 3 4 4 3 4 3 3 2 3 4 4 3 3 3 3 2 3 3 3 2 3 2 3 4 3 3 3 3 3 3 2 3 3 2 3 3 3 3 4 3 3 4 3 3 3 3 3 2 3 3 3 2 3 3 3 3 3 2 2 3 3 3 3 3 3 3 3 2 3 2 3 3 3 2 3 2 3 3 3 3 1 3 3 3 2 3 3 3 3 3 2 4 2 2 4 3 2 3 3 2 2 2 3 3 3 3 3 3 4 3 2 2 2 2 2 1 2 3 3 2 3 3 3 2 4 3 1 3 4 3 3 3 3 3 2 3 4 3 1 3 3 3 3 3 4 3 3 4 3 3 3 3 3 3 3 3 3 3 2 4 2 3 2 3 3 3 3 3 2 3 3 3 3 3 2 3 4 3 4 4 3 2 2 3 2 3 3 3 2 3 3 3 3 4 3 3 3 4 3 3 3 3 3 3 3 3 3 3 4 3 2 4 1 3 3 3 3 3 1 2 3 4 3 4 3 3 3 4 2 3 4 2 2 3 2 3 3 3 3 3 3 4 3 3 3 3 3 0 3 3 3 3 3 3 3 3 3 3 3 4 3 3 2 3 3 3 3 3 4 4 3 3 3 3 3 3 3 3 2 2 2 3 4 4 2 3 3 3 3 3 3 3 
Vertex 456: 3 1 3 2 3 3 3 1 2 4 3 2 2 3 3 2 2 3 4 3 3 3 3 3 3 3 4 2 3 3 2 2 2 1 3 4 2 4 2 2 3 3 3 3 2 3 3 3 4 4 3 2 4 3 3 3 3 3 3 3 3 3 3 3 3 2 3 3 3 4 3 4 3 3 3 4 3 3 3 2 3 3 2 3 3 4 3 3 3 3 4 3 2 3 3 3 3 3 2 3 3 3 2 4 2 3 3 2 3 3 4 4 3 2 3 3 3 3 3 4 2 3 3 3 4 3 3 3 3 3 3 3 4 3 3 3 3 3 3 3 4 3 4 3 3 3 3 2 1 3 4 4 3 3 3 3 2 3 3 2 4 3 3 1 3 3 3 3 3 3 2 3 3 3 3 3 3 3 3 3 3 3 1 3 2 3 3 4 3 3 2 4 2 2 3 3 3 3 3 3 3 3 3 3 3 4 3 3 4 3 3 3 4 3 2 2 3 3 4 4 3 4 3 3 3 3 3 3 3 3 4 3 3 4 4 3 4 3 3 2 4 3 3 4 2 3 2 3 3 4 2 2 2 4 3 3 3 1 3 2 3 3 3 3 3 2 3 2 3 3 3 2 3 2 3 3 3 3 2 2 3 3 2 3 3 4 3 2 2 3 3 3 3 2 3 3 3 3 3 3 3 3 3 2 3 3 3 1 2 3 3 2 3 3 3 3 4 4 3 2 3 3 3 3 2 3 3 3 3 2 3 3 3 3 2 3 3 3 2 3 3 2 3 3 3 3 3 3 3 2 3 3 3 2 3 3 3 3 3 3 3 4 3 3 4 2 3 2 3 3 3 3 3 2 3 2 2 2 3 2 3 3 3 3 3 3 3 3 3 3 3 2 3 3 2 3 3 3 2 3 2 3 3 3 3 3 2 2 3 3 3 3 3 3 4 3 3 3 2 2 4 3 2 2 3 3 4 3 3 3 3 4 2 2 3 3 3 2 3 2 3 3 3 2 3 3 2 2 3 4 3 3 3 3 3 3 0 3 3 3 3 3 3 3 3 3 3 3 2 3 3 3 3 4 3 3 3 3 2 3 4 3 3 3 3 3 3 3 4 4 3 4 3 4 3 3 4 4 3 3 
Vertex 457: 2 3 3 3 3 3 3 3 3 2 2 3 4 3 3 3 3 3 2 3 4 3 2 3 3 4 3 3 3 3 3 3 3 3 3 2 3 3 3 2 3 3 3 3 4 3 3 3 2 2 3 3 2 3 2 3 3 3 3 2 3 3 2 3 1 2 3 2 4 3 3 3 3 3 3 3 4 3 3 3 3 3 3 2 2 4 3 3 3 3 1 3 3 4 2 2 3 3 3 2 3 3 3 3 2 3 3 3 1 3 3 3 3 3 4 4 4 3 2 4 1 3 3 4 4 3 3 3 3 3 3 4 2 3 4 3 3 3 3 2 3 3 3 3 3 2 3 3 3 3 2 1 3 3 2 3 3 3 3 4 4 3 3 3 3 2 3 3 2 4 2 3 2 3 1 3 3 2 3 2 3 3 4 3 3 3 3 3 3 4 3 3 3 4 3 2 4 3 3 3 2 3 2 3 3 3 2 3 3 3 4 3 4 3 3 3 3 3 4 3 3 3 3 3 3 1 2 3 1 3 3 2 3 3 3 3 3 3 3 3 4 3 3 3 2 1 3 3 3 4 3 3 2 3 2 3 3 3 3 3 3 3 2 3 4 3 3 3 3 3 3 3 3 3 3 2 3 2 3 3 4 2 3 2 3 4 3 3 2 3 3 3 3 3 3 3 2 3 3 3 3 3 3 3 3 2 4 2 3 2 3 3 3 2 3 3 4 4 2 3 3 3 2 3 2 3 3 4 2 4 3 3 4 2 3 3 3 2 3 3 2 3 4 3 3 2 2 2 4 2 3 3 3 2 3 2 3 3 4 2 3 3 3 4 3 3 2 3 3 3 2 3 4 3 2 3 3 3 3 3 2 3 3 3 4 3 3 3 2 3 3 3 3 3 3 3 3 3 3 3 3 4 3 2 2 3 3 3 3 3 2 2 3 3 3 3 3 1 3 4 3 4 3 3 3 3 3 3 3 4 3 3 3 3 3 3 3 3 3 2 2 3 3 3 3 3 2 2 3 3 4 3 3 3 2 3 3 0 3 3 2 3 3 3 3 2 3 3 2 2 3 2 3 3 2 3 3 2 3 3 3 3 3 3 3 3 3 4 3 3 4 4 3 2 3 2 3 3 3 3 
Vertex 458: 3 3 3 3 3 3 3 3 3 3 3 3 3 3 2 3 3 3 3 3 2 3 1 3 4 4 4 3 3 3 2 3 3 3 3 3 2 3 2 2 3 3 2 3 3 3 3 2 3 3 3 3 2 2 3 3 3 3 2 1 3 2 2 3 2 3 3 3 3 2 3 3 2 1 3 3 2 3 3 3 3 2 3 2 3 3 3 3 2 3 2 2 3 3 3 3 4 3 3 2 3 3 1 3 3 2 2 3 3 3 3 3 3 4 4 3 3 3 3 3 2 2 3 3 2 2 3 2 3 3 3 3 3 3 3 3 1 3 2 3 3 3 3 3 3 2 3 3 3 2 3 3 1 2 2 2 3 2 3 3 4 3 3 2 3 3 3 3 3 3 3 2 3 4 3 2 3 2 2 3 2 3 2 3 2 2 2 3 4 4 3 3 1 3 2 3 3 3 3 3 3 3 3 3 3 3 3 2 2 3 3 3 3 2 3 3 3 3 2 3 3 4 3 3 3 3 3 3 3 3 3 3 3 3 2 3 3 3 3 3 3 3 3 3 3 2 3 4 2 3 3 2 3 1 3 2 3 3 2 2 3 3 3 3 4 2 2 2 3 3 4 2 3 2 2 2 3 3 2 2 3 2 2 2 3 2 2 3 3 2 3 2 3 3 2 3 3 3 1 3 3 3 2 2 3 3 3 3 2 2 3 3 3 2 2 3 3 3 3 3 3 3 2 3 3 3 2 2 2 3 2 3 3 3 3 3 3 3 2 3 3 3 2 1 3 2 2 3 3 2 4 2 3 3 3 3 3 3 4 2 3 3 2 2 3 3 3 3 2 3 3 2 3 2 2 3 3 3 3 3 3 2 2 2 4 2 3 3 3 2 3 4 3 2 3 3 3 2 2 2 2 3 3 3 3 3 3 2 3 1 3 3 3 1 3 3 3 2 3 3 3 4 3 3 3 3 3 3 2 3 3 3 2 2 3 2 2 3 2 2 2 3 3 1 3 3 3 2 3 2 3 3 3 3 3 3 3 3 0 3 3 2 3 3 3 3 3 3 3 2 3 2 3 3 3 3 2 3 3 3 3 2 2 3 2 3 3 3 3 3 3 2 3 3 4 3 2 4 2 2 
Vertex 459: 3 3 3 1 1 3 3 3 3 3 3 3 3 2 3 3 2 3 3 3 3 3 3 3 3 1 4 3 3 3 4 3 3 3 3 3 2 3 3 3 3 3 3 3 1 2 3 3 3 3 3 3 3 2 3 2 2 3 2 3 3 2 3 2 4 2 2 3 3 3 3 3 2 3 4 4 3 2 2 2 2 2 2 3 3 3 3 3 3 3 3 3 3 3 3 3 3 2 3 3 2 3 3 3 3 2 2 3 2 3 3 3 2 3 2 3 4 2 3 3 3 4 3 2 3 2 3 3 2 3 3 3 3 3 1 3 3 3 3 2 3 3 3 2 3 3 1 2 2 3 3 2 3 3 3 3 3 3 3 3 4 3 2 2 3 3 3 2 3 2 2 3 3 4 3 3 3 3 4 2 3 3 2 3 3 3 3 3 3 4 2 3 3 3 2 3 2 3 3 3 1 2 3 3 3 3 3 3 3 3 3 2 3 3 3 3 3 2 3 3 3 4 2 3 3 2 3 4 2 3 3 3 2 3 3 3 3 3 3 3 3 3 4 3 3 3 3 3 2 3 3 3 3 3 3 3 3 2 3 3 2 3 3 3 3 3 4 2 3 3 3 3 2 3 3 3 3 3 3 2 2 3 2 3 3 3 3 3 3 3 3 3 3 3 2 3 4 3 3 4 3 3 4 3 2 4 3 2 3 3 2 3 3 3 2 3 3 4 3 3 4 3 3 3 3 4 3 3 3 2 3 3 3 3 4 4 3 1 3 2 3 3 3 3 2 3 2 3 3 3 2 3 2 2 3 3 3 2 3 3 3 2 3 3 3 3 4 3 2 3 3 3 3 3 3 3 3 2 4 3 3 3 3 3 3 3 4 3 3 3 3 2 2 3 3 3 4 2 3 3 3 3 2 4 3 2 3 3 3 4 3 2 4 3 4 3 3 4 3 4 3 3 3 1 3 3 2 2 4 2 2 3 3 3 3 2 3 3 3 3 2 3 2 2 3 3 1 3 4 3 3 4 2 2 3 3 3 3 3 0 3 2 3 3 3 2 3 2 2 2 2 3 2 3 3 3 2 3 3 3 3 3 2 3 3 3 3 3 3 3 3 3 1 3 3 3 3 3 2 2 
Vertex 460: 3 3 3 3 3 3 3 3 3 3 2 1 3 2 3 3 3 3 3 2 3 3 3 3 3 3 3 3 3 2 2 2 2 3 3 2 3 3 3 3 3 2 3 3 2 3 3 3 2 2 3 4 2 3 3 2 3 2 3 3 2 2 4 3 3 3 3 3 3 3 3 3 3 3 3 3 2 3 3 3 2 2 1 2 3 2 3 2 4 3 3 3 4 3 3 3 3 2 3 3 2 3 3 3 3 3 2 2 3 3 3 3 3 2 3 2 2 3 3 3 2 3 3 3 3 3 3 2 3 3 2 3 3 2 3 3 2 3 2 1 2 3 3 3 3 3 2 2 3 3 3 2 3 2 3 2 3 3 3 2 4 4 3 3 3 3 3 3 2 3 3 2 2 2 2 3 3 2 3 2 3 2 2 3 2 3 3 2 3 3 3 3 3 3 3 3 2 3 3 3 3 2 3 3 3 3 3 3 3 3 3 4 3 3 3 3 3 3 4 2 2 3 3 3 2 1 3 3 3 3 3 2 3 3 3 3 3 3 2 3 2 2 3 3 2 3 3 3 3 3 3 2 1 2 3 2 3 2 3 4 3 3 3 3 2 3 3 2 3 2 3 3 1 2 4 3 3 3 3 3 2 3 3 3 3 3 2 2 3 3 3 3 3 1 3 3 3 2 3 3 4 3 1 3 2 3 3 2 3 3 3 3 3 3 3 2 3 4 3 3 3 3 2 3 3 3 3 3 2 3 3 3 3 3 3 2 2 2 3 2 3 4 3 3 3 3 3 3 3 3 3 3 3 2 3 3 2 3 3 3 3 3 2 2 3 2 2 3 3 3 3 3 2 3 3 3 2 3 2 3 3 2 3 3 4 2 3 3 3 3 3 3 3 3 2 3 3 3 2 3 3 3 2 3 3 3 3 3 1 3 3 3 3 3 3 3 3 3 3 3 2 4 2 3 3 3 3 2 3 3 3 2 3 2 4 3 3 3 3 2 2 2 3 3 3 2 3 2 1 4 3 2 3 3 3 3 3 2 3 3 0 3 3 3 3 3 3 3 2 3 3 2 3 3 4 3 2 3 2 3 3 1 2 3 3 1 2 3 3 3 2 3 2 2 4 4 4 3 3 3 
Vertex 461: 3 3 3 3 3 3 3 3 3 1 3 3 3 3 3 3 3 3 3 2 3 2 3 3 4 3 3 2 3 4 4 3 3 2 3 3 3 3 3 2 4 3 3 3 2 3 2 3 3 3 3 3 4 3 2 2 3 3 3 3 3 3 3 3 2 3 3 3 3 3 3 2 1 1 2 3 3 3 3 3 3 3 2 3 3 3 3 3 3 2 3 3 3 3 3 3 3 3 3 3 3 4 2 3 3 4 2 3 4 3 2 4 3 3 2 4 4 3 4 2 4 3 3 2 3 3 3 3 4 2 3 3 2 2 1 3 2 3 2 2 3 1 3 2 3 3 1 3 3 2 3 3 3 3 2 3 2 2 4 4 3 3 3 3 3 2 2 4 3 3 3 3 2 3 2 2 3 3 2 2 3 3 3 4 2 2 2 2 4 4 4 3 2 3 2 3 4 3 3 3 3 3 3 3 3 3 3 3 3 3 4 3 2 2 3 3 3 2 4 2 2 4 3 3 3 3 3 3 3 2 1 2 3 3 3 4 3 2 3 3 4 3 4 3 2 3 4 3 3 3 3 2 3 3 3 2 3 3 3 3 3 3 2 2 3 3 2 2 1 3 2 3 3 3 2 3 3 3 3 2 2 2 3 3 2 3 2 3 3 4 3 2 3 3 2 3 3 3 3 2 4 3 3 2 3 4 2 4 2 2 2 3 3 3 3 1 3 4 3 3 3 2 3 3 3 3 1 3 3 3 3 2 3 2 3 2 3 3 3 4 3 3 3 3 3 3 3 3 2 1 3 3 2 3 3 3 3 3 4 2 3 2 3 3 3 3 3 3 2 1 1 2 3 3 2 2 3 3 2 3 3 3 3 3 3 3 3 3 3 3 3 3 4 3 3 3 3 4 3 3 2 2 2 4 3 3 3 3 3 2 3 2 3 3 3 3 3 3 4 3 3 2 3 3 2 3 3 2 3 3 3 3 3 3 3 3 3 3 2 3 3 3 2 1 3 3 3 3 3 3 3 2 3 2 3 3 3 3 2 2 3 0 3 3 3 4 3 3 2 3 2 2 3 3 4 3 3 3 2 3 4 3 2 4 3 3 3 3 4 2 3 4 3 3 3 3 3 3 2 2 
Vertex 462: 2 4 3 2 3 3 3 3 3 3 3 4 3 3 3 3 3 3 3 3 3 2 2 4 4 3 2 4 3 4 3 3 3 3 3 2 3 1 3 3 3 3 3 3 3 3 3 3 3 2 2 3 3 3 2 3 2 3 2 3 2 3 3 3 4 3 3 3 3 1 3 1 3 2 3 2 3 3 3 3 3 3 3 3 2 3 3 3 3 2 3 3 3 3 2 3 4 3 3 3 3 2 3 3 3 3 3 3 2 3 4 3 3 3 4 3 4 3 2 3 3 4 3 2 3 3 3 3 3 4 3 2 2 3 4 4 2 3 3 2 3 3 3 4 3 2 3 2 3 3 3 3 2 3 3 3 2 3 3 3 4 3 3 2 3 3 4 3 2 3 3 3 3 3 3 3 4 3 2 3 3 3 2 4 3 3 3 2 4 3 3 3 3 2 2 3 4 2 3 3 2 4 2 3 2 3 3 2 2 3 4 4 3 2 3 2 4 3 3 2 3 4 3 3 3 2 4 3 3 1 3 2 4 4 3 2 3 3 2 2 4 3 2 3 3 3 3 3 3 3 3 2 3 3 4 3 3 3 3 4 3 3 3 2 2 3 3 3 3 3 3 2 3 2 3 3 1 2 4 3 3 3 3 4 3 3 2 3 3 3 3 3 3 3 3 4 3 2 2 3 3 4 2 3 3 3 4 3 3 3 4 3 2 2 3 2 3 4 2 3 3 3 2 3 3 3 2 3 3 4 3 3 3 3 3 4 3 3 3 1 2 3 4 4 2 3 3 3 3 2 2 3 3 3 2 4 3 2 3 2 3 3 3 3 4 3 3 3 3 3 3 2 3 3 3 3 3 3 2 2 4 3 3 3 2 3 2 3 3 3 3 3 2 3 3 3 4 3 3 3 3 4 2 4 4 3 4 3 4 3 1 2 2 3 2 3 3 3 3 3 3 4 3 3 3 3 3 4 3 3 2 3 3 1 3 3 2 3 2 2 3 3 2 3 3 3 3 3 3 3 3 3 4 3 3 3 3 3 3 3 3 3 0 3 3 3 3 3 2 2 3 1 3 3 3 3 3 3 3 2 3 3 3 3 3 3 3 3 3 4 3 3 3 3 2 3 3 3 3 3 
Vertex 463: 1 3 3 2 3 2 4 3 3 3 3 3 2 3 3 3 3 3 3 2 3 3 3 3 3 3 3 1 2 3 4 4 2 2 2 3 3 3 4 2 3 2 3 3 3 2 1 3 3 3 3 2 2 4 3 3 2 2 3 3 3 3 3 2 3 3 3 3 3 3 3 2 3 4 3 4 3 2 3 1 3 4 2 3 3 3 3 3 3 3 2 3 3 3 3 3 3 3 3 2 2 3 3 3 2 3 2 3 3 3 4 1 3 3 3 3 3 3 3 2 4 3 3 4 3 4 3 3 3 3 3 3 3 3 3 3 3 2 4 2 2 3 3 3 3 3 3 4 3 3 3 3 3 3 3 2 3 3 3 3 4 2 3 3 3 3 2 3 2 3 3 3 3 3 3 3 4 3 3 3 2 3 2 2 3 3 2 4 4 2 3 3 2 3 2 2 3 3 3 2 3 3 3 4 3 3 3 3 3 3 4 3 4 3 2 3 3 3 4 3 3 3 3 2 3 3 3 2 3 2 3 3 3 2 4 3 3 3 3 3 3 2 2 3 3 4 3 2 3 1 3 3 3 2 3 3 3 3 3 3 3 3 3 3 2 2 3 1 3 4 4 3 3 3 3 3 4 3 3 2 3 3 3 3 3 3 3 2 2 2 3 3 3 3 3 2 3 2 3 3 3 3 3 3 3 3 3 3 2 3 4 3 2 3 3 2 2 3 3 3 2 3 3 4 3 3 2 3 3 3 3 3 3 3 3 3 3 3 3 3 3 3 1 3 3 3 2 2 3 2 3 2 3 3 3 3 3 2 3 3 3 4 3 3 3 4 3 2 2 3 2 1 3 2 3 2 2 4 3 2 4 2 3 3 3 3 3 2 3 3 3 3 3 3 2 3 3 3 4 3 3 2 3 4 3 2 4 3 3 3 3 3 4 3 3 3 3 3 3 3 2 3 3 3 3 3 2 4 3 3 2 4 3 3 4 3 3 4 3 3 3 2 3 2 3 3 3 3 3 3 4 3 2 3 4 3 3 3 3 3 3 3 3 0 3 3 3 3 3 3 3 3 2 4 3 3 4 3 2 3 4 4 3 3 2 3 4 4 3 3 3 3 3 4 3 4 3 2 3 3 
Vertex 464: 4 3 3 3 3 2 3 3 3 3 3 4 2 2 3 3 3 4 4 3 3 3 4 2 1 3 4 3 3 3 3 2 3 3 3 2 3 3 2 3 2 3 3 2 3 3 3 3 3 4 3 2 3 3 3 3 3 2 3 3 3 3 4 2 4 3 2 3 3 2 2 3 3 3 3 4 1 3 2 3 3 3 3 3 3 2 2 2 3 3 3 3 2 3 3 3 3 3 3 4 3 3 2 3 3 3 3 3 3 3 1 2 2 3 2 3 3 3 2 2 3 4 1 3 3 2 3 2 4 4 3 3 3 3 3 3 2 3 2 3 2 2 2 3 3 3 3 3 3 4 3 3 3 2 4 3 2 3 3 4 4 3 3 3 2 4 3 3 3 3 3 3 3 3 3 3 2 2 3 2 3 3 3 3 3 3 3 3 3 3 3 3 2 2 3 3 3 3 4 2 2 1 3 3 3 3 3 1 3 4 4 3 3 3 3 3 3 3 3 3 3 4 3 3 2 2 3 3 3 3 3 2 3 3 3 3 4 3 2 2 4 2 1 3 2 4 3 2 3 3 2 2 3 3 3 1 3 2 3 3 3 3 3 3 3 2 3 3 2 2 4 2 2 3 3 3 2 3 1 2 3 3 3 3 3 3 2 3 2 4 3 2 3 3 2 3 3 3 3 3 3 2 3 3 3 3 3 3 3 3 3 3 3 3 3 2 3 3 3 3 3 3 2 4 3 3 2 3 2 4 3 3 3 3 3 3 3 2 3 3 3 3 3 3 3 3 3 3 1 3 3 3 3 2 3 2 3 3 4 3 2 3 4 3 3 3 3 3 4 3 3 3 2 3 3 3 2 2 2 2 2 3 2 3 3 3 3 3 3 3 4 3 3 4 3 3 4 3 3 3 3 3 2 3 4 3 2 2 3 3 3 3 4 3 3 3 2 3 3 2 3 3 3 3 3 3 3 3 3 3 3 3 3 4 3 3 3 4 3 3 3 3 3 3 2 2 3 3 3 3 3 1 2 3 3 3 3 3 3 3 3 3 3 3 0 2 4 3 1 3 2 3 3 4 3 3 2 3 2 2 3 2 2 3 3 2 3 2 4 3 3 3 3 3 3 3 3 3 3 3 
Vertex 465: 3 2 3 3 1 4 3 3 4 4 4 3 3 3 3 4 3 4 2 3 3 4 3 3 3 3 4 3 3 3 3 3 3 3 3 4 3 3 3 3 3 3 3 3 3 3 3 3 4 3 4 3 3 2 3 3 2 3 3 3 3 2 4 2 3 3 3 4 3 3 3 3 3 4 3 4 2 4 3 3 3 3 2 3 3 3 3 3 4 4 3 3 4 3 3 3 3 3 3 3 3 4 3 1 3 3 3 3 3 3 3 3 3 3 3 3 3 2 3 3 3 3 3 3 3 2 3 3 3 4 3 3 3 3 3 3 2 3 3 3 4 3 2 4 3 3 3 3 3 3 3 3 3 3 2 2 3 2 4 3 3 1 3 3 3 3 3 3 3 2 3 1 3 4 3 4 3 3 2 3 2 3 3 3 3 3 3 2 2 2 2 2 3 2 3 3 4 3 3 3 3 1 3 3 2 4 3 2 4 2 4 4 3 3 3 3 3 3 3 4 3 4 3 3 3 3 3 3 3 3 3 3 3 4 3 2 3 3 3 3 4 3 3 3 3 3 3 2 2 2 3 3 3 3 3 3 3 3 3 3 3 3 3 2 3 2 3 3 3 3 3 2 3 3 4 2 3 4 3 2 2 2 3 3 3 3 3 3 3 4 4 3 3 3 3 4 4 3 3 3 3 3 3 2 3 4 2 2 3 3 4 3 1 2 3 4 3 4 3 2 4 3 3 3 3 3 3 4 3 3 4 4 4 3 3 3 4 2 3 3 2 3 2 3 2 3 2 3 3 3 2 3 3 3 3 3 2 4 2 4 3 4 3 3 3 3 4 3 3 3 3 3 3 3 3 3 3 3 3 3 4 3 2 3 4 3 4 3 3 3 3 3 3 3 3 3 4 4 3 3 3 4 2 4 3 4 1 3 2 3 3 2 3 3 3 3 2 3 4 3 4 3 3 3 3 2 3 2 3 2 2 3 3 3 3 3 2 3 4 3 3 3 3 3 3 3 3 3 3 3 4 3 3 3 3 3 3 2 3 2 3 4 3 3 2 0 3 3 2 3 3 3 2 3 3 3 4 3 3 3 3 2 2 3 2 3 3 3 3 4 3 4 2 3 3 3 3 2 2 2 
Vertex 466: 2 3 3 3 3 3 3 3 3 3 3 3 3 2 2 3 2 3 3 3 4 3 3 3 3 3 4 3 3 3 3 3 2 3 2 3 3 3 3 3 3 3 3 3 3 3 3 2 3 3 2 3 3 3 2 3 3 3 1 2 3 2 3 3 3 3 3 3 3 2 2 3 3 3 3 3 3 4 4 3 4 3 3 3 2 4 2 3 2 3 3 3 3 4 2 3 3 3 3 3 2 4 3 3 3 2 3 3 3 3 3 3 3 3 3 3 3 3 3 4 3 3 3 3 4 4 3 3 2 4 3 3 3 2 3 4 3 2 3 3 3 3 3 3 3 3 3 3 4 3 4 3 3 2 4 3 3 3 4 3 4 3 3 2 3 2 3 3 3 3 3 3 2 4 3 3 2 3 3 3 2 3 3 2 3 3 3 4 3 3 4 3 3 3 2 2 3 3 3 2 3 4 2 4 4 3 3 3 3 3 3 3 3 3 2 3 3 4 3 4 3 3 3 3 3 2 3 3 4 4 2 3 3 3 3 2 3 3 3 3 4 3 3 3 3 3 4 3 4 3 3 2 4 3 3 3 3 2 3 3 3 2 3 1 3 3 3 3 3 3 3 3 3 2 2 3 2 3 4 3 3 2 4 3 3 3 3 4 3 3 1 3 2 3 2 3 2 2 2 3 3 2 3 3 4 3 3 3 3 2 3 3 2 3 3 4 3 3 2 3 2 3 3 3 4 2 3 3 3 3 3 2 4 3 3 3 3 3 3 3 3 3 3 3 3 3 2 1 3 3 3 3 4 3 3 3 3 3 3 2 2 4 2 3 1 3 4 3 2 3 3 3 3 3 3 2 2 3 3 3 4 3 3 3 3 4 2 3 3 3 3 3 2 3 3 3 3 3 3 2 3 3 3 3 3 4 4 3 4 3 2 2 4 4 3 3 3 3 3 4 3 3 3 4 4 2 3 4 3 2 3 4 3 2 2 3 3 3 3 1 2 3 3 3 2 4 2 3 3 4 3 3 3 3 2 3 3 3 3 3 3 3 3 3 4 3 0 3 3 3 3 3 4 3 3 3 2 1 2 3 4 4 3 1 3 3 3 2 3 3 2 3 3 2 3 3 3 3 2 3 
Vertex 467: 3 3 3 3 3 3 4 3 4 2 3 4 3 3 3 3 2 3 3 3 4 3 2 3 3 3 3 2 3 3 4 4 3 3 3 3 3 4 3 3 4 3 4 4 1 3 3 3 3 3 3 3 3 3 3 2 3 3 2 4 3 4 3 2 3 2 2 3 3 3 3 3 2 4 4 4 3 3 3 3 3 3 2 4 3 3 3 2 3 3 3 3 3 4 3 3 3 4 3 3 2 3 3 4 4 1 3 3 2 3 4 3 2 3 3 3 3 2 3 4 4 3 2 3 3 3 3 3 3 3 3 3 3 3 3 4 4 3 3 3 4 3 3 4 3 3 3 4 3 4 2 4 3 3 4 3 2 3 3 2 3 3 3 2 3 2 3 4 3 2 3 4 3 4 3 3 2 3 4 3 3 4 2 3 3 3 4 4 3 4 3 3 3 3 2 3 3 2 4 2 3 3 3 3 4 3 2 3 3 3 3 2 3 3 3 3 3 3 3 3 3 3 3 4 3 4 3 4 4 2 2 3 3 4 4 2 3 2 3 3 3 4 4 4 4 3 2 3 3 2 3 3 3 3 3 3 3 3 3 4 4 3 3 3 3 4 3 3 4 2 2 4 3 4 3 3 3 3 3 3 3 4 3 3 4 2 3 3 3 3 3 3 3 3 3 3 2 3 3 3 3 3 2 3 3 3 3 3 4 3 4 3 3 4 3 3 2 4 3 3 4 3 3 4 3 4 3 4 3 3 4 3 3 4 3 3 4 3 3 3 3 3 3 4 2 3 4 3 3 3 2 3 2 2 4 3 3 2 4 4 3 2 4 3 2 3 4 3 4 3 3 3 3 3 3 3 3 3 4 3 3 3 3 4 4 3 4 4 4 4 3 2 4 3 3 3 4 3 3 3 4 1 4 3 4 4 2 2 3 4 3 3 3 3 4 3 3 3 2 4 4 3 2 3 3 3 4 3 3 2 3 1 3 3 4 4 3 3 4 3 3 3 3 3 3 3 1 4 4 3 3 4 2 2 3 4 3 3 3 2 3 3 3 3 3 3 3 0 3 3 4 3 3 3 3 3 3 3 3 3 2 3 3 3 2 4 3 4 3 3 3 3 2 3 1 3 3 3 3 3 
Vertex 468: 3 3 2 2 3 2 3 2 3 3 3 3 2 1 2 3 3 3 3 3 3 2 3 3 2 3 3 3 3 4 2 1 3 2 3 3 3 3 3 3 3 3 3 1 2 2 3 3 3 3 3 3 2 3 2 3 3 3 2 3 3 4 3 3 3 3 1 2 3 3 1 3 3 2 3 3 2 3 2 2 3 3 2 2 2 3 1 3 2 3 3 3 3 3 2 3 4 2 3 3 2 3 3 3 3 4 3 2 3 3 2 3 3 3 3 4 4 3 2 3 2 3 2 2 3 1 3 2 3 3 3 3 3 3 3 3 3 3 3 2 3 3 2 3 3 3 3 3 3 3 3 3 3 3 4 3 2 2 3 3 4 3 3 3 3 4 3 3 2 3 2 3 3 4 3 2 3 2 3 3 3 2 3 3 2 3 3 3 3 3 3 3 3 3 3 3 3 3 3 1 1 2 3 3 3 3 4 2 3 3 3 3 3 3 3 2 3 2 4 3 4 3 3 3 3 1 3 3 2 2 3 2 3 3 2 3 4 2 2 3 3 3 2 3 2 3 2 3 2 4 3 3 3 3 2 2 3 1 3 3 3 3 3 3 3 3 2 3 1 3 4 3 3 2 2 3 1 3 2 2 3 3 4 3 3 2 1 3 3 3 3 3 3 2 2 2 2 3 3 3 3 2 3 4 3 4 3 3 3 3 3 2 3 3 3 2 3 2 3 3 4 3 3 3 3 3 3 3 2 3 2 2 4 2 3 3 3 2 2 2 2 3 3 3 3 3 2 2 2 3 2 3 3 2 2 3 3 3 3 2 3 3 3 3 3 2 3 3 3 3 3 3 3 3 3 2 3 3 3 2 3 3 3 3 2 3 3 3 3 2 3 3 3 3 2 2 3 2 3 3 2 3 3 2 3 2 3 3 3 3 2 3 4 2 3 3 3 3 3 3 3 3 3 3 3 3 3 2 3 3 3 3 3 3 2 3 3 3 2 2 2 3 3 3 2 3 3 3 3 3 3 2 3 2 3 3 2 2 3 2 2 2 2 3 1 2 3 3 0 3 3 2 3 4 4 3 3 4 2 3 4 3 3 3 3 2 3 3 3 3 3 2 3 2 3 4 2 3 3 2 
Vertex 469: 2 2 3 3 3 1 2 3 3 3 3 3 3 2 3 2 3 2 2 2 3 3 2 3 3 2 3 2 3 2 3 3 3 3 2 2 3 3 2 1 3 3 3 2 2 3 3 2 3 3 3 2 2 3 3 3 3 3 2 2 2 3 3 3 2 2 3 1 2 3 2 3 3 2 2 2 2 3 3 2 4 3 3 3 2 3 3 3 3 2 3 3 3 3 1 3 3 3 3 3 1 3 1 3 3 2 3 3 2 3 3 2 3 2 3 2 3 3 2 3 3 2 3 3 3 3 3 3 4 3 2 2 2 3 2 2 2 2 3 2 3 3 2 3 2 2 3 3 3 3 3 1 2 3 2 3 2 2 2 3 4 2 2 2 3 2 2 3 3 3 2 2 3 3 2 2 3 2 3 1 1 3 3 2 3 3 2 3 3 2 3 3 3 3 3 3 3 3 2 2 3 3 3 3 2 3 3 3 3 3 3 2 2 2 2 3 3 3 3 3 3 3 1 2 2 2 3 3 2 3 3 3 2 2 1 3 3 3 2 2 3 3 2 1 2 3 3 3 2 4 3 2 2 3 2 2 2 3 3 2 3 3 3 2 3 3 2 2 3 3 3 2 2 2 3 3 3 2 3 2 3 2 2 3 1 3 2 2 2 1 2 2 3 3 3 2 3 3 2 3 3 2 3 3 3 3 3 3 2 3 3 3 3 2 2 2 3 2 2 3 3 3 3 3 3 2 3 3 1 2 3 2 3 2 2 3 1 3 2 3 2 3 2 2 3 2 2 3 3 2 2 3 3 2 2 3 3 2 3 1 3 1 3 3 3 3 3 3 3 3 2 2 3 3 2 3 3 2 2 2 2 2 1 2 3 2 3 2 3 3 3 2 3 2 3 3 3 3 3 2 3 3 3 4 3 3 3 2 3 2 1 2 3 3 2 3 3 2 3 3 3 3 3 2 2 2 3 2 3 3 2 3 3 3 2 3 3 3 3 2 2 3 3 3 3 3 3 2 3 3 3 3 3 3 3 3 3 2 2 2 3 3 2 3 3 3 3 3 3 0 3 3 3 3 3 2 2 3 3 3 3 3 2 2 3 2 2 3 3 2 2 2 1 3 3 3 3 3 3 3 
Vertex 470: 3 3 3 3 3 3 4 3 3 3 2 3 2 3 2 3 3 3 3 3 2 2 3 3 3 2 3 3 4 3 2 2 2 3 3 3 4 4 3 3 3 3 3 4 3 3 3 3 3 3 3 3 4 3 2 3 1 2 2 3 3 3 3 2 3 2 3 3 2 3 3 4 3 3 2 3 1 3 3 2 4 3 3 2 1 3 3 3 3 3 2 3 1 3 3 3 2 2 2 4 3 2 2 4 2 3 2 3 3 3 3 3 3 3 2 3 3 2 3 3 3 3 2 4 3 3 3 3 3 3 3 3 3 3 1 2 3 3 4 3 3 2 3 3 3 3 2 3 2 3 3 2 3 3 3 3 2 3 4 3 4 3 3 3 3 3 2 4 3 3 3 2 3 4 3 3 2 3 3 2 3 3 3 3 2 4 2 4 3 3 3 3 3 3 3 2 3 3 3 2 3 3 3 2 3 2 2 3 2 2 4 3 3 3 3 3 3 3 3 3 3 3 3 2 3 3 2 2 3 2 3 3 1 3 4 3 3 3 3 3 3 3 2 2 4 2 2 3 3 3 3 3 3 3 2 3 2 2 3 2 1 4 3 3 3 3 3 3 3 3 4 3 4 2 3 3 3 3 2 3 2 2 3 3 3 3 3 3 3 3 3 3 2 3 3 4 3 3 3 3 2 1 2 3 3 3 3 3 2 3 3 3 3 3 3 3 4 4 3 3 3 3 3 3 2 2 3 2 3 3 3 3 4 3 2 4 3 2 2 3 3 2 3 3 3 3 3 3 3 3 3 2 3 3 3 4 3 3 3 3 3 2 2 3 2 1 3 3 2 3 3 3 3 3 2 2 3 3 4 3 3 3 4 3 3 3 3 3 1 3 3 3 3 2 3 3 3 3 3 3 3 4 3 2 3 3 2 4 3 3 2 1 4 3 3 2 3 3 4 3 2 3 3 3 3 2 3 4 3 3 2 3 3 2 3 3 3 3 4 2 3 4 3 3 2 3 3 3 3 3 3 3 3 2 2 2 3 3 3 2 3 2 3 3 2 3 3 4 3 3 0 3 3 3 3 3 3 2 3 3 4 3 3 3 2 3 3 3 2 3 3 4 3 3 3 3 3 2 3 3 
Vertex 471: 3 3 3 3 3 3 3 3 3 3 3 3 3 3 3 3 2 3 3 2 2 3 1 3 3 4 3 3 3 4 4 3 3 3 3 3 2 2 3 2 3 2 3 3 2 2 2 3 2 1 2 3 2 2 2 3 3 2 3 2 3 3 3 3 3 3 3 2 3 2 3 2 3 1 3 1 3 3 3 3 3 2 3 2 3 4 2 3 2 3 2 2 3 3 3 3 4 3 3 2 2 3 2 3 3 2 3 3 2 3 3 3 2 3 3 3 4 3 3 3 2 3 3 3 3 3 3 2 4 3 2 3 3 3 3 3 1 3 2 1 2 2 3 3 3 3 3 1 2 3 3 2 3 3 3 3 2 2 3 3 3 3 3 3 2 3 3 4 2 3 3 2 3 2 2 3 3 2 3 3 2 3 3 3 2 2 2 2 3 4 3 3 3 3 3 3 3 3 3 2 3 3 3 3 3 3 3 2 1 3 3 3 3 2 3 3 3 3 3 2 3 4 3 3 3 1 3 4 3 2 3 2 3 3 3 3 4 3 3 3 4 3 2 2 2 3 4 3 4 3 3 3 3 2 3 3 3 2 2 3 2 2 3 3 3 3 3 2 3 3 2 2 3 1 2 2 2 1 4 3 3 3 2 3 2 3 2 3 3 2 3 3 3 2 2 3 3 3 3 3 3 3 3 3 2 3 3 3 2 2 3 3 3 3 2 1 3 3 3 3 2 2 2 3 3 3 2 3 2 3 3 3 3 3 3 3 3 2 3 2 3 3 3 3 3 3 3 3 2 3 3 3 3 2 3 3 3 1 2 2 3 3 3 3 3 3 3 3 3 2 3 3 4 2 2 3 3 3 3 1 3 3 2 3 3 3 3 3 3 2 3 3 2 3 3 2 3 3 3 2 3 3 3 3 3 4 3 3 3 3 2 3 2 3 3 3 3 2 3 3 2 3 2 2 2 3 3 3 3 3 3 3 3 2 3 2 2 3 3 2 2 3 3 3 3 2 3 2 3 2 3 3 3 4 3 3 3 2 2 3 2 2 1 3 3 3 3 3 2 3 3 0 3 3 2 3 3 3 3 3 3 2 3 3 3 3 3 4 2 3 3 3 2 2 3 4 3 3 3 3 
Vertex 472: 3 4 3 3 1 3 3 3 2 3 3 3 3 3 3 2 3 4 3 3 3 2 3 3 3 3 4 2 3 3 3 3 3 3 3 3 3 3 3 3 3 2 2 3 2 4 3 3 3 3 2 3 3 2 3 3 2 2 3 2 2 2 3 3 4 3 3 3 3 3 3 2 3 3 4 3 3 3 2 2 3 3 3 4 3 3 3 3 3 3 3 3 3 3 2 2 3 3 2 3 3 3 3 3 3 4 2 3 3 3 3 2 3 2 4 3 3 2 2 3 3 4 3 3 4 3 3 3 3 4 2 2 3 4 3 3 2 3 4 2 3 2 4 4 3 2 3 3 3 3 3 3 3 3 3 3 3 3 3 3 4 3 3 3 3 3 4 4 1 2 3 3 3 3 2 3 4 3 3 3 3 3 3 3 2 3 1 3 3 3 4 3 3 3 3 3 3 3 3 2 3 3 3 3 3 3 3 3 4 3 2 3 3 3 3 3 3 3 4 3 3 3 2 3 3 2 2 3 3 3 2 3 3 3 3 3 3 3 3 3 3 3 3 3 3 3 3 4 2 1 3 3 2 3 3 3 3 3 3 3 3 3 1 3 2 3 3 3 3 3 3 2 3 3 4 3 4 3 3 2 3 3 3 3 3 3 3 3 3 3 3 3 3 3 3 3 2 2 3 3 3 3 4 3 2 3 3 3 2 3 2 2 2 3 3 3 2 4 2 3 3 3 3 4 2 3 3 3 3 2 3 3 3 3 3 3 3 2 3 3 4 3 3 3 3 3 2 3 2 3 2 3 1 2 3 3 2 3 3 2 3 4 4 2 3 3 4 3 3 2 3 2 3 2 3 3 3 3 2 3 3 3 3 3 4 3 2 1 3 3 3 1 3 3 3 3 3 2 3 3 3 3 2 3 3 3 3 3 3 3 3 3 3 3 2 3 2 3 3 3 3 3 3 3 2 2 3 3 3 3 2 3 3 3 3 3 3 3 3 3 3 3 3 3 2 1 2 3 3 3 4 3 3 3 3 3 3 3 3 2 3 3 3 2 3 2 4 3 3 3 3 3 0 3 3 3 3 3 3 3 3 3 2 3 3 3 4 3 3 4 3 4 3 3 3 3 3 3 2 2 
Vertex 473: 3 3 4 3 2 3 4 3 3 3 3 3 4 3 3 4 2 4 1 3 3 3 3 3 3 4 4 4 4 3 3 4 3 3 4 3 4 3 4 3 3 2 3 4 2 3 3 3 3 3 3 3 3 3 4 3 4 4 2 4 3 3 4 3 4 3 3 4 3 3 3 4 2 4 3 4 4 4 4 3 4 2 3 4 3 3 3 4 3 4 3 4 2 4 4 2 3 4 3 4 3 3 3 3 3 4 2 4 3 4 3 4 3 4 3 4 3 4 3 3 3 3 4 3 4 3 2 4 4 3 4 4 3 3 3 3 3 3 3 2 3 4 4 4 4 3 4 4 3 4 3 2 3 4 3 3 4 4 3 4 4 3 4 4 4 2 2 3 3 3 3 3 3 4 3 3 4 3 3 3 3 3 3 4 4 4 3 3 4 3 3 4 3 4 3 3 3 3 3 3 3 3 4 4 3 3 4 3 4 3 3 4 4 3 4 3 3 4 3 3 3 4 3 4 3 3 3 3 3 3 3 3 3 4 3 4 2 4 3 4 4 4 4 3 3 3 4 4 3 3 3 3 4 4 4 3 3 4 4 3 4 3 3 3 3 2 4 3 3 3 3 3 4 3 4 3 3 3 3 3 2 3 4 4 3 3 3 4 2 4 4 3 4 3 3 4 4 3 3 4 4 4 3 4 1 4 3 3 3 3 4 4 2 2 3 3 4 4 3 3 3 3 3 2 3 3 4 2 3 2 3 3 4 3 4 4 4 2 3 2 2 3 3 2 1 2 3 3 4 4 3 3 3 3 4 3 3 3 3 3 3 4 4 4 3 3 3 3 3 4 4 4 4 2 4 2 3 3 4 4 4 4 2 4 3 4 4 3 3 4 2 2 3 3 4 3 3 3 2 4 4 4 3 3 3 4 4 3 3 4 3 3 4 3 4 4 3 3 3 4 3 3 3 3 2 4 4 3 4 3 3 3 3 2 3 4 3 3 4 4 4 4 3 4 3 3 3 3 4 4 3 4 4 4 3 3 4 3 3 3 3 3 3 4 4 3 3 3 4 3 3 3 3 0 4 3 3 4 3 3 2 3 2 3 3 3 3 4 4 4 4 4 3 4 3 3 3 3 1 3 
Vertex 474: 3 3 3 2 2 3 3 4 3 4 3 4 2 3 3 3 3 3 4 3 3 4 2 3 4 3 1 3 3 2 3 4 3 3 3 3 4 4 3 3 3 4 3 3 3 4 2 3 3 3 4 2 4 3 3 4 2 3 4 3 2 2 3 2 3 3 3 4 3 3 3 3 4 3 4 1 3 3 3 3 4 3 3 4 3 4 3 2 3 3 3 4 3 3 2 4 3 3 4 3 4 3 3 4 3 3 3 3 3 2 4 3 3 3 3 2 4 3 2 3 3 4 4 3 3 3 4 3 3 4 3 3 3 3 4 3 3 3 3 3 4 3 4 3 3 3 4 3 4 3 4 3 3 4 3 4 3 3 3 3 2 3 3 2 3 4 3 3 3 2 3 3 4 4 3 4 3 3 3 3 3 4 4 4 3 4 2 4 2 3 4 2 3 3 4 3 4 3 3 4 4 3 3 3 3 3 3 2 3 3 4 2 3 3 3 2 3 3 4 4 3 4 3 2 3 3 3 4 3 2 3 3 2 2 3 2 4 3 4 3 4 4 2 2 2 3 4 3 3 3 3 3 3 3 2 3 3 3 3 3 2 3 3 3 2 3 3 3 4 4 3 3 3 3 2 3 3 3 3 3 4 3 3 2 3 3 3 3 3 3 3 4 1 3 3 4 4 3 3 4 3 4 3 2 4 2 3 3 3 3 4 2 4 3 2 3 3 3 3 2 4 3 3 4 3 3 3 4 2 3 4 4 3 4 3 3 3 3 3 3 3 3 3 3 3 3 3 3 4 3 3 3 4 3 3 3 3 3 3 3 4 4 3 3 3 3 2 3 3 3 3 3 2 3 4 3 3 3 3 3 4 4 2 3 4 3 3 3 2 4 3 3 3 3 4 4 3 3 3 2 3 2 3 3 3 4 4 1 4 2 2 3 3 2 4 3 4 1 3 2 3 2 3 4 3 3 3 4 4 3 1 4 3 4 3 3 3 3 4 3 3 3 3 3 3 4 3 2 3 3 3 3 4 3 3 3 3 2 3 3 4 4 3 3 3 3 3 3 4 3 3 2 3 4 0 3 4 3 3 3 4 4 3 4 4 3 3 4 3 3 4 4 4 3 3 3 4 3 3 3 
Vertex 475: 2 3 2 2 3 2 4 2 3 3 1 2 3 3 3 3 2 3 3 3 3 3 3 2 3 3 4 3 2 3 3 3 2 2 2 4 3 3 3 3 3 3 3 2 3 3 3 3 3 2 3 2 4 3 3 3 3 3 3 2 3 3 3 3 3 3 2 2 3 3 3 3 3 3 3 4 3 3 3 2 3 3 2 3 3 2 3 3 3 3 2 4 3 3 3 3 2 3 3 3 3 2 3 4 3 3 3 3 2 2 3 4 3 2 3 2 3 3 3 3 2 3 4 3 4 3 2 3 3 3 3 3 3 3 3 3 3 3 3 3 3 2 2 3 3 3 3 3 3 3 3 3 2 3 4 3 2 3 3 3 3 3 3 3 3 2 2 3 3 3 3 3 1 3 2 3 2 2 3 3 3 3 3 3 2 4 2 3 3 3 2 3 3 3 3 3 1 4 2 3 3 4 2 2 3 2 3 2 4 2 3 4 3 2 3 2 3 3 3 2 3 2 3 4 3 3 3 3 4 3 3 3 3 2 3 3 3 2 3 3 3 3 3 3 3 3 2 3 3 3 3 3 2 3 3 2 3 3 3 2 3 2 3 3 3 3 3 3 2 1 2 3 2 3 3 2 3 2 4 3 3 3 3 2 2 3 3 4 3 3 2 3 2 2 3 3 4 3 3 2 4 2 3 1 3 3 3 3 2 3 4 3 3 3 1 3 2 4 3 2 3 2 2 3 2 3 2 3 3 3 3 3 3 3 3 2 3 4 2 3 3 3 3 4 2 3 3 2 4 3 2 3 3 3 3 3 2 3 3 1 3 2 3 3 3 3 2 4 3 3 2 3 3 3 3 1 3 4 3 4 3 3 3 2 2 3 3 3 2 3 2 3 3 3 3 2 2 4 2 3 3 4 3 3 3 4 4 3 4 4 2 3 3 3 3 3 3 3 3 1 3 3 3 2 3 2 3 3 3 3 2 2 3 3 3 3 3 3 3 3 3 3 3 3 2 3 3 3 3 2 3 3 3 3 2 3 3 3 3 3 3 3 3 3 3 3 3 3 3 2 3 3 3 3 3 0 3 2 3 3 3 4 2 3 3 2 1 3 3 4 3 2 3 3 3 3 3 3 3 3 
Vertex 476: 3 2 2 3 3 3 4 3 2 3 3 2 3 3 3 3 3 3 3 3 4 3 3 3 3 3 3 3 4 3 3 2 3 3 3 4 3 3 1 3 3 2 3 2 3 4 4 2 3 4 2 3 4 3 3 2 3 3 3 2 3 3 3 2 4 2 3 2 3 2 3 3 2 2 3 4 2 3 3 3 3 3 3 3 3 3 3 3 2 3 3 3 3 3 3 3 3 2 3 4 3 3 1 3 4 2 2 3 3 4 1 3 3 3 3 4 4 3 3 3 3 4 3 3 3 4 1 3 2 3 3 1 3 3 3 3 3 3 3 3 3 3 3 4 3 1 3 2 3 4 3 3 3 3 4 2 3 3 4 3 4 3 3 2 3 4 2 3 2 2 3 3 3 3 3 3 3 2 3 3 3 3 2 3 3 3 3 2 4 4 2 3 3 3 3 3 4 3 4 3 3 3 3 3 3 3 3 2 4 3 4 3 3 3 2 3 4 3 3 3 1 3 3 2 2 3 4 2 4 4 3 3 4 3 3 2 3 3 3 3 3 2 3 3 3 2 3 4 3 3 3 2 2 3 3 2 2 3 3 2 3 3 2 3 3 3 3 3 2 3 4 3 3 3 3 3 3 4 3 2 3 3 3 3 2 3 3 3 3 3 3 3 3 1 3 3 2 3 3 4 2 3 3 3 2 3 3 3 3 3 4 3 4 3 3 3 3 4 2 2 2 3 2 3 3 3 4 3 3 3 3 2 4 3 3 3 3 3 4 4 3 3 4 3 3 2 3 2 3 3 2 2 2 2 4 2 3 3 3 3 3 3 3 3 3 3 3 3 3 3 4 3 3 3 4 3 3 3 3 3 3 2 3 3 2 3 3 3 3 3 3 3 3 2 2 3 3 2 3 3 4 4 3 3 3 4 3 3 3 2 3 3 3 3 3 3 3 4 2 3 4 4 3 3 2 2 3 2 3 3 3 3 3 3 4 3 4 3 3 3 3 3 3 3 3 3 3 3 3 3 2 3 4 3 3 4 3 3 2 2 2 3 3 4 2 4 2 3 3 2 3 3 3 3 4 3 0 3 3 3 2 3 3 1 3 3 2 3 4 3 3 3 3 3 4 3 3 4 3 3 
Vertex 477: 3 3 3 3 2 4 4 3 3 3 3 4 2 3 3 3 3 3 3 2 3 3 3 3 3 4 4 3 3 3 4 4 3 3 3 3 3 4 3 3 2 3 2 3 2 3 3 3 4 3 3 3 3 3 3 3 3 3 2 3 3 1 3 3 2 3 3 2 2 3 3 4 3 3 3 3 3 4 3 2 3 4 2 2 3 3 3 3 3 3 2 4 2 3 3 4 2 3 3 4 3 3 3 4 3 3 4 4 3 3 4 3 4 3 3 3 3 3 3 3 3 3 3 3 4 3 3 3 2 3 3 2 4 3 3 3 3 2 3 3 2 2 2 3 3 3 2 4 3 3 3 2 3 1 3 3 3 3 3 3 3 2 3 2 2 3 3 3 3 2 4 2 1 3 3 3 3 3 3 3 2 4 3 1 3 3 3 3 4 3 3 3 2 2 3 2 3 3 3 3 4 3 3 4 3 4 2 3 4 4 3 4 3 3 2 3 3 3 4 4 3 3 3 3 3 3 3 4 3 3 3 3 3 3 4 1 4 3 3 3 3 3 3 2 3 3 4 2 3 4 3 3 4 3 3 3 3 3 4 3 3 3 3 2 3 3 3 3 4 3 2 3 2 2 3 4 3 3 3 3 4 3 4 4 3 3 3 3 3 3 2 3 3 4 3 3 2 3 2 3 3 3 3 3 3 4 3 4 3 3 3 3 3 3 3 3 3 4 2 2 3 2 4 4 4 1 3 3 3 4 4 3 4 3 3 3 3 4 3 3 3 3 3 4 3 3 3 2 2 4 2 3 3 2 3 4 3 3 4 3 3 3 2 2 2 3 4 3 3 3 3 3 3 4 4 3 2 3 3 3 3 3 3 2 4 4 3 4 3 4 2 3 3 3 3 4 4 3 2 3 4 3 3 3 3 3 4 2 3 3 3 1 3 3 3 3 3 3 2 3 3 3 3 3 3 2 3 4 3 3 2 3 3 2 3 2 4 3 4 2 3 3 2 3 2 3 3 3 3 4 3 3 3 3 2 4 3 2 3 3 3 3 3 3 3 3 1 3 4 3 2 3 3 4 3 2 3 0 3 3 4 3 3 2 3 3 3 3 3 4 3 4 3 3 4 3 3 3 3 3 
Vertex 478: 2 1 3 3 3 2 3 3 3 3 2 2 3 2 2 3 2 3 4 2 3 4 3 2 3 3 3 3 3 3 2 3 3 2 3 3 3 3 2 2 3 2 3 3 3 3 1 2 2 3 2 2 3 3 3 4 2 2 2 3 2 3 2 3 3 1 2 3 1 3 3 2 3 3 1 3 3 2 2 3 2 3 3 2 4 2 2 3 2 1 3 1 2 3 3 3 2 2 3 2 3 2 3 3 3 3 3 2 3 3 2 3 3 3 3 3 3 3 3 3 3 2 3 3 4 3 3 2 3 3 2 3 3 2 3 3 2 3 3 3 2 2 2 3 3 3 3 3 3 2 3 4 3 2 3 4 3 2 3 2 2 3 3 2 3 3 3 3 3 3 3 3 3 3 2 3 3 2 3 3 2 3 3 3 2 3 3 2 4 3 3 3 3 3 1 3 3 2 3 2 3 3 2 3 3 3 2 3 3 2 3 3 3 3 3 2 2 2 4 3 3 4 4 3 3 3 3 3 3 2 3 2 3 3 3 2 3 1 2 3 3 4 3 3 2 4 2 2 3 3 2 3 3 3 1 3 3 3 3 3 3 3 3 3 2 3 3 2 1 3 2 3 3 3 2 3 3 3 3 2 3 3 3 3 2 2 3 2 2 3 2 3 3 3 3 3 3 2 2 3 3 3 3 2 2 2 3 3 3 2 3 3 3 4 3 2 3 3 3 2 2 3 3 3 3 3 2 1 2 3 3 3 3 3 2 1 3 2 3 3 3 2 3 3 3 3 3 1 1 1 3 2 3 2 2 3 2 3 3 3 2 2 2 3 3 2 3 4 2 2 3 3 2 3 3 2 2 3 2 2 2 3 3 2 3 3 2 3 3 3 3 3 3 3 3 2 3 2 3 3 3 3 3 3 3 3 3 3 3 2 3 3 3 3 3 3 3 2 3 3 2 3 2 3 3 2 3 2 3 3 2 3 2 3 3 3 3 3 2 3 3 2 3 2 3 2 2 3 1 3 3 3 3 3 3 3 2 3 3 3 2 2 3 2 2 3 2 3 2 3 3 3 3 3 3 3 3 3 0 3 4 2 2 3 3 3 3 2 3 3 3 4 3 3 2 3 3 2 3 2 
Vertex 479: 3 2 4 3 3 2 4 3 2 4 4 4 3 3 4 3 3 3 3 3 2 2 2 3 3 4 3 2 3 3 3 3 3 3 3 1 3 3 2 2 3 3 3 2 3 3 4 3 4 3 3 1 3 4 3 4 3 3 3 3 3 4 3 2 3 3 3 4 4 3 3 3 3 4 4 3 3 4 2 3 2 3 3 3 2 3 3 3 4 3 3 3 3 3 4 3 3 4 4 3 3 2 3 3 2 3 3 3 4 3 3 3 3 3 2 3 2 3 3 2 3 3 2 3 3 3 3 3 3 3 3 4 2 3 3 3 2 3 3 3 3 3 3 3 3 3 3 4 3 3 3 2 3 4 3 4 2 3 2 3 4 3 3 3 3 3 3 3 2 3 3 3 4 3 3 3 3 3 2 3 4 3 3 4 3 4 3 2 4 2 4 3 3 3 3 3 4 2 3 3 3 3 4 3 3 3 4 1 3 3 3 4 2 2 3 3 3 4 4 4 3 2 4 3 3 2 2 3 3 2 3 2 3 2 4 3 3 3 3 3 4 3 2 2 3 3 3 3 3 4 4 3 3 3 4 3 4 4 3 3 4 4 2 3 3 2 3 2 3 3 4 2 3 3 3 3 2 4 3 3 3 3 1 2 3 4 3 3 3 3 2 3 3 4 2 3 3 3 3 4 3 4 2 3 4 3 3 2 3 3 3 3 3 3 3 3 3 4 3 3 4 3 3 4 4 2 3 3 3 3 3 3 4 2 3 4 2 3 3 3 2 4 2 4 3 3 2 3 3 3 4 3 4 4 3 3 4 3 4 3 4 3 3 3 3 3 4 4 3 3 3 3 3 1 4 2 1 3 3 3 3 3 3 3 4 3 2 4 3 4 3 3 4 3 3 3 3 3 3 3 3 3 3 3 2 4 3 2 4 3 3 3 3 3 3 4 3 3 3 2 4 4 3 4 2 3 3 3 2 4 3 3 2 3 3 3 3 3 4 3 3 3 3 2 4 4 3 3 2 3 4 3 3 3 3 3 3 3 3 3 3 3 2 3 2 3 3 3 3 3 3 3 3 3 3 3 3 3 3 0 4 3 3 4 3 3 3 4 3 4 4 3 2 3 2 4 4 3 3 3 
Vertex 480: 3 3 2 4 2 3 2 4 2 3 3 4 4 3 2 3 3 3 1 3 3 3 3 3 4 3 3 4 3 3 4 3 4 3 3 3 3 3 3 2 2 3 3 3 3 3 4 3 3 2 3 3 4 1 2 3 3 3 3 2 3 3 2 4 3 3 4 2 4 2 3 3 3 3 4 4 4 3 3 3 4 3 3 3 3 2 3 3 3 4 4 4 3 3 3 3 4 2 4 4 4 3 3 3 3 3 4 2 3 3 2 3 2 3 4 3 4 3 3 3 3 3 4 3 3 4 3 3 3 4 3 3 3 2 3 3 3 2 3 3 3 4 4 3 3 1 4 3 4 4 3 2 2 4 3 3 3 4 2 3 3 4 3 3 3 4 2 3 2 3 3 3 3 3 3 3 3 3 3 3 3 3 4 3 2 4 2 2 3 3 4 4 3 3 3 4 3 3 3 3 3 4 4 3 3 2 2 4 3 4 4 3 3 3 3 3 3 4 1 4 3 2 3 2 1 3 4 2 3 3 3 4 3 4 4 3 3 4 4 3 3 3 3 3 4 2 4 4 3 4 3 2 2 3 3 3 3 4 2 3 4 2 2 3 3 3 3 3 3 2 2 3 3 3 3 3 3 3 3 3 2 3 4 3 3 3 3 3 4 4 3 3 3 3 3 3 3 3 3 3 2 3 2 3 3 3 3 3 3 3 4 3 3 2 3 3 3 4 3 3 4 3 3 2 3 4 4 4 3 3 3 3 2 3 4 3 3 4 3 4 2 4 4 3 3 3 3 3 4 3 2 3 4 3 4 3 3 3 4 3 3 4 3 3 3 3 3 3 3 3 4 3 2 3 4 4 4 3 3 4 3 4 3 3 3 3 4 3 3 3 2 3 3 3 3 3 4 3 4 3 4 3 3 4 3 4 3 4 4 2 3 3 3 3 2 3 3 4 4 3 3 4 3 4 2 2 3 3 3 2 3 1 3 3 3 3 3 3 3 3 3 3 3 3 3 3 3 4 3 3 2 3 3 3 3 3 4 3 3 3 3 4 3 4 3 3 4 2 4 3 4 3 3 2 4 3 2 4 4 4 0 3 3 3 3 3 3 3 3 4 4 2 4 2 3 3 3 3 3 2 
Vertex 481: 3 3 2 4 3 3 3 3 3 3 3 2 3 3 3 2 3 3 4 3 2 3 2 3 2 2 4 4 4 3 3 3 3 3 4 3 2 3 3 2 3 3 3 3 3 3 3 2 2 3 3 3 3 3 2 3 3 3 3 3 3 3 3 2 3 3 3 4 3 4 4 3 3 3 3 3 3 3 3 3 1 1 2 3 4 2 3 3 3 2 3 2 4 3 2 3 3 1 3 3 3 3 3 3 3 3 3 3 3 3 3 3 2 3 3 3 3 3 3 3 3 3 3 3 3 2 2 2 4 3 3 2 3 3 4 3 1 3 3 2 3 3 3 3 4 3 3 3 3 3 2 3 3 3 4 3 3 2 3 3 4 3 4 3 3 3 3 4 3 3 3 2 3 3 2 3 3 3 3 3 3 3 3 4 3 2 2 3 3 3 3 3 3 4 3 3 3 3 3 3 2 1 2 3 3 3 3 2 3 2 4 3 3 3 3 3 3 4 3 3 3 4 3 3 2 2 3 2 3 3 3 3 3 4 4 2 3 2 2 3 2 3 3 4 3 3 3 2 4 3 3 3 2 3 2 3 3 2 2 4 4 3 3 3 3 3 4 3 3 3 3 3 2 3 3 3 3 2 3 2 3 3 2 3 3 3 3 3 3 3 4 3 4 2 2 4 4 3 3 3 4 3 2 3 3 3 2 3 2 3 3 3 3 4 3 3 4 3 3 2 3 3 3 3 3 3 2 3 2 3 4 3 2 3 3 3 3 2 3 3 3 4 3 3 4 3 4 3 3 3 3 3 2 1 3 3 2 3 4 3 4 3 3 3 4 2 3 4 3 3 3 3 3 3 3 3 3 2 3 2 3 3 2 3 3 3 3 3 3 3 3 3 3 3 3 3 4 3 3 3 4 4 3 3 4 3 3 3 2 3 4 3 3 3 3 3 3 3 4 3 3 3 3 4 3 3 2 3 3 3 3 3 3 3 4 4 3 2 4 3 3 3 3 3 3 3 2 2 2 3 3 3 2 3 4 3 3 3 2 3 1 3 3 4 2 2 4 3 3 3 3 2 3 3 4 4 3 3 2 3 3 0 3 4 3 2 3 3 3 4 3 3 3 3 3 3 3 4 2 2 
Vertex 482: 3 3 2 2 1 2 3 3 3 3 3 3 3 3 2 3 3 3 3 2 3 3 3 3 3 3 3 3 2 3 3 3 3 2 2 2 3 3 3 3 3 2 3 3 2 3 3 2 3 2 3 3 3 2 3 2 2 3 2 2 2 2 3 3 2 3 3 3 1 2 2 2 3 3 3 2 3 3 2 3 3 2 1 3 2 3 3 3 2 3 2 3 3 3 3 3 3 3 2 4 1 3 3 3 1 4 3 3 3 3 3 2 1 3 3 2 3 2 3 3 3 4 3 2 3 3 3 3 3 4 2 2 3 2 3 3 3 3 3 3 3 3 2 3 2 2 2 3 2 2 3 3 1 2 3 3 3 3 3 3 2 3 2 3 3 2 2 3 3 2 3 3 2 2 3 3 3 2 3 3 3 2 3 4 2 3 3 3 2 3 3 2 3 3 3 3 3 3 4 3 3 3 2 2 3 3 2 2 2 3 3 3 2 1 3 2 3 3 2 3 3 3 3 2 3 2 3 3 4 3 1 1 2 2 3 2 3 3 3 3 4 3 3 1 3 3 3 3 2 3 2 1 3 3 3 2 4 2 3 3 3 3 2 2 3 3 2 2 3 3 3 3 3 3 2 3 3 3 3 2 2 3 2 2 2 2 3 2 3 3 3 2 2 3 2 3 3 3 3 3 3 3 3 3 3 2 2 3 2 3 3 3 2 3 1 2 2 3 3 2 2 3 3 3 3 2 3 3 3 3 3 3 3 2 3 3 2 3 2 2 3 4 2 3 1 3 2 3 3 2 2 3 3 3 3 3 3 3 3 2 3 2 4 2 3 3 3 3 2 3 3 3 3 3 2 2 3 3 3 2 3 2 3 2 3 2 2 3 3 2 3 3 3 2 3 3 3 4 3 3 3 2 2 4 3 3 3 3 3 3 3 3 3 3 3 2 3 3 3 3 3 3 3 3 3 3 3 3 2 3 2 3 2 2 3 2 2 3 3 3 2 3 3 2 3 3 2 3 3 2 2 3 2 3 3 3 3 3 2 2 2 2 3 3 2 2 3 3 3 2 3 3 2 2 3 2 3 3 2 3 3 3 0 3 1 3 3 2 3 2 2 2 3 3 3 3 2 2 2 2 
Vertex 483: 3 3 2 3 3 3 3 3 3 3 3 3 3 3 3 3 3 4 4 2 4 3 3 4 3 3 4 3 3 3 3 3 2 3 3 3 4 4 2 3 2 3 2 3 3 3 3 3 3 3 1 4 4 2 3 3 3 3 2 3 2 3 3 3 3 3 4 3 2 2 3 3 3 3 3 3 2 4 3 3 3 3 3 3 3 4 3 3 3 3 2 4 3 4 3 3 4 3 3 4 3 3 2 4 3 3 3 3 3 3 2 3 3 3 3 3 3 3 2 4 3 3 2 3 3 4 2 3 3 3 3 2 3 3 4 3 3 2 3 3 3 3 3 3 2 2 3 3 4 3 3 3 3 3 3 3 3 4 3 3 4 3 2 2 4 3 3 4 2 3 3 2 3 4 3 2 3 3 3 3 3 4 3 2 2 4 3 3 3 4 3 3 3 3 2 3 3 3 3 3 4 4 3 3 3 3 3 3 4 3 3 4 3 3 1 3 3 3 3 4 2 4 2 3 3 3 3 3 4 3 3 3 4 3 3 3 3 2 2 3 3 3 3 3 3 2 4 3 3 4 3 3 3 3 4 3 2 3 3 3 4 3 2 2 4 2 2 2 3 4 4 3 3 3 3 4 3 3 4 3 3 3 3 4 3 3 2 3 2 3 2 4 3 2 3 4 1 3 3 3 2 3 4 3 3 4 3 3 3 3 3 3 3 3 3 3 3 4 1 2 1 3 3 4 3 2 4 3 2 3 3 3 4 3 2 4 2 3 3 3 3 2 3 3 3 3 3 2 3 3 3 3 3 3 3 3 3 2 4 3 2 3 3 3 2 3 3 3 3 3 3 2 3 3 3 3 3 3 3 4 3 3 3 3 3 3 3 3 3 3 3 2 3 3 2 3 3 3 3 3 3 4 4 2 2 3 3 3 3 3 3 2 3 4 3 2 2 3 3 3 3 4 3 3 3 1 4 3 2 2 3 4 3 3 3 3 4 3 4 2 2 2 4 3 2 4 3 4 3 4 3 3 3 4 3 3 3 3 3 3 3 4 3 3 3 3 1 3 3 2 3 3 3 3 4 3 1 2 3 4 3 4 3 0 3 3 3 3 4 2 3 3 3 3 3 2 3 3 2 3 
Vertex 484: 3 4 3 2 2 2 3 3 3 2 3 3 3 3 2 3 3 3 3 3 3 3 3 2 3 3 3 2 2 3 3 2 3 2 2 3 3 3 3 3 3 2 3 3 3 3 3 1 2 3 3 3 3 3 3 3 3 3 3 2 3 3 2 3 2 2 3 3 2 3 3 3 3 3 3 3 3 3 2 3 3 3 2 3 1 3 3 3 2 3 2 3 2 4 3 2 3 2 1 4 2 3 3 3 2 3 2 3 3 3 4 3 2 3 3 3 4 2 3 3 2 4 3 3 3 3 3 3 3 4 3 2 3 3 3 3 3 2 3 2 3 3 3 3 3 3 3 3 2 3 3 3 1 3 4 3 2 3 3 3 3 3 3 3 2 3 2 3 3 2 3 3 3 3 3 3 3 2 2 2 3 3 3 3 3 4 3 3 3 4 3 3 2 3 3 3 4 3 3 3 3 3 3 3 3 3 1 3 3 2 2 4 2 2 2 3 2 3 2 3 3 3 3 2 3 3 3 3 3 3 2 2 2 2 2 3 3 3 3 3 3 3 3 2 3 3 4 3 3 2 3 2 2 3 3 3 3 3 3 2 3 3 3 2 3 3 1 1 3 3 3 2 4 3 2 2 3 3 3 2 2 2 2 2 3 2 2 3 4 3 3 2 3 3 3 3 2 2 3 3 3 3 2 3 3 2 3 3 3 3 4 3 1 3 2 3 3 4 3 2 3 4 3 3 3 3 3 3 3 3 3 3 3 2 2 2 2 3 2 3 3 3 3 3 2 4 3 3 3 2 3 2 3 3 3 3 3 3 2 2 3 3 3 2 3 3 2 2 2 3 3 3 3 2 2 3 3 2 3 3 3 2 3 3 4 1 3 3 3 2 4 2 3 2 3 3 3 4 3 3 4 3 3 3 3 2 3 3 4 2 2 2 3 3 3 3 2 3 4 3 2 3 3 3 3 3 3 3 2 2 3 2 3 2 3 3 2 2 3 2 2 3 2 3 4 3 3 3 4 3 3 3 3 4 3 3 3 3 2 3 3 3 3 2 3 2 3 2 3 3 2 3 3 3 4 3 3 3 3 3 3 3 1 3 0 3 3 3 3 3 3 3 3 3 3 3 3 2 3 2 
Vertex 485: 3 2 3 2 3 2 3 3 2 3 2 2 3 1 3 3 3 4 3 1 3 2 3 2 3 3 3 3 3 2 1 2 2 2 2 2 3 2 3 3 2 3 3 3 3 3 3 2 3 3 3 3 3 4 3 2 3 3 3 2 2 3 3 3 3 3 3 3 2 3 2 2 2 4 2 4 3 2 3 3 3 3 2 1 2 2 3 3 3 3 3 3 3 3 2 3 4 3 3 3 3 3 3 3 3 4 2 2 2 2 3 2 2 3 2 3 3 3 3 3 3 2 3 3 3 3 2 3 3 2 3 2 3 3 2 2 2 3 1 2 3 3 2 2 3 3 3 2 2 3 3 2 3 3 3 1 3 3 3 3 3 3 3 3 2 2 3 2 3 3 2 3 3 3 2 2 3 3 2 1 3 2 2 3 3 3 3 2 3 3 2 3 3 2 2 3 1 3 3 3 3 3 3 2 3 3 2 3 3 2 2 3 3 3 2 2 4 3 3 3 2 3 2 2 2 2 3 3 3 3 3 3 3 3 2 3 2 2 3 3 3 3 3 3 3 3 2 3 2 2 3 2 2 2 3 2 2 2 3 3 3 2 3 3 3 3 2 3 3 3 3 2 2 3 3 3 3 3 3 3 1 2 3 3 2 2 3 2 2 3 2 2 3 2 3 4 2 1 3 2 3 2 2 3 2 2 2 3 3 3 3 2 2 2 3 2 3 3 2 3 3 3 1 3 3 3 3 3 3 3 2 2 3 3 2 3 1 3 3 3 2 3 3 2 3 3 2 3 3 3 3 3 3 3 3 2 2 3 2 3 3 3 3 3 3 3 1 2 3 3 2 2 3 3 3 2 3 3 2 2 3 3 3 2 3 3 2 3 3 2 3 3 2 2 1 3 3 3 1 3 3 3 3 2 3 3 3 3 2 2 3 2 3 2 3 3 3 2 3 3 3 3 3 2 2 3 3 3 2 3 3 3 2 3 3 2 2 3 2 3 2 2 2 3 3 3 3 1 2 4 3 2 2 2 3 3 3 3 3 3 1 3 3 3 2 3 3 4 2 2 3 3 3 3 3 2 3 3 3 3 3 2 3 3 3 0 3 3 3 4 3 2 3 3 3 3 3 2 2 3 
Vertex 486: 3 3 3 3 3 3 4 3 3 3 2 3 3 4 3 3 3 3 3 2 3 3 3 1 3 2 3 4 3 3 3 2 3 3 2 3 3 3 3 3 3 3 3 3 3 4 3 3 4 2 3 3 4 3 3 2 2 3 3 3 3 4 2 4 4 2 3 3 2 3 3 3 3 3 3 4 3 3 3 3 4 3 3 2 3 3 3 4 2 3 3 3 2 3 3 4 3 3 3 4 3 1 2 3 3 4 2 3 3 3 3 3 3 3 3 3 4 3 3 4 3 3 3 4 4 3 1 2 3 4 3 3 3 3 2 3 3 3 3 3 2 3 3 3 3 3 4 2 2 3 3 3 3 3 4 2 3 3 4 3 3 4 2 3 4 3 3 4 4 2 4 3 2 3 3 3 3 3 4 3 3 3 2 3 3 3 3 2 3 4 1 3 3 2 3 3 2 3 3 3 3 3 3 3 4 3 3 3 3 3 4 3 3 2 3 1 3 3 2 3 3 1 3 3 3 3 3 2 4 2 3 4 3 3 3 3 2 3 2 2 4 3 3 3 3 4 3 3 3 3 3 2 2 3 3 2 2 2 2 3 3 1 3 2 2 3 3 3 3 2 3 3 3 3 3 3 3 3 3 2 3 3 3 3 2 3 3 3 2 3 3 3 3 1 3 4 3 3 3 3 3 3 3 2 2 2 3 3 2 3 4 3 3 3 2 3 3 4 3 3 2 3 3 3 3 3 3 2 3 3 4 3 3 3 2 3 3 3 3 2 3 3 3 4 3 3 3 3 3 3 3 3 3 2 3 3 3 3 2 2 3 1 4 3 3 3 2 3 2 3 3 3 3 2 4 2 4 3 3 3 3 3 3 3 2 3 4 4 3 3 3 3 3 2 2 3 3 3 3 3 4 3 3 4 3 3 4 2 3 4 3 3 3 3 3 2 4 2 3 2 3 4 4 3 3 3 3 2 3 3 3 3 3 3 3 3 3 3 4 3 3 3 3 3 2 3 3 3 3 3 2 3 3 3 3 2 3 3 3 3 2 3 3 4 3 3 3 3 3 2 3 3 4 3 3 1 2 3 3 3 3 3 3 3 3 3 0 3 3 3 3 3 3 4 3 4 4 3 3 3 
Vertex 487: 4 3 3 3 3 2 3 2 3 3 3 2 4 3 3 3 3 3 3 3 3 3 3 2 1 3 3 3 3 3 3 2 2 2 3 3 3 3 3 3 3 2 2 4 3 3 3 2 3 3 3 3 3 4 3 2 3 3 2 3 2 3 3 3 4 3 4 2 3 3 2 3 3 3 2 4 3 4 2 3 4 3 3 3 3 3 3 3 3 1 3 3 3 3 2 3 3 3 3 4 3 2 2 3 3 3 3 3 3 2 3 3 3 1 3 3 3 3 2 3 3 3 3 3 4 3 3 3 3 4 4 3 3 2 2 4 3 3 2 4 3 2 2 4 4 2 3 3 4 3 3 3 3 3 3 3 2 3 2 3 4 3 2 3 4 2 2 2 3 3 3 3 3 3 3 3 4 3 3 2 2 1 2 3 3 3 3 2 3 3 4 3 3 3 3 3 3 3 4 3 3 3 3 4 3 4 3 3 3 3 3 3 3 2 2 2 2 3 3 4 3 4 3 3 3 3 4 3 4 2 2 3 4 3 3 3 3 3 2 4 3 2 3 3 3 3 4 3 3 3 3 1 2 3 3 1 3 3 3 3 4 2 3 1 3 3 2 3 3 2 4 3 2 3 3 3 3 3 3 3 3 2 3 3 3 2 3 3 2 2 3 2 3 3 2 3 3 3 3 3 3 3 3 3 3 3 3 2 3 3 3 3 2 3 3 3 2 1 2 2 3 3 2 3 3 3 3 3 3 3 2 2 3 3 1 3 2 3 3 3 3 3 3 4 3 2 3 3 3 3 3 3 3 2 3 3 3 3 2 4 2 3 4 3 3 3 3 3 3 3 3 3 4 3 3 3 4 3 3 3 3 3 2 3 3 3 4 2 3 2 3 3 2 3 3 3 2 3 3 3 3 3 2 4 3 3 3 3 3 3 3 3 3 3 4 2 3 3 3 3 3 3 2 3 4 3 3 4 3 3 3 3 3 2 3 2 3 3 4 3 2 4 3 2 3 3 3 3 3 4 3 3 3 3 3 2 3 4 3 3 3 3 3 4 2 3 2 4 3 3 3 4 3 4 4 3 3 3 2 4 3 3 2 3 3 3 3 0 4 3 4 3 3 3 3 3 3 3 3 3 
Vertex 488: 4 3 3 3 3 2 3 3 3 3 3 3 3 2 3 3 3 3 4 3 3 2 3 3 4 2 3 3 4 2 4 4 2 3 3 3 3 3 3 3 3 2 3 4 4 4 3 3 3 1 3 2 3 2 2 3 1 4 4 2 3 3 4 4 3 3 4 4 2 3 4 3 3 3 3 3 3 3 2 2 2 3 3 3 3 3 4 3 4 3 4 4 3 4 3 3 3 3 4 3 4 4 4 4 2 4 2 2 2 4 3 3 2 3 4 1 2 4 3 3 3 4 3 4 3 4 3 3 4 4 3 3 3 3 3 3 3 4 3 2 3 3 4 2 3 3 3 3 3 2 1 3 4 3 4 3 3 3 3 4 3 3 3 4 4 3 3 4 3 3 3 2 3 2 3 3 3 3 3 3 3 3 3 3 3 4 2 3 3 3 3 3 4 2 3 3 3 3 3 3 4 3 4 3 3 2 3 3 3 4 3 3 4 3 4 3 2 3 3 2 3 4 3 4 3 2 4 4 4 2 4 3 3 3 3 3 3 3 4 3 4 3 4 4 3 2 3 2 4 3 3 3 2 2 3 3 4 4 3 3 3 2 3 3 3 3 4 3 4 3 2 3 4 3 4 2 3 3 4 3 3 3 3 1 3 3 3 3 3 2 2 3 2 3 3 3 3 3 3 3 2 3 2 3 3 3 3 3 3 3 4 3 3 3 2 3 3 3 3 3 3 4 3 3 3 3 3 4 3 3 3 3 2 3 3 3 3 3 3 3 3 3 3 4 4 3 3 4 4 3 4 4 3 3 3 2 2 3 4 3 3 3 1 3 4 3 3 3 3 3 3 3 3 3 3 3 3 4 3 3 4 4 4 3 4 2 3 3 3 4 3 3 2 4 3 4 3 3 4 2 4 4 4 4 3 3 4 3 3 3 3 2 2 3 4 3 4 2 4 4 3 3 3 3 3 3 3 4 3 3 2 3 3 3 3 3 4 3 3 3 3 3 4 4 3 3 3 3 2 3 3 3 3 3 4 2 4 3 3 3 3 4 3 3 4 3 3 3 3 3 2 2 3 4 3 3 4 3 3 3 3 3 3 4 3 3 3 4 0 4 3 3 3 3 2 3 4 4 4 3 
Vertex 489: 4 4 3 4 3 3 4 3 3 1 3 4 3 4 3 3 3 3 3 3 3 4 4 4 2 4 3 4 4 3 4 3 3 4 4 4 4 4 4 3 3 4 2 3 2 3 3 4 3 4 3 3 4 3 2 3 3 3 2 3 3 4 4 2 2 4 3 3 2 3 2 3 3 3 3 4 3 4 4 4 3 4 3 3 3 3 3 4 3 4 3 4 3 4 3 3 3 4 4 4 1 3 3 4 3 4 2 4 3 3 4 2 3 4 4 4 4 4 4 3 4 4 4 4 1 4 2 3 4 3 2 3 4 4 3 4 4 3 4 3 3 3 2 4 2 4 3 3 4 3 3 3 3 3 4 3 4 4 4 4 4 3 3 3 4 4 2 4 4 3 3 4 3 4 3 3 4 3 3 3 3 3 3 4 4 4 3 3 4 4 3 2 3 4 3 3 4 4 4 3 4 3 3 4 3 3 3 3 3 3 4 4 4 3 3 3 4 4 4 2 3 4 3 2 3 3 4 4 4 3 3 3 4 3 3 3 4 4 3 4 3 4 3 3 4 3 5 3 4 3 3 3 4 2 3 3 3 3 3 3 3 3 3 4 4 4 2 3 3 4 4 4 4 3 3 3 3 3 4 4 4 3 3 4 3 4 3 4 2 3 4 4 3 3 3 4 3 4 3 4 4 4 3 4 3 4 3 3 3 3 3 3 4 3 3 3 3 3 3 3 1 3 3 3 4 4 3 3 3 3 3 4 4 4 3 4 3 4 2 4 3 4 2 4 3 3 3 3 4 3 3 3 3 3 3 4 3 3 4 3 2 3 3 4 4 4 4 3 3 3 3 2 3 3 3 3 4 4 3 2 3 4 3 4 3 4 4 3 2 4 4 3 3 2 3 3 3 3 4 3 4 3 4 4 3 3 4 2 3 3 3 4 4 3 3 3 4 4 3 4 3 4 4 3 2 3 3 4 4 3 3 4 4 4 3 4 3 3 4 2 4 3 4 3 3 4 3 4 3 4 3 4 3 4 3 3 4 3 3 3 3 2 4 3 3 4 3 3 3 2 3 3 4 4 3 4 3 4 3 4 4 4 2 2 3 4 3 3 4 0 3 3 3 4 4 4 3 3 3 3 
Vertex 490: 3 3 3 3 3 3 4 2 3 4 3 3 3 3 3 2 4 4 3 3 3 4 3 3 3 3 3 3 3 2 3 3 3 3 2 3 3 3 4 3 3 3 3 4 2 3 3 3 4 3 3 4 4 3 3 3 3 3 3 3 2 3 3 3 3 3 3 3 3 3 3 3 3 3 2 3 3 4 3 3 4 3 1 3 4 3 3 3 3 3 3 3 3 4 3 3 3 3 3 3 2 4 3 3 3 2 3 3 4 3 4 3 3 3 3 2 3 3 4 4 3 3 2 3 4 4 2 4 2 2 3 2 4 3 4 2 3 3 4 3 4 3 3 3 3 4 2 4 3 3 3 3 2 2 3 3 3 3 4 3 4 4 3 3 3 3 3 3 4 3 3 4 2 4 3 4 3 3 3 3 3 4 3 3 2 3 3 3 3 3 2 3 3 1 3 3 4 3 3 3 4 3 3 3 3 4 3 4 3 2 4 4 2 3 3 3 3 4 3 3 3 3 3 3 3 3 4 3 4 2 3 3 3 3 3 3 3 3 3 3 3 3 3 3 3 3 4 2 4 2 3 3 3 4 4 4 3 2 3 3 2 4 3 3 3 3 4 2 4 3 3 3 3 3 3 4 3 3 4 3 3 4 4 3 1 3 3 3 3 3 3 3 3 3 3 3 4 2 4 2 4 2 3 3 3 3 3 4 3 2 3 3 3 2 2 2 3 4 3 2 2 3 3 3 4 2 3 4 3 2 4 2 4 3 3 3 2 4 3 3 2 2 3 4 3 3 4 3 3 3 3 3 3 2 3 3 3 3 3 3 4 3 3 2 1 3 2 4 3 3 3 3 3 3 4 3 3 3 3 3 3 2 3 3 3 3 3 3 3 3 3 4 3 1 3 4 4 3 3 3 3 4 4 4 2 3 4 3 3 4 3 3 3 3 2 2 3 3 3 3 3 4 3 4 3 3 4 4 3 2 3 4 3 3 3 3 3 4 4 3 3 3 4 4 2 4 3 2 3 3 3 2 3 4 3 4 3 4 3 3 2 3 3 3 3 3 2 3 3 2 3 3 3 4 4 3 3 3 3 4 4 3 2 3 3 3 3 4 3 3 0 3 3 3 3 3 4 3 4 3 
Vertex 491: 3 3 3 3 3 3 4 3 2 4 3 3 2 3 3 4 3 3 3 2 4 4 3 3 4 3 3 3 1 2 3 3 2 3 3 2 2 3 3 2 2 3 2 3 3 3 3 2 3 3 2 3 4 3 3 3 4 3 3 3 3 3 2 3 3 3 3 3 3 3 1 3 3 3 3 4 3 3 2 3 3 2 3 2 3 2 3 2 3 3 4 3 3 1 3 3 4 2 4 4 2 3 3 3 3 4 3 2 3 3 2 3 1 2 3 3 3 3 3 3 3 3 3 3 2 3 3 4 3 3 3 3 3 2 3 3 3 2 3 3 3 3 3 3 3 3 4 3 3 3 3 3 2 3 4 3 3 3 3 3 4 3 3 3 4 3 3 3 3 2 2 3 3 3 3 2 3 2 3 3 3 2 3 3 3 4 3 2 2 3 3 3 3 4 3 4 1 3 3 3 3 4 3 2 3 3 3 3 2 3 2 3 3 2 2 3 3 3 2 4 3 4 3 2 1 3 3 4 3 3 3 3 3 3 3 3 3 3 3 3 3 2 3 3 4 3 2 4 3 4 4 2 2 1 3 3 3 3 2 3 3 3 3 3 3 3 3 2 3 3 4 3 3 3 3 3 3 4 3 3 2 3 3 2 3 3 3 2 3 3 3 2 3 3 2 3 2 3 3 3 3 4 2 2 3 3 3 3 2 3 3 4 3 3 3 3 3 2 3 3 3 2 3 4 3 3 3 3 3 4 2 3 3 3 4 3 1 3 3 4 2 3 2 3 3 3 3 3 4 3 2 3 3 3 4 2 3 3 3 3 3 3 2 3 4 3 3 3 2 3 3 3 2 3 2 3 4 3 2 3 3 3 3 2 2 3 3 3 4 3 4 3 3 2 3 3 4 2 2 2 4 4 3 3 3 3 3 3 3 3 2 3 4 3 2 3 3 3 3 3 3 4 3 2 3 2 3 4 1 3 3 3 3 3 3 3 3 3 4 3 4 3 3 3 3 3 2 3 3 3 2 3 2 3 3 4 4 4 2 3 3 4 3 3 3 4 3 3 2 2 4 3 4 4 4 2 3 4 4 3 2 3 2 3 3 2 3 3 3 3 3 0 3 2 3 3 4 3 3 2 
Vertex 492: 3 3 3 2 2 2 3 4 3 4 3 3 3 3 3 3 3 3 3 3 3 3 2 3 3 2 4 3 3 2 4 3 3 2 3 3 3 3 3 2 3 3 3 3 2 3 3 2 2 2 4 3 3 3 3 3 3 3 3 3 3 2 3 2 3 3 3 2 3 3 3 3 3 3 3 3 3 3 3 3 3 3 3 4 3 4 4 2 2 3 3 3 3 4 2 3 3 3 3 3 2 4 2 2 2 1 3 4 3 3 3 3 3 3 2 3 4 3 3 4 3 3 2 2 3 3 3 2 3 4 3 3 3 3 2 3 2 3 3 1 3 3 3 3 3 3 2 3 2 3 3 2 3 3 3 3 3 3 3 2 4 3 1 3 4 3 3 3 3 3 3 3 4 3 3 3 2 3 3 2 2 3 3 3 3 3 2 3 2 3 3 4 3 3 3 3 3 2 3 3 2 3 3 3 3 3 3 3 3 3 3 3 3 2 3 3 3 3 3 2 3 4 2 3 3 3 4 4 3 3 3 3 3 3 2 3 4 3 3 3 4 3 3 2 2 3 4 3 3 3 4 2 3 3 3 2 3 3 3 3 3 3 3 3 4 4 3 2 2 2 3 3 1 2 3 3 3 3 3 3 3 3 1 4 2 4 2 3 3 2 3 3 3 2 3 3 3 4 3 3 4 3 3 3 2 3 2 3 3 3 3 4 2 3 3 2 4 3 3 3 3 3 4 2 3 3 3 3 2 1 3 3 4 3 3 3 2 2 2 3 2 3 3 3 3 3 3 3 3 3 3 3 2 2 3 4 3 3 3 2 3 2 3 3 2 2 4 3 3 3 3 3 3 3 2 3 3 1 3 3 2 3 2 3 4 3 3 3 2 3 3 3 3 3 2 3 4 3 3 3 3 3 2 3 4 3 3 3 3 3 2 3 3 4 3 3 3 3 2 3 2 3 2 2 3 2 3 1 3 2 3 3 3 4 3 3 3 2 4 3 2 4 3 3 3 2 2 3 3 3 4 3 3 3 3 2 3 3 3 1 2 3 3 3 3 2 3 2 3 1 3 2 3 3 4 3 3 3 3 2 4 3 3 3 3 3 3 3 3 3 3 3 0 3 3 2 4 3 3 2 
Vertex 493: 3 3 2 3 3 2 3 3 3 3 3 3 3 3 2 4 3 3 3 3 3 3 3 3 4 3 3 3 3 3 4 3 3 3 3 2 3 3 3 2 2 3 3 3 3 3 3 2 3 3 3 2 2 3 2 3 3 3 2 3 3 3 3 4 3 3 3 3 4 3 3 2 3 3 3 3 3 3 3 3 3 3 2 3 2 2 1 3 4 2 3 3 3 3 4 3 4 2 3 2 3 3 3 3 2 3 3 2 3 3 2 3 2 2 3 4 3 1 2 3 2 4 2 3 3 3 3 3 3 3 3 3 3 2 3 3 2 2 2 3 3 3 3 3 2 3 2 3 3 3 2 3 3 3 4 3 3 3 3 3 4 2 3 3 3 3 2 3 2 3 3 3 3 4 3 3 2 2 1 3 3 3 4 4 2 4 3 3 1 3 4 3 3 3 2 3 3 3 4 3 2 3 3 3 3 3 3 2 3 3 3 3 2 2 3 3 3 2 3 2 3 4 4 2 1 1 3 3 3 3 3 2 3 3 4 3 3 3 3 3 3 3 3 3 2 3 4 3 4 3 3 2 2 2 3 3 3 3 3 4 4 3 3 3 3 2 3 3 3 3 4 3 3 3 3 4 3 3 3 2 2 3 3 3 3 2 3 3 4 3 1 2 2 3 1 2 3 2 2 3 4 4 3 3 3 2 3 3 3 3 2 3 3 3 3 3 3 4 3 2 3 3 3 3 2 3 2 3 2 3 4 3 4 3 3 3 3 2 3 3 3 3 3 3 4 2 2 3 2 3 4 3 3 3 3 1 3 3 2 2 3 3 2 3 3 2 3 3 3 3 3 3 2 4 3 3 2 3 2 2 3 3 3 3 3 3 3 3 3 2 4 3 3 3 4 3 3 3 2 3 2 3 3 2 3 3 3 3 3 2 3 3 3 3 2 2 3 3 3 3 3 2 3 4 3 3 3 4 2 2 3 3 3 4 2 3 3 3 4 2 2 3 3 3 3 2 2 2 3 3 2 2 3 3 3 3 4 2 3 3 2 3 3 4 3 3 2 3 2 3 3 2 3 4 3 3 3 3 3 3 2 3 3 3 3 3 4 3 3 4 3 2 3 0 3 2 3 3 3 2 
Vertex 494: 3 2 3 3 3 3 3 3 3 3 2 3 3 2 3 3 2 2 3 2 4 2 3 4 4 3 2 3 3 4 3 3 3 3 3 2 3 3 3 3 3 2 3 3 2 3 3 3 2 3 2 3 3 4 3 2 2 3 3 3 3 3 3 3 3 2 3 3 3 2 3 3 3 3 3 3 4 2 3 3 2 3 3 3 2 3 3 3 3 2 2 3 3 4 3 3 3 4 4 3 3 3 3 3 3 2 2 3 3 3 3 3 3 2 3 3 2 3 3 3 3 2 3 3 4 2 3 3 2 3 3 3 3 2 2 3 3 4 3 3 3 2 3 4 4 3 4 4 3 3 1 3 3 3 3 2 1 3 3 3 4 4 3 3 4 1 3 3 4 3 2 3 3 3 3 2 3 3 3 3 2 3 2 3 3 4 3 3 3 4 3 4 3 2 3 3 2 1 3 3 4 2 3 3 4 3 3 2 2 3 3 2 3 3 3 2 3 3 4 2 3 2 4 3 3 4 2 3 3 1 2 3 3 3 3 3 2 1 2 3 4 3 3 3 3 2 1 2 2 2 3 3 3 3 3 3 3 3 3 3 3 3 3 2 2 3 3 3 3 2 3 3 3 3 3 3 2 3 3 3 3 3 2 3 3 2 2 3 3 3 3 3 3 3 3 3 3 3 3 2 3 3 3 3 3 2 3 2 3 2 3 4 3 3 2 2 1 4 3 2 3 3 3 4 2 3 2 3 3 4 3 3 3 3 2 2 3 3 3 3 2 3 4 3 3 2 4 3 3 2 2 2 3 3 3 2 3 2 3 3 2 3 3 3 3 3 3 3 3 3 2 2 4 2 3 3 3 3 3 3 2 4 3 4 3 4 3 3 3 3 3 3 3 3 3 2 3 3 2 2 4 2 3 3 3 4 3 3 4 3 3 3 2 3 3 3 3 3 3 3 4 3 2 3 3 3 3 4 3 3 3 2 2 3 4 4 3 3 3 3 3 4 3 3 3 4 2 3 3 3 3 3 3 1 4 3 3 3 4 3 4 3 2 3 3 3 3 1 3 3 3 3 3 3 3 3 4 4 2 2 3 3 3 3 3 3 3 3 2 4 3 3 3 3 0 2 2 3 2 3 
Vertex 495: 3 3 2 3 3 3 4 3 3 4 2 3 3 3 3 3 2 4 3 2 4 3 3 4 3 3 4 4 3 4 3 3 3 3 4 3 4 4 4 4 3 3 3 4 4 3 3 2 3 3 3 3 3 4 3 4 3 3 3 3 2 3 3 3 3 2 3 3 3 3 3 4 3 3 3 3 4 3 3 3 3 2 3 3 2 4 3 3 3 3 2 3 3 4 3 2 3 3 2 4 3 3 4 3 3 3 3 3 2 3 4 3 2 4 3 3 4 1 3 4 3 3 2 3 4 3 3 3 3 3 4 3 4 4 4 3 3 3 3 3 4 3 3 3 2 2 2 3 2 3 2 3 4 4 2 4 3 3 3 3 4 2 3 3 4 1 3 3 3 3 3 3 3 4 3 3 4 3 3 3 2 3 3 3 3 3 3 3 1 3 3 3 3 3 3 3 3 3 3 4 3 4 3 3 3 3 3 3 3 1 3 3 2 2 3 3 3 2 3 3 3 4 2 3 3 3 3 3 3 3 2 3 3 3 3 3 2 3 3 3 4 4 3 3 2 1 3 3 4 3 4 3 3 3 3 4 2 3 4 3 3 3 3 2 3 3 3 4 3 3 4 3 3 3 3 3 4 3 4 3 3 2 3 3 3 3 3 3 3 4 3 3 2 4 2 4 2 3 3 4 2 3 3 3 3 3 3 4 3 2 1 4 2 3 3 3 3 4 1 2 3 3 3 4 2 2 3 3 3 3 3 3 4 2 2 3 3 3 3 3 2 4 3 3 3 3 3 3 3 4 3 2 3 2 3 3 3 4 3 4 3 3 4 3 3 2 3 3 3 3 3 3 3 3 2 2 3 1 4 3 3 3 3 4 3 3 4 3 2 3 3 2 3 3 2 3 3 4 2 3 3 3 3 3 2 3 4 3 3 3 3 3 3 4 3 2 3 3 3 4 4 2 3 3 3 3 4 3 3 3 2 4 2 3 2 3 3 4 4 2 3 3 3 3 3 2 2 3 4 3 3 3 3 3 4 3 3 2 3 3 4 3 3 4 3 3 3 3 4 3 3 4 3 3 3 3 3 3 3 4 3 3 3 2 3 3 4 3 3 4 3 3 2 2 2 0 2 3 2 2 
Vertex 496: 3 3 1 2 3 2 4 3 3 2 4 4 3 3 3 3 3 4 2 3 4 3 2 3 3 3 4 3 3 4 4 3 4 3 3 4 4 3 3 4 4 3 2 3 3 3 3 3 4 3 3 4 3 3 2 2 3 3 2 3 3 2 3 3 3 3 3 3 3 2 3 3 3 3 3 4 4 2 4 3 4 3 3 3 3 2 3 3 3 3 3 3 2 4 3 4 3 3 3 3 3 3 3 3 3 3 3 3 4 3 3 4 3 3 4 3 4 2 2 4 4 4 3 2 4 1 3 4 3 3 3 4 4 3 3 3 3 3 3 3 4 3 3 3 2 2 2 4 3 2 3 3 3 3 4 3 3 3 3 4 4 3 4 3 3 3 1 3 3 3 2 4 3 4 2 2 4 3 3 3 3 2 4 4 4 3 3 3 3 3 3 3 3 3 3 3 3 3 3 3 3 2 3 3 3 3 3 3 3 3 4 3 3 3 2 3 3 1 4 3 3 3 3 3 3 3 2 3 3 3 3 3 3 3 4 3 4 3 3 2 3 4 3 3 3 3 2 3 3 4 2 3 3 3 4 3 3 3 3 3 3 4 3 3 3 4 3 2 2 3 4 3 3 3 3 3 3 3 3 3 3 2 3 3 3 2 2 4 3 2 3 3 3 3 2 4 3 3 1 4 3 3 4 3 3 3 4 3 3 2 1 3 3 3 2 4 3 3 3 3 3 3 3 3 3 3 2 2 4 3 3 3 3 2 4 3 3 3 2 3 3 3 3 3 3 3 3 3 4 3 4 2 3 2 3 4 3 3 4 3 2 3 3 3 3 3 3 4 2 3 3 3 3 3 3 3 3 3 2 3 3 3 4 4 2 3 3 4 3 3 3 3 3 4 3 2 4 3 4 3 2 3 3 3 3 4 4 3 4 3 3 3 3 2 3 3 3 3 3 4 4 3 3 3 3 3 3 3 4 3 3 4 3 4 2 3 3 4 3 3 3 2 3 3 3 3 3 4 3 1 3 3 4 2 3 3 4 3 2 3 4 3 3 3 3 3 3 3 2 3 3 3 3 3 4 3 3 3 3 4 3 3 2 3 3 3 4 3 4 3 4 4 4 3 2 2 0 4 3 2 
Vertex 497: 3 3 3 3 3 3 4 3 3 4 3 4 3 3 2 3 3 4 3 1 3 3 3 4 3 3 3 2 3 3 3 4 3 3 3 3 4 4 3 3 3 3 4 3 3 3 1 3 3 3 3 3 3 4 4 3 3 2 3 3 2 3 4 3 3 3 3 3 2 2 3 2 4 4 3 4 3 2 4 3 3 3 3 3 3 3 3 3 4 3 2 3 3 3 3 3 3 3 3 2 3 4 4 3 3 3 3 2 3 3 3 3 3 3 2 3 4 3 3 3 3 3 3 2 3 3 4 3 3 3 4 3 4 3 3 3 3 3 3 3 3 2 2 2 3 3 2 3 4 3 3 4 3 3 3 3 3 4 4 3 4 3 3 3 4 3 3 3 3 3 3 3 3 4 3 3 3 3 3 3 4 3 3 3 3 3 3 3 2 3 3 3 3 2 3 3 3 3 3 3 3 3 3 4 3 2 3 2 4 2 4 4 2 3 2 2 2 4 3 3 3 4 3 2 2 2 4 4 3 3 3 1 3 3 3 3 4 2 3 3 3 4 3 3 3 2 3 2 3 2 3 2 3 4 3 3 2 3 3 3 3 3 4 2 3 3 3 2 3 3 3 2 3 3 4 2 3 3 2 3 2 2 4 3 3 2 3 3 2 4 4 3 2 3 3 3 3 3 3 3 3 3 3 3 3 3 3 3 3 3 3 3 1 3 3 2 3 4 2 3 3 3 3 4 3 3 2 3 3 3 3 4 3 3 3 3 2 3 2 3 2 3 3 3 2 4 4 3 3 2 3 3 3 3 3 4 3 4 2 3 3 3 3 2 3 3 3 4 3 3 2 3 1 3 4 2 3 3 3 2 3 3 3 3 3 3 2 4 1 3 4 3 3 3 2 3 3 4 3 3 3 3 3 4 3 2 3 3 3 3 3 3 3 3 3 1 2 3 3 3 2 3 3 3 2 3 3 3 4 2 2 2 3 3 3 2 2 3 3 3 3 3 3 3 2 4 3 3 2 3 3 3 2 3 4 3 4 3 4 3 3 3 3 2 3 2 3 3 3 3 2 3 3 3 3 3 4 3 2 3 3 4 2 3 2 2 3 3 4 3 3 3 3 3 3 3 4 0 3 3 
Vertex 498: 3 2 3 2 1 3 3 3 3 3 2 2 3 3 2 3 1 3 2 3 2 3 2 3 4 3 4 3 3 3 2 3 2 3 3 3 4 2 3 3 2 3 2 3 2 3 3 2 2 3 3 3 2 2 3 2 3 3 1 3 3 2 3 3 3 3 3 4 3 2 3 3 1 3 4 4 3 3 3 3 3 1 3 3 3 3 2 3 3 3 2 4 3 4 3 1 3 3 3 3 2 2 2 3 3 3 3 3 2 3 3 3 2 3 2 3 2 3 3 3 3 2 4 3 4 3 3 4 3 2 3 3 2 2 2 2 3 2 2 3 2 3 3 4 3 3 3 3 3 3 3 3 3 3 4 3 3 3 2 3 3 3 3 3 3 1 3 3 2 2 3 2 2 3 2 3 3 2 3 3 2 2 3 3 3 3 3 3 3 4 4 3 2 3 3 2 3 2 3 3 3 3 3 3 3 3 3 2 3 2 3 3 3 3 3 3 2 3 3 2 2 4 4 3 2 3 3 2 3 3 2 3 3 4 2 3 1 3 2 3 3 3 3 3 2 2 3 3 2 3 4 2 3 3 3 3 3 4 3 3 3 3 3 2 2 1 3 3 3 2 2 3 3 3 3 3 2 2 3 2 1 3 3 3 3 2 3 3 3 3 3 3 3 3 3 3 3 2 2 3 3 3 4 3 2 3 3 2 3 3 3 3 2 3 3 3 3 3 3 2 2 3 3 3 3 4 3 3 3 3 3 2 3 3 3 3 3 2 3 3 3 3 3 1 2 1 2 2 3 3 2 3 3 3 3 2 2 3 3 3 4 3 3 4 3 4 2 3 3 3 3 3 3 3 3 3 3 3 3 3 3 3 3 3 3 3 3 3 3 3 1 3 3 3 3 3 4 4 2 3 3 3 2 3 3 4 3 3 2 3 3 3 3 2 3 3 2 3 4 3 3 2 2 3 3 3 3 3 3 3 2 3 2 3 3 3 2 4 4 3 3 3 3 3 2 3 2 3 3 3 2 3 3 3 2 3 3 3 2 2 3 2 3 3 3 2 2 3 3 3 3 3 2 1 3 3 3 3 3 3 3 2 2 2 3 2 3 3 4 3 4 3 3 3 2 2 3 3 0 2 
Vertex 499: 3 2 3 2 1 2 3 2 3 3 3 4 3 3 2 2 1 3 3 3 3 3 2 3 3 2 3 3 3 3 2 1 3 2 3 3 3 2 3 2 2 3 3 3 3 3 3 2 2 3 4 3 3 2 2 3 3 2 2 3 3 2 3 3 3 3 3 3 3 3 2 2 2 3 3 4 3 3 2 2 3 3 3 3 2 2 3 3 3 3 3 3 3 2 3 2 2 1 3 3 3 3 3 1 2 3 3 2 3 1 2 3 3 3 2 2 4 2 4 2 3 3 2 2 3 3 2 3 3 2 3 2 3 2 3 3 3 2 2 2 3 3 2 3 3 2 3 3 2 3 3 3 2 2 4 3 3 2 3 2 4 3 3 3 3 2 3 3 1 2 1 3 3 4 3 3 3 2 3 3 3 3 2 3 3 3 3 1 3 3 3 3 1 2 3 3 2 2 3 2 2 3 2 1 3 3 3 3 3 3 2 3 3 3 3 3 1 2 3 3 3 4 3 2 1 2 4 3 2 3 3 3 3 3 3 3 3 3 3 3 2 2 3 3 2 3 3 3 2 3 4 3 2 3 2 3 3 2 2 3 3 3 3 3 3 3 2 2 1 2 3 2 3 3 3 2 3 2 2 2 2 3 3 2 3 3 2 3 3 2 3 2 3 2 3 4 2 2 2 3 3 3 2 3 3 2 2 2 3 3 3 2 3 2 2 3 3 3 3 3 3 3 3 3 3 4 2 3 3 2 3 3 4 2 2 3 2 2 1 3 2 3 3 3 3 3 2 3 2 3 2 2 3 2 3 3 3 3 3 2 3 4 3 3 3 2 2 3 3 3 3 3 2 3 2 2 3 1 3 3 2 3 3 3 3 1 3 3 2 3 3 3 3 3 3 2 3 3 3 3 3 3 2 3 2 3 3 2 3 2 3 4 3 3 2 2 2 3 3 3 3 2 3 3 3 3 2 2 3 3 2 3 2 3 3 3 2 3 3 3 3 3 2 3 3 1 2 3 2 1 2 3 3 3 3 3 3 3 2 2 3 2 3 3 3 2 3 3 2 3 3 3 2 3 3 3 3 3 2 3 2 2 2 3 2 3 3 3 3 3 3 2 2 2 3 2 2 3 2 0 
